port_capacity_teu,containers_in_yard,vessel_arrivals_24h,avg_container_volume_per_vessel,berth_utilization,truck_arrivals_24h,truck_queue_minutes,avg_handling_time_hours,customs_clearance_hours,weather_severity,crane_utilization,historical_delay_rate,rail_utilization,congestion_risk,shipment_delayed
23795,22309,14,1480,0.46686216389574353,865,273,16.786580716048515,34.39318587421403,0.43964791712316587,0.9389684857783449,0.06696574534509141,0.8968148473605895,1,1
8860,24427,18,1989,0.7446162163655976,4460,255,7.835199185520793,15.48932038075604,0.21405738800273955,0.400581981056751,0.7424174845105855,0.5894470194432423,1,1
13390,20358,17,1438,0.4996629562147057,6109,110,13.100688361467908,41.13103968226108,0.6075712462054865,0.702973577417597,0.35418915671706475,0.45912940294911364,1,1
29575,28901,4,3371,0.40114566998182827,2872,265,17.35664600702856,22.282199269340392,0.8842092025118957,0.6727131327027861,0.6065493106914936,0.5792297182921563,1,1
19964,26576,3,3227,0.3503546781345625,5591,357,4.014172046354975,47.92393120955959,0.595460124162075,0.38669424654240664,0.10040367685488567,0.1048548202032589,1,1
19284,12175,12,3092,0.7393244168960429,1018,18,15.734708214862545,1.0187855516982718,0.4466683074773813,0.4061659011323588,0.7412059360616307,0.8605348732571827,1,1
14265,28464,10,314,0.5817752214273515,5491,84,8.441650161487777,6.146016295672163,0.796868766224904,0.5944591571059229,0.027047063873723777,0.5524661698958533,1,1
24850,19260,4,2715,0.8314790212310118,6443,164,13.584959302834056,15.184282417960997,0.7480386228745287,0.4358631803806598,0.03370972858364496,0.48390306527456617,1,1
12426,5672,19,2985,0.5901128949203855,4210,182,6.343382589161881,2.198857103824518,0.36705812153069617,0.6559660188466278,0.043668624170418724,0.9003616484735366,1,1
29962,10279,21,3200,0.6610422068724651,6720,159,7.010739601389026,37.76995451369778,0.6041534706653618,0.7396888866605947,0.08272652877078608,0.7208468718111567,1,1
22423,26915,16,1536,0.6105343826018463,6877,39,1.947698210323091,3.4802740299504995,0.7298428603179912,0.7924938780819051,0.38946531510872895,0.38680771403594627,1,1
19363,28902,15,4400,0.7663678663099815,1329,263,17.528168527254834,36.20204276480988,0.24546325801944102,0.6997408421892892,0.6306211536919748,0.8957338592384031,1,1
24023,11662,3,3520,0.5779290636895796,3133,264,14.921967491307942,3.4707175631088223,0.36627387908418985,0.5929824101717199,0.22795826516506487,0.8241979812445175,1,1
16322,4987,18,1907,0.9668112959630777,770,139,3.049646305782638,12.878181438693144,0.10577607054997051,0.43304552102696675,0.5966214573548765,0.911353669913221,1,1
9685,19474,23,3863,0.9491340714230593,3486,135,17.991895128452278,40.540010335950896,0.9876802783068334,0.5083906654765296,0.6192487798148186,0.18179034679960582,1,1
8769,28105,9,3597,0.89273785770066,4038,85,11.482905853848534,45.70147882917304,0.08587765042313578,0.6184298732901463,0.7266218638814057,0.9119921559790768,1,1
10433,15948,11,2933,0.9389921731665588,5064,63,15.58652252641232,20.482738105044074,0.16860612512357742,0.9414332693774723,0.1194815361182144,0.561450413040822,1,1
13311,23443,19,4190,0.6374494006140102,5314,78,2.599902594084838,46.58713132268991,0.4798319496641398,0.4796643719644128,0.10842760722747435,0.6713828176535023,1,1
13051,16026,20,3108,0.6933154539452749,1507,243,7.925944445116741,30.4634034166515,0.8652718335445393,0.6145403077968994,0.09767604442729434,0.2804030647312653,1,1
14420,5773,9,1091,0.8249392592372764,2817,133,12.549243518009563,20.544250754347775,0.35588202294795945,0.8186776687193946,0.2874484872432989,0.2193412665441679,1,1
25568,16159,9,1299,0.7955333919606663,1104,319,3.2561563585450752,38.7316631664921,0.7685961475313459,0.8013301452812125,0.3915301313535838,0.1674793729396012,1,1
28939,12878,4,451,0.9200343011875013,4973,142,9.56689683779101,14.880440446589455,0.6760340733162361,0.9679792604633236,0.3692874840124935,0.4589661283230142,1,1
27769,27767,4,3363,0.8084518574442849,676,107,8.804184929978335,13.492424283930264,0.6386640771596789,0.47217682987499154,0.20563898511983567,0.2881470491820307,1,1
14396,13178,13,2391,0.9886462132662147,2821,13,5.064663703814066,31.85774081482049,0.8450172509668401,0.36057255142397554,0.4975837003707998,0.1693794723947165,1,1
16666,26793,23,4382,0.5730437118922183,2214,236,6.454452291554737,19.352906012500462,0.014170289628625654,0.5562868870318097,0.27061890456043525,0.9118062665393877,1,1
26942,13377,18,4326,0.8831185550332274,1136,103,17.45745284916721,7.388147266414039,0.9291530385603917,0.4458032719889382,0.2928663904636159,0.7233826417604068,1,1
26431,23824,5,3277,0.7964862866129051,6670,222,6.262700019163944,4.147319058625714,0.8292261803362931,0.7010201935254439,0.08442405024207417,0.5401763319703373,1,1
10747,10347,18,1142,0.7924873249376119,3123,241,5.021531210478782,38.02860108367843,0.9378672196518272,0.9252185953601495,0.4737850680728605,0.7318453603863833,1,1
8189,4008,15,4093,0.5585347807007993,4655,226,10.347451322627501,32.7678043947102,0.7935878838566871,0.7904651731024275,0.524224300182633,0.6197394464529601,1,1
27118,6783,20,2370,0.8527851471507344,3278,172,12.570807562159915,20.354516556510355,0.8785914074542724,0.4369112680640799,0.6063601763692739,0.2513277047982415,1,1
11005,26030,10,1959,0.9262406543024635,4252,66,13.46403633264782,43.122698853039665,0.20307804819947917,0.42429761561311197,0.7232073705017417,0.6384209774175253,1,1
29042,7298,22,897,0.48987101537316025,1160,322,13.945078544199117,20.31026736480218,0.31922906687705055,0.9333278804962734,0.612803564525613,0.6788604285340071,1,1
9899,7668,13,2813,0.7503179757546906,4865,14,2.107736109993426,34.38388715887302,0.31522101347073095,0.6620701119311362,0.1885949329200548,0.3018502132838914,1,1
9267,23671,6,4435,0.6009662906257761,3687,238,7.997046606262794,43.728417934742765,0.10916674587805675,0.9411507148731503,0.18852412757149584,0.37212295018713915,1,1
25912,5052,12,3903,0.9833107963487213,4840,91,14.270308316420987,40.51362655929684,0.7295792552845908,0.8211793379475305,0.7320697564495176,0.4258055607954556,1,1
19394,25393,21,1516,0.6564530021322762,5255,271,16.430059679702136,25.02192448796021,0.13617089268707283,0.9857430148066566,0.6321068555321383,0.612164643728202,1,1
11556,4716,4,2591,0.4961249112300433,584,208,11.436302034990923,32.98991044499644,0.05250916607906064,0.907585755303023,0.625797144248724,0.20778678474791243,1,1
11890,3310,22,4111,0.5943888801419728,4170,322,2.3630630829098136,20.442291506186343,0.7754468700550639,0.6150958030475553,0.5757709280884288,0.7319564049792205,1,1
16838,17391,16,1231,0.7684565694826408,1406,337,8.044655796609664,31.418267097823357,0.9046631697319293,0.8352658096330179,0.21376159300302505,0.39412063014885945,1,1
22502,23922,15,2438,0.3986971976637288,4021,245,2.724747411829502,13.104964602233606,0.7641233479651333,0.6515860270847648,0.6779282739256365,0.6880067267389003,1,1
29777,4260,12,4302,0.7363052289415921,2375,60,13.850874734295646,21.432879347169006,0.8253522128319764,0.4991662675834333,0.11430774246410086,0.8929542843760043,1,1
18627,16157,21,3278,0.9459838458744947,4458,114,2.5478402431474763,10.848649667286434,0.5956216778307712,0.50425872560407,0.2800140874383228,0.839393449744687,1,1
16792,23316,9,4192,0.8942321841010242,2636,53,4.564562601130424,2.794692775938757,0.8877463379147531,0.6042861724555606,0.27717963194914363,0.7269439600596473,1,1
18555,14460,5,3218,0.39331106346110933,3096,247,8.379813995418775,28.661372977042497,0.4967034823578551,0.4213383846477922,0.4481057133664278,0.26432793610355276,1,1
18253,19968,13,2864,0.9857695223930036,1353,20,9.133698057395389,41.628179231487486,0.9883226184874649,0.46377042232873206,0.37075484479646204,0.7222632132891822,1,1
16433,27000,9,2063,0.7971852311704826,1006,77,8.206948055197703,2.202178907290001,0.1034150427694489,0.6703895575808634,0.3678465064798965,0.6404209950711257,1,1
18233,27935,7,2470,0.45385972756097515,907,206,9.146044668999,10.213397814276908,0.8091807067013839,0.9605103855115559,0.44285794502367337,0.7566647991352764,1,1
19016,17011,16,635,0.357946297068431,5890,97,13.268446008333298,22.62869778570974,0.6413894160112753,0.7197192588910241,0.33233476392970307,0.8384918327126399,1,1
10612,5866,13,1476,0.45962088722697686,1023,141,7.592935578766435,32.2971503915859,0.5806460682211951,0.6114379194803343,0.19998658505418848,0.3647538469330599,1,1
29870,17365,17,3321,0.8864325892388727,6113,37,10.537882575985217,9.047772102484663,0.7258105308611214,0.5053282047163531,0.5312965742138699,0.6476584615571542,1,1
23787,8898,17,1078,0.3638491679649048,3550,92,6.505592749224082,3.664656961619341,0.8402915307988488,0.47537683501212197,0.632506703070722,0.3338674574664666,1,1
25159,21395,22,1485,0.4992142743155754,2897,207,7.334853668992963,25.395289733163793,0.8628840668405099,0.7713804988024932,0.38319670307567155,0.3943421983511398,1,1
20206,9251,21,3585,0.8346755810143203,3399,43,11.627682824194334,39.47935651369351,0.17538096294398497,0.8929282031498615,0.5195865493716058,0.5425478626169971,1,1
16226,7939,21,3747,0.7251107429748065,827,118,9.59316175201083,2.6560407377002506,0.19703592975296924,0.6052677929210646,0.4282906254584289,0.46903888297232255,1,1
22541,7006,5,4291,0.8509508546305228,2335,337,13.430098865178138,17.420364166874215,0.016166509513597105,0.7024217896789009,0.04719715082968197,0.610536012099782,1,1
11152,4625,12,2770,0.8275363224491443,1809,251,10.74888670285387,32.185192911286755,0.13184245779227277,0.802305127199385,0.33846772925130897,0.7449472498218991,1,1
9585,13956,14,1238,0.382384887757955,5218,347,14.758972408833902,7.144874286815949,0.2638824928499246,0.3873091680355685,0.007881999617389824,0.6142670209137577,1,1
11943,20274,10,4306,0.921207308220257,3035,212,8.816235514412824,12.089498513959569,0.7210358225502829,0.5745741103591574,0.5295034225318064,0.9243304204064035,1,1
27457,9078,5,2235,0.49530037394065196,6450,316,9.602054727802225,26.168154257954505,0.4757675090025101,0.8170418494477497,0.4065291759076812,0.7274020077522603,1,1
9021,26420,13,933,0.7041711617470487,2541,301,12.554527256865503,45.801889729118244,0.7579035355840174,0.788156176972334,0.10146522814375754,0.9372600524926838,1,1
19653,11923,10,1553,0.7623444201777785,6479,215,5.150525082798806,14.505103057456536,0.4865358478198907,0.38414254362629846,0.43375322566307056,0.7319246154459734,1,1
18805,6961,14,1382,0.45792205496646105,3034,359,7.867837359365804,23.913788797373385,0.5555974529099683,0.5022038389589791,0.7187408024223916,0.5317310414119037,1,1
21417,21888,17,2443,0.9747880042886237,2692,63,11.80988052619318,19.796750564027658,0.11106658659358248,0.7851726172448008,0.27239261182209457,0.44935489862964617,1,1
28227,11806,7,1585,0.6624198118958777,1255,160,1.9764584428846503,43.17764358541376,0.7765582846760325,0.5237062671077789,0.7858950129863732,0.7253113316160974,1,1
15989,23190,11,653,0.38689132518233177,645,126,8.710028654960038,4.378823609462435,0.7581265321995548,0.871222588119928,0.767503925393734,0.6840557319642997,1,1
17692,25484,14,2185,0.9498477086578179,5616,124,11.381023949050928,27.60893679301592,0.3075615916806196,0.368883109887462,0.6282478739651909,0.6684499981369869,1,1
20990,21103,8,2118,0.7252114196436916,4322,301,17.461696277640264,40.76762586192737,0.32857807780040194,0.4718220987478048,0.6510399822551644,0.7135162675922653,1,1
14873,16558,20,2820,0.7974836467080808,4074,326,15.970773266691575,47.44152612194181,0.21968145057313548,0.5300403072323572,0.3284362881598739,0.8413462962596799,1,1
13675,9686,20,4308,0.6861125055579034,2127,66,6.13224222355386,33.840098383524946,0.8138396760361527,0.9421854942784565,0.3220328762376721,0.2935962614096395,1,1
8161,4587,18,3322,0.8842322910572592,5423,162,9.868966716477258,18.856967356326653,0.7470068019617804,0.859644132077226,0.7635178866135942,0.58016051956034,1,1
12297,26384,14,2884,0.37120541580365496,2358,44,2.4308371488915066,20.355744569095364,0.6091477381842527,0.9158528553787633,0.29295699964291366,0.6128060094832121,1,1
8995,12803,14,1847,0.5217621537773746,5222,246,5.472447844493818,17.529064327909904,0.23882210312969743,0.6319066541934639,0.07749831125843461,0.3489283121342892,1,1
19534,20280,22,4318,0.650574948097723,4098,44,14.285121823123488,29.36981569092681,0.17185333261374425,0.8764397384169087,0.12216087055301204,0.939757172549739,1,1
15629,24942,3,1668,0.3990263144407744,5891,194,3.5346812025431853,35.752071223757795,0.050268851174613105,0.8962358859819191,0.5683191721543377,0.7677072288942868,1,1
9016,27853,11,3637,0.8017802683690612,1129,238,5.751893659760284,39.51497548867975,0.04561148177851948,0.6059723672799997,0.3063847480717155,0.3730761871295778,1,1
16529,24031,23,2057,0.60194458499561,3666,19,17.076701278640833,20.579876155109076,0.187136139808327,0.9864555825563217,0.15947427176975415,0.4046692023178705,1,1
25262,13350,14,1817,0.5245075137716122,4018,128,15.093620708125556,34.685299606174844,0.10053253232322212,0.8947927226981564,0.6510289029464511,0.7105194265141077,1,1
17268,21816,10,3784,0.3521624619573838,4852,232,14.400157258707049,44.06246182539949,0.556107672922443,0.9734220599966648,0.39093879253863384,0.10976940826934126,1,1
29271,23288,2,3985,0.8106913995199704,4414,284,15.765198589985587,44.27876533918315,0.358090127794477,0.9045581495329059,0.45411296381582744,0.49443428702330616,1,1
20185,14454,15,3352,0.8836379576786315,6730,52,13.86849382860884,34.0893631275882,0.4449457821681463,0.8467703297635891,0.12315948372008512,0.3916443262868924,1,1
29243,18849,17,2996,0.602825942836159,1404,193,3.4896725659508765,30.934403062189197,0.5940671835871898,0.9540600790173093,0.1542033611327514,0.8259025227764164,1,1
14331,9837,21,490,0.7110995053013539,6055,308,10.023261887006317,25.981725549675318,0.6591017453535136,0.6186843165341376,0.10068482957904462,0.7726006738815844,1,1
16571,4449,16,1232,0.495719440594943,3117,51,8.830024693238313,9.610290404560043,0.648201719882578,0.8513333974379921,0.41163423938754495,0.38228238771241396,1,1
15208,23884,2,3538,0.7482064936192852,3289,188,6.634001041461271,6.810593672454668,0.26085658682083246,0.4862503717863101,0.6205256093818035,0.8350774308739525,1,1
13276,8454,18,2515,0.3577679733217283,607,109,15.26166676037349,23.828417319100872,0.8096270202961027,0.8189880670214893,0.5858281951051795,0.8765600051573992,1,1
26446,12424,14,865,0.6627320941432053,1542,251,9.158296839174856,8.493875341750588,0.9177096699192299,0.8526261011535314,0.20898465641776953,0.5695900217641218,1,1
24448,7117,16,1434,0.762291508378043,1888,268,2.49491042239957,28.118996506458792,0.31593834722319525,0.8085756223254974,0.68124015032451,0.235351452259362,1,1
24216,11869,17,1043,0.9376427348670298,2176,210,6.036932131384426,31.348028324157255,0.01706541656606797,0.8938803618285835,0.08452867851233076,0.7547788704210278,1,1
16006,13850,17,972,0.5940549229582619,5998,22,5.272247457485844,25.703933083441914,0.899154186648505,0.6145346859837476,0.091239976066489,0.37144260402354135,1,1
10568,21412,3,3211,0.839721729907859,4755,255,16.14340159938618,2.712055488092841,0.9235487329534761,0.6986516045283145,0.6794434260833466,0.5481891815338318,1,1
29847,17343,18,830,0.7325196991638405,4695,242,12.182728660543498,3.713214063709612,0.050946440413033534,0.3568271428449734,0.19553564894071754,0.1387503648483479,1,1
10027,9845,12,3321,0.9432877522720515,764,344,10.746208387054239,6.327035680029817,0.004956591859212267,0.44347402432385535,0.566492675712076,0.5250768592245447,1,1
10695,23142,9,861,0.6049617124220356,4321,325,9.859712487698634,8.221352834451935,0.8164047829927422,0.7622841124018058,0.007263673537340765,0.4232248532543281,1,1
23422,25288,21,601,0.5542210175187123,3297,306,12.22686495443418,47.52448284715866,0.30146335448310657,0.7098830077728289,0.07488087089532246,0.6831554992546792,1,1
13258,7624,4,4067,0.917770879164252,3620,70,13.955446521822559,17.191265792566757,0.9145821672959885,0.4762928086664986,0.4874309669778265,0.13466612796269226,1,1
14736,11848,13,809,0.381516416901305,1176,340,10.647347646219913,14.72274856114045,0.21674357326954663,0.5058174682625802,0.14593276390232363,0.6312036513155546,1,1
8391,19549,21,3745,0.43728665147755313,5394,154,16.981709350018072,3.456531876218766,0.8611546161265871,0.5702126092310131,0.022570949050209777,0.7561626625379563,1,1
21986,16136,17,2503,0.4027388381337884,3986,197,17.617763815731344,30.860058362223036,0.06864426972503668,0.8085054162838459,0.3735574053466585,0.11086142463878422,1,1
20666,23975,15,3134,0.8895903722088977,5678,151,17.92314822404558,31.652966901170192,0.26063684731397363,0.7402186257045126,0.264416399422815,0.7374688429712085,1,1
13892,3589,17,1094,0.3567887509570044,6826,187,12.544953316462637,9.246088410197238,0.9731288791456411,0.3945256090721855,0.6418055424665153,0.21067342318388055,1,1
11561,23908,22,2779,0.9014605795181108,3206,110,16.888237701471994,44.20435242345681,0.23119665433128234,0.8363610553679108,0.6550631928826434,0.693347698152017,1,1
14184,22205,18,1823,0.6388113890376108,6066,240,8.173914972581253,38.62319668997098,0.13301298407504114,0.5181021203340989,0.491538496967359,0.48698491991935144,1,1
27483,9509,12,2494,0.35257617846654127,4469,130,15.683274455581858,11.825007889952879,0.8570546524729953,0.7799261941788289,0.23442699707716202,0.5691926103650019,0,0
16392,10693,18,2828,0.6070529134157068,5920,183,16.501375929204734,23.834937353077258,0.11780079176147906,0.4289522205833923,0.36930132100996044,0.3867451628661909,1,1
21067,12454,20,734,0.46955253826882276,1107,17,16.418317793482547,22.544370241345945,0.09745610857950349,0.9886696171002676,0.5618048216836876,0.3086464453783051,1,1
23265,19455,23,2338,0.7496163119821844,6174,235,15.208963667988296,17.380460884089075,0.3234251341895358,0.401414509240137,0.05544684252424137,0.16039025434874682,1,1
27488,14708,2,2006,0.7847896255498538,3925,32,8.208886167080632,39.42883150280382,0.6353285065969595,0.8247097781766368,0.2659976706625001,0.8349864893590255,1,1
10454,15942,13,368,0.6620176450591999,6388,327,4.121973452682116,6.1354308241940965,0.7107463737786957,0.6964514299219811,0.6578957607273375,0.6188648332903296,1,1
19837,22964,16,2204,0.37593249628138875,5832,265,7.010279879683357,20.519769271906256,0.8812387838273957,0.4050010824218485,0.32482283379761423,0.9353792854227798,1,1
22039,27346,19,4259,0.7699224347950092,2894,104,14.160261393418534,21.1174631358132,0.5409115259591061,0.3671586928324835,0.49973440905237276,0.8228841153441789,1,1
27115,19652,24,3251,0.8889048215075336,3359,192,5.342610936944592,23.030103416866446,0.3934177867609754,0.5821060592106744,0.07706749530821631,0.8391882771362761,1,1
18965,12968,15,3013,0.811007537488897,5396,341,9.391489069628545,41.48344958163555,0.35883376183446514,0.863423316484572,0.6216367801472418,0.6081722285802721,1,1
17762,5462,2,3669,0.8811730681314038,1660,304,10.829092046747089,11.253842899470559,0.8469027284774739,0.37633679378009116,0.08037239194979354,0.16880129879613798,1,1
13056,12460,14,4027,0.47832609507256796,5649,123,11.463666280224942,5.83738915507682,0.7238153094826655,0.8008151445299546,0.6892202036022057,0.8763868227559948,1,1
22948,4015,16,2704,0.9188882813801489,6789,50,16.939471548250175,30.036997752592075,0.9054290137251393,0.7694408168091127,0.08528083591175051,0.2002032990268512,1,1
16110,12275,8,3625,0.5562038084146962,2347,72,12.41463483683624,9.170220323968216,0.9640354557316141,0.519944113134571,0.7127142105357414,0.5395741079547837,1,1
21773,16269,16,3846,0.35857908112127423,4557,309,14.473930465275487,4.521808035167128,0.30005083608380745,0.3995949028703297,0.2910158993817188,0.8283273773948974,1,1
28224,27368,21,2603,0.8897706536506053,1991,175,11.10099274021195,21.052513366839513,0.5296741187008395,0.9358060547545997,0.499624585419447,0.5015468121748228,1,1
25412,3406,11,3981,0.952765612137425,2521,200,15.254075261222393,11.323382250332624,0.6318208073648329,0.5422238737515033,0.6772404413107662,0.24081980103394557,1,1
8502,10384,15,3521,0.7695572463471032,5098,337,5.850449615651087,17.97718108679523,0.16384894677645756,0.4212852683435271,0.00819313679245326,0.41721732140087386,1,1
14910,25433,7,1382,0.49811944349659176,3515,24,4.962981582535022,13.206420764815501,0.053347033924984744,0.7861709301509863,0.2125545291250437,0.9401292561783998,1,1
20685,25553,15,745,0.5111164571408194,5810,115,16.7842808045065,5.35391374800054,0.8677639141153135,0.4886759864266419,0.7266706570340206,0.9497953085175563,1,1
28872,27366,23,1892,0.6486194389987965,5066,150,12.942434459896743,27.336318537437474,0.5355235107553732,0.654403683560083,0.31054084846784963,0.7042097415405811,1,1
8206,14268,13,3075,0.9246118909449085,3237,196,12.58017202146065,2.269865647855827,0.5707742163600392,0.3822595483110611,0.5651007406380997,0.8547934629512871,1,1
29518,20369,12,4116,0.4457424999344374,5964,233,9.210371437369425,46.41964135573678,0.5549143454279548,0.9855097273011871,0.11200964492280195,0.13757571893989362,1,1
25868,14795,21,3353,0.8786231485334316,2548,16,7.715504778342924,17.042534521543413,0.7549607048326904,0.6364775211363152,0.5426972811290103,0.33457583873511754,1,1
23934,7485,23,1890,0.5364337975712962,4705,221,10.66890470889754,33.672402993020775,0.14550194468204325,0.9894303880381019,0.05852879642083462,0.4136156169677573,1,1
25247,11901,20,2531,0.8674951484346226,6469,83,3.489344765457507,39.08705500973014,0.6140484407715326,0.5968319212378024,0.5738601118117337,0.1101980003479546,1,1
27174,5618,3,1861,0.9389735664649848,4454,40,9.002757257871277,14.117925390359092,0.4694795115776301,0.5726256358030204,0.259043963509423,0.42041732225740636,1,1
16755,25673,23,3946,0.623596078076365,1393,268,9.013567123680435,36.19071932817321,0.8969581595077243,0.935326290090927,0.37267812476261314,0.1790768473004902,1,1
29500,12603,21,3538,0.5836324186275397,6365,32,10.382552463580376,40.12378020496135,0.5196209378963254,0.5608581464604724,0.13300814477364462,0.5397979067132658,1,1
20383,9928,2,1900,0.8634216441416331,1587,90,11.972312637058838,12.341909989145835,0.9429349740741656,0.6264835502824133,0.5022792141873684,0.10375641256409054,1,1
26141,8368,9,2356,0.6888690447228121,5351,192,17.295753038758477,47.64724981411542,0.35325299417990663,0.3999906794970608,0.2700541030247789,0.32988240528207885,1,1
22820,7621,15,1009,0.788047391016446,4648,309,12.260790597013989,1.9723680935781998,0.9668947063899905,0.9614959283427045,0.30670000483948523,0.8363408922390797,1,1
15574,17719,10,3271,0.7486107116551549,2809,258,16.081465007231287,11.199022571070431,0.8751579480917677,0.4044967941445774,0.521754339963309,0.28109934583222485,1,1
14374,14126,3,3032,0.44784886121266965,4100,84,10.679013714241202,37.660975545018665,0.5842632897353547,0.8435583574626074,0.14308932897804053,0.15511691520160595,1,1
9678,10566,24,1093,0.8906658305853195,5921,190,11.844310063353582,10.124158177620384,0.35370993331902456,0.6947138520391533,0.6816071148577949,0.3122711667820367,1,1
27626,15306,6,3399,0.47529607130440715,6624,9,2.6523097263078985,33.8182135753917,0.3759233574525599,0.3892992921904222,0.5914291244609766,0.8034249001029637,1,1
29020,24054,24,3155,0.9466605722052998,6587,50,3.698851427592857,41.20992903419647,0.7727520864582916,0.3510904499462759,0.4621840025105301,0.5991092589703516,1,1
9059,27042,9,326,0.5103656265101746,3433,358,11.064562180759403,46.08307081381023,0.5806313511690445,0.9487543286573628,0.102666453665959,0.5981632139369096,1,1
24198,18086,17,3567,0.8196838228951948,2781,106,8.029262354307482,23.289633223812668,0.40158758546932094,0.8249909787107481,0.5496877555201968,0.10048790991737683,1,1
17914,20387,23,384,0.5321794518358989,572,6,14.68037357778078,46.64212878015952,0.6360549614121643,0.7893191958652255,0.014479497671620845,0.5013285317942694,1,1
27541,26888,17,3401,0.5533826614955929,1880,221,10.462434935423904,20.346247944038893,0.7332333979009443,0.6306761795835021,0.6435166412271551,0.3257753337460506,1,1
18817,21850,14,1422,0.5484011857806754,5546,29,16.057802142697074,11.25201786469613,0.022900512558465924,0.5027128234950256,0.24303815744487356,0.3857776603839357,1,1
18921,21323,21,311,0.8286510425766933,6222,261,17.543472694627805,25.154327094982087,0.0898628011175101,0.7851123678275673,0.09376924042427702,0.6088836420179031,1,1
17789,21019,16,2048,0.7063616755004116,983,227,3.9359805545045026,31.541692482640155,0.09448544040707918,0.7393126839149435,0.13159116324495743,0.8431888088565516,1,1
24312,12890,2,3409,0.9150895717423981,1529,328,8.014657902317838,22.52427585434736,0.23193380526333474,0.8148590047029353,0.7705075188067205,0.25440836996219596,1,1
19252,11095,23,2176,0.5467185402905888,4281,73,12.472186916427509,27.647704866439206,0.42699043922731394,0.5841072118401677,0.6190643342806647,0.752988720118265,1,1
10693,25649,4,2919,0.7928752141163163,5472,201,6.54056446410577,20.571231823177865,0.8036498992925545,0.9816312067284418,0.19029757866912017,0.14156685082267179,1,1
21931,15719,7,479,0.8318871037843909,4279,276,5.90603357240467,25.66381183899874,0.3510990349995574,0.392885539474261,0.7707729947703557,0.37771979102571807,1,1
11627,13283,23,1096,0.4469485523391732,6601,186,14.926686250375806,45.771996581488395,0.017477788380604764,0.40100903490317696,0.11209413653003485,0.2860757862278737,1,1
24157,21279,15,4113,0.6063771886846792,2331,22,17.676244739469258,24.492064169207605,0.48336185295172895,0.9368005424515936,0.5868217695211531,0.8782463861220119,1,1
18173,17231,5,2324,0.6590031963842631,5454,111,14.267754965583443,12.899442742035232,0.9966285954246219,0.7645321183481879,0.5253917014818775,0.25129822041097205,1,1
29834,25908,19,3517,0.5776399295323995,2520,21,10.140664276267874,36.66109121109082,0.34902099565491906,0.5588538036365468,0.6571814179084614,0.5918371304113598,1,1
26047,17698,16,1186,0.5561520614202484,6453,129,8.801435327097693,16.866469515732817,0.9612545187673148,0.8376497649284007,0.3053589765385647,0.2400656908919539,1,1
18230,20457,10,2768,0.7893087321584908,6780,86,10.404187388751021,39.36173702860536,0.10134513113642263,0.6397749682259455,0.3214683666486211,0.502461157985178,1,1
23707,8184,19,3687,0.48815449450207266,1278,8,9.136855086097642,3.671573482242602,0.1730996579053048,0.36351776563694854,0.49965361475423187,0.45138991616031876,0,0
29976,5402,4,1819,0.8040100769607224,3975,119,9.797652936963523,16.612364924108494,0.7241220701457083,0.7667063484287726,0.31856460557217736,0.13515361339877063,1,1
19494,7895,11,2732,0.9484282856900675,5223,355,4.856975333732256,5.4349156882500544,0.5012124489707063,0.5055916397385747,0.033080714161769456,0.8019874546455134,1,1
9306,26715,18,1216,0.7117264135537607,3777,355,16.411742163603904,5.009937739554078,0.7651218034658861,0.42381447463044336,0.5837664254493924,0.7630958078491471,1,1
14776,14404,8,2370,0.7413179115132633,909,141,13.949827525133925,31.94430928110455,0.86355834502889,0.4941748367996187,0.5127568504441017,0.3361796162576344,1,1
17474,18161,16,4276,0.394116929359417,1559,291,12.736127474438131,19.11073566361955,0.2510848760610346,0.654741043922719,0.3389702502047849,0.6218958663615601,1,1
15526,12343,2,2081,0.9032652183154101,6873,232,17.173762021078808,41.95951027330029,0.6828291704397419,0.3819081160212737,0.24226364870409559,0.40826914374866163,1,1
29959,13637,12,638,0.5326865838079139,2809,20,6.192506476561827,25.27104148005587,0.6076012366337561,0.9152175275389105,0.25658067066189466,0.7538430717879615,1,1
13530,4956,18,1816,0.7436327459382814,5750,302,2.8391302797446345,14.881131395097288,0.8615350291921311,0.7083475306043916,0.5928228989694373,0.6886117878404289,1,1
28797,10023,6,3170,0.9766317886366734,2100,216,15.131287895862974,34.88177773422316,0.4301039006098827,0.537517555273866,0.5833287031836342,0.1768969339519676,1,1
11748,17062,8,3882,0.731121664366597,5487,250,17.973879900212705,30.328789204527883,0.05187043071066,0.7896831027767571,0.6551347362730001,0.8175599405643835,1,1
21545,17333,20,1214,0.8138140719772016,5043,290,11.04413522733329,38.58094717897256,0.574186127272512,0.8647113580671624,0.6097443425888872,0.2525121893307857,1,1
8663,6907,16,3590,0.6350045556632011,2733,286,2.4703549005592507,31.248648988068595,0.9588783191184578,0.7429117619094273,0.6063553616848522,0.24799324709558465,1,1
9998,3807,4,1746,0.3886341398496367,2152,181,14.377722662556529,8.849630603649253,0.014631179505223413,0.47959659642273506,0.2014185872443453,0.7236848435966188,0,0
15994,27762,16,1679,0.8604635836734646,1797,35,2.7168593059563855,32.5045717703521,0.2402579884224546,0.42058458889372397,0.08129004367901108,0.25576340218214766,1,1
25879,17031,6,1783,0.37239925840895083,6282,54,10.41023077327814,19.402812287943085,0.31606778996412,0.9003358061013674,0.6094018128288138,0.20403741051021426,1,1
11304,7827,24,2374,0.7984210104882266,851,147,6.079285824473697,22.7677224221057,0.7658388878909755,0.5001999446731139,0.07889441572460232,0.38524540314420885,1,1
28147,16699,13,1100,0.3646698068157676,6032,56,16.597941879774524,44.3135350596552,0.32327692246816186,0.36285275563359853,0.7856891242359839,0.8129056086827002,0,1
29616,7524,21,1546,0.9018753514090692,3722,237,8.946965018781501,17.91831017599411,0.23908386319631392,0.7614573492187213,0.7000714139600056,0.25028744449764306,1,1
26237,18193,6,3037,0.45088706293310754,2931,170,16.32464524989613,29.76207972056942,0.6485580144670411,0.44784661111316026,0.42676928153694976,0.3882120441501471,1,1
21808,28883,4,3795,0.6791337570832328,6969,42,6.4348379067003645,18.08364147037526,0.0464052889609996,0.9842206846493281,0.28174685208172917,0.343315857990668,1,1
14585,19223,10,3557,0.7321764508692143,964,24,7.891482633052296,5.452191811816212,0.17059685995874696,0.9066277323132236,0.4214744287579432,0.4026517350119031,1,1
25675,21668,10,4177,0.6428290607189837,3013,103,17.12746660607683,22.315691076270124,0.4080302286694437,0.7394052646407794,0.5874414664826966,0.7071310252040414,1,1
27965,8313,8,1281,0.5680886331832878,3666,219,4.821688440371983,29.061890709603638,0.3555999623400311,0.8836740112694678,0.6050639828484916,0.44464574383672995,1,1
19649,16598,3,2776,0.6494011495558218,5753,48,11.045269002243895,20.15265472576714,0.3471658191833632,0.6511428484919656,0.05893279891993411,0.7456401791397164,1,1
9636,16058,24,2388,0.5493060824839415,2709,115,7.910420421241837,19.361310679874666,0.10855501311966176,0.8546311964559585,0.6438832759158538,0.6443426675111122,1,1
28080,20141,24,3252,0.6303983021317524,1055,93,14.273753603634,39.557790153036656,0.3608400194497966,0.7637814735341768,0.5131976653641245,0.40693430479257975,1,1
25082,7887,22,1311,0.5797043142387396,799,323,3.633390124327397,2.3952030976050995,0.7979927719914027,0.3683325747005798,0.03246369112416225,0.467404664366146,1,1
12737,6854,17,3764,0.712371087044573,4366,122,8.71404698857703,14.892513646785638,0.41384420179739523,0.9572049072338191,0.2505289646510322,0.6980793052497276,1,1
22555,15458,10,3050,0.5022714638367894,855,243,13.032388342946842,39.15259147272894,0.586171184815685,0.9009885300458798,0.40851309495545274,0.5545421012014956,1,1
21877,17536,14,2426,0.982740195144968,5859,76,8.215767877601635,44.2649169847247,0.16357940931731751,0.960180729979662,0.15076119376438,0.8380891372132787,1,1
8854,6558,20,4161,0.6705567701645859,1063,314,2.4657736980437157,20.37808053451893,0.06971136346857609,0.818074198118922,0.1241924230996438,0.893205905705252,1,1
13855,12772,21,2891,0.4742637295452862,4509,308,13.134352312033174,42.77332943021559,0.8799560419315606,0.6137189898634381,0.011424931677863005,0.7100512271325912,1,1
15392,20345,18,1773,0.6553227197230543,5388,167,9.802772406802221,10.349715739876537,0.3313725961459588,0.4824705429032206,0.7292405067610068,0.9408260518489372,1,1
21949,23231,7,2821,0.9045056828958875,1522,255,1.686593330221659,11.407072189428114,0.3503372330681327,0.46519766244215616,0.04488636402414983,0.6070562693064347,1,1
29633,26110,5,1465,0.36395634759961315,1690,199,11.608822271268155,40.77099469948576,0.8776878494788585,0.4427463989681738,0.2928091371712232,0.13385617176410136,1,1
29556,6575,2,3622,0.7849146362286648,6783,64,16.678036871724977,43.453113843009056,0.7077713489087439,0.4911901712905713,0.16461730981719197,0.529124247708089,0,1
26091,28451,19,909,0.700699389948114,3710,102,3.331928145492868,11.471871094245373,0.7562627109876129,0.702407048542333,0.592826481765889,0.29550788747798007,1,1
13791,5418,20,2483,0.45851711639688675,2404,359,11.246075377651287,3.788236928524722,0.6820034841676627,0.7875968405042182,0.5657477259852275,0.3836562033266624,1,1
29919,7198,10,2831,0.8731849211551492,6878,77,13.5230365490834,5.245234441598524,0.10579224479153637,0.5509961990504116,0.6449779295695849,0.5165595443259725,1,1
12931,4001,14,3161,0.5860861583193636,2536,226,2.6677655573150396,13.284899262689073,0.9579958210562277,0.7011980604850326,0.49344664099598784,0.35079318374920676,1,1
27894,24628,9,1955,0.5380332984419247,1526,123,1.873155059709074,36.78810662589936,0.9091362871279276,0.5684017020504641,0.47332252826666804,0.36317839295039456,1,1
8202,10119,24,2055,0.8800001227884167,755,186,9.159231799641631,24.969615906425293,0.23622012683145444,0.7957663831513574,0.3256885723775076,0.4417138859486549,1,1
19447,23450,14,345,0.7586560295626653,2918,222,14.554580339367003,22.412675585410174,0.8039941911438413,0.9826311810049607,0.5090869600870945,0.3434887455928642,1,1
28602,22229,16,1559,0.9248858135518876,6921,260,4.151870266638918,28.454576764802045,0.40939643149731997,0.7909708597650454,0.09216446797340244,0.24407584590406037,1,1
20688,12673,12,3532,0.7531255703495676,3063,92,15.304514991546228,42.84048633272275,0.683766967864483,0.3877795691760981,0.5476102793617478,0.7507262231856153,1,1
12389,28233,13,1751,0.8241233010765538,3451,279,12.333524714489336,5.250227839585906,0.165602999813234,0.6554303730137532,0.08311820629047038,0.43592999801776766,1,1
10327,8316,15,2418,0.8853253736061523,6401,340,6.980859248510013,33.65203399891932,0.5385542506564208,0.8430479952860996,0.6893919220261331,0.8069937054164661,1,1
16004,19244,5,2867,0.3850333669823596,5831,30,10.011125675125417,44.55916974580404,0.12661629955990605,0.6970346280022927,0.40454624466164424,0.8503094410874342,1,1
27315,19806,2,2292,0.8466713336764033,769,125,17.431987165491186,11.0274519626448,0.5361671653581159,0.9586803390226547,0.42428552362851246,0.7383189632290469,1,1
15777,26099,5,3423,0.7427721483837291,6147,293,5.07121001543359,40.37529885020622,0.2435939560572128,0.3850538746906952,0.4678860817641887,0.4371721877355593,1,1
8197,14873,20,2640,0.3944849897697236,1427,34,9.742334062776663,33.807161405696604,0.45246652876881466,0.536339547709234,0.6208419991830857,0.7131237960682533,1,1
9930,7266,10,1788,0.6754898699959777,563,206,11.804028175775741,1.6800211954378004,0.6679693671744308,0.4912595888894647,0.38277649669773395,0.231937428721787,1,1
19774,10549,11,1873,0.40277316990973044,5055,40,3.777240990348493,11.885748977020025,0.8770745816606188,0.8412782091286968,0.3420704589178576,0.6619483952822196,1,1
23087,25700,5,2727,0.8210062091028623,5635,129,2.218114462284609,29.474703762106397,0.16528900308527805,0.6852275638297642,0.2306667654183218,0.44512725436078193,1,1
17339,22094,21,2066,0.699761096894645,1542,227,1.7220892233692762,24.612815956086948,0.8932691154176983,0.4385402952659237,0.10243148057407306,0.657297752742966,1,1
28666,28028,10,3849,0.9602870639438703,5944,239,6.857432133900268,25.8130038687627,0.3900376479272901,0.5327796886153139,0.1522740328608265,0.7415720033204648,1,1
19589,13589,14,2609,0.4672066378059327,5503,128,2.7201303590002786,11.900729956520665,0.8437965686058809,0.6845019667176799,0.00042227494866589057,0.5782835148283064,1,1
26895,27453,13,2704,0.7378614096130423,4688,175,14.76220421692839,32.72516312330545,0.512547918417763,0.9875225480023355,0.6955373182285339,0.6461068040966599,1,1
23708,4657,12,1742,0.4854125661251144,5368,185,17.95577219816881,13.521663434028515,0.8622085717629399,0.583147108745838,0.6119667159191056,0.2814987416944693,1,1
25043,21925,13,2276,0.7430015902255349,1309,219,2.5115130586186565,19.303443424487334,0.6628240675201996,0.450368702297405,0.17494594305516512,0.6037946215029321,1,1
10811,9763,19,4273,0.8124958095109481,2541,122,8.639983552901754,18.339048046363583,0.5087161406167683,0.6681225765066612,0.0019120724764042586,0.49140314547596176,1,1
22243,22459,13,2790,0.8122747707709047,3588,231,1.9245800292124837,32.58517603963523,0.3125386330003288,0.5485192814291621,0.39369304388963133,0.4638449306236263,1,1
14546,6164,17,1025,0.8716473540368703,2146,41,3.7108496974948433,5.241879799111217,0.9689090876186554,0.7122187672502708,0.3300585594520564,0.4487683912156003,1,1
9986,21437,6,4103,0.8962721458933227,5435,321,6.828222255026122,10.660469348888705,0.8008976576664177,0.6486945937825446,0.620805297073647,0.36428542378798834,1,1
16338,11479,21,4127,0.3994539048109933,987,100,7.996020515451223,10.423362322198189,0.38118718517226136,0.7912735498960146,0.3223164053580143,0.35953446302846426,1,1
19411,8737,13,3919,0.5696909805263386,3581,124,17.006418616072562,6.095959683438375,0.16672359305904605,0.9351460536752104,0.6912902460190068,0.6947504637579565,1,1
10911,22601,22,3187,0.7897584130302756,2247,16,8.03130734448878,10.756964005313575,0.7795354185932938,0.4783291844920006,0.07667058325220229,0.5741297924602978,1,1
9734,20831,12,797,0.6690952239303758,1248,126,9.688581374447136,29.531832592397652,0.9899442878109199,0.8755552450357748,0.29268646900203843,0.12545929125911465,1,1
26227,9009,10,4276,0.4720326059230665,4337,39,5.552125576518796,35.41190403108684,0.27897495379247206,0.9575300579510626,0.7471527189349846,0.1412464455670393,1,1
16680,19991,19,1004,0.7037341249066866,1027,255,1.5020647894834958,32.03426200754876,0.9158630723349958,0.5891101961714957,0.009383697861503039,0.5846011508909926,1,1
27360,7552,4,4427,0.610758817770332,1667,71,16.33901853609673,23.33384248510147,0.12537070558792018,0.42274412838188724,0.3126315392055397,0.8193409569843861,0,0
26343,21148,21,3981,0.5996244976987553,5149,42,2.8482934910990294,3.464424841514991,0.9522062542518541,0.8760231493010507,0.20776260805322472,0.13738113952761302,1,1
13759,12417,18,4438,0.8682423791588249,5110,284,17.41010587709778,46.073329502278426,0.7453389124430634,0.798701318040473,0.42548857795446254,0.5311258939935964,1,1
10385,28811,15,2216,0.6108629336525959,4041,234,3.6589277176542945,8.899593659362122,0.3465962292637035,0.4861358110937931,0.2230134402229024,0.823465069179847,1,1
19111,12221,2,1674,0.36693088350747144,4972,341,11.480494932382264,32.41580440906653,0.30463182229623387,0.634943099636832,0.695926436369178,0.10378078138400486,1,1
12736,5671,18,2145,0.3871605368902984,4239,172,17.990274699634508,43.90585892765922,0.6434353539393513,0.719915012153528,0.7497106022826194,0.3344248214615352,1,1
9802,9519,9,1736,0.8979961866826369,6304,332,3.784665835149652,33.79552351110647,0.5935071402587,0.4587066154569115,0.6793074376591526,0.8819321855941346,1,1
16155,6962,6,3390,0.9647845184080136,983,250,8.495060901507099,11.248333088880662,0.9189367014936864,0.8075442090429182,0.31885427618235945,0.16924917988283558,1,1
16120,15734,6,1670,0.7905819753316528,951,83,14.376990538029363,15.842426041909082,0.7662431342092142,0.7915249544923881,0.791947012428959,0.6159470058745635,1,1
14616,16122,10,2228,0.5831957082240513,4569,118,2.0311374725244766,2.419675749521473,0.5403648725739268,0.9177610320074423,0.5880290532993534,0.5312744166094279,1,1
22257,22561,4,1936,0.9507042021086256,6155,305,12.881415393810734,29.799637319579336,0.9275658418396545,0.7130546972340448,0.28448714930289526,0.22892745867654646,1,1
22486,6722,20,391,0.774193975280471,5694,221,2.8261600751981915,29.81067010143363,0.5927306313332188,0.7175603396452076,0.07495425695903606,0.13611395848822333,1,1
29918,7906,24,2143,0.8903734714875761,4897,204,5.402582347508235,35.098527324689826,0.8496848356606773,0.7464079078203529,0.5336371331053831,0.5271990364828254,1,1
28445,10263,10,484,0.8401454745836859,6171,356,4.141256681140447,1.5168255959542036,0.8409426520978563,0.5252212872844202,0.582853955385468,0.7248606606407005,1,1
24646,16699,23,1871,0.5926491620944592,3633,246,16.471051122174448,39.43854057474993,0.9191948589495362,0.8355077448179218,0.0979673063107688,0.25065636072589087,1,1
22075,24438,19,1131,0.6563694085445027,2273,17,4.477535826897734,35.71941499781448,0.06760203127910458,0.773999527208084,0.43978908143700624,0.6876218544973312,1,1
17208,14088,17,2425,0.46912457879558367,6122,211,2.1671625760000937,7.6216706476321745,0.5838196679467778,0.8870532002949829,0.7896703872430564,0.5644258149892828,1,1
24371,3808,2,563,0.5368890242820697,1498,266,11.195823694388075,17.338450635641994,0.46839259117104914,0.8418950431824666,0.2609936819993095,0.4041694617521232,1,1
19835,12170,3,1586,0.8480004232233739,2565,101,7.211985269260083,31.010669966498188,0.4905423834646725,0.7586862275226,0.24151601794629107,0.6647659217913797,1,1
21168,19260,15,1829,0.9221461708051892,897,75,8.194152640582546,24.30245312219541,0.45991060362020286,0.4529709765821433,0.7226417328743715,0.26318026094625047,1,1
10049,20109,15,2108,0.8136546708809036,5602,307,3.464535290232025,6.409430403359334,0.8374666894223409,0.9382542868536512,0.0939328357320445,0.48839162280874215,1,1
13423,13693,2,2177,0.6477111658602486,6832,353,13.84586910864771,5.105232631419725,0.3184328974169388,0.5850157960852149,0.7468220027001871,0.5669092343301649,1,1
22589,10701,17,2049,0.4053659321214384,2303,234,11.425635219118046,37.7284460580803,0.4627510816297784,0.9671510838507279,0.6235896482187915,0.48989120922572327,1,1
28932,20600,16,2209,0.3864466871670068,2651,304,7.50958123834662,8.33045454683706,0.20068254290108567,0.6071973132803501,0.31267232714633586,0.4378761703285933,1,1
27492,23435,16,2923,0.5895683613522265,2446,36,4.330986572091744,9.088355674730849,0.2517166159247347,0.4434005073172293,0.06683809628172135,0.7297765936330011,1,1
15158,21581,13,1497,0.6468459000113044,4217,254,11.291953696314247,40.05338689176761,0.660420083343875,0.9162974383997876,0.015339633003027587,0.6576858215439974,1,1
18248,17191,17,2778,0.73983719821651,3915,258,14.346855111871726,29.770562824471202,0.11693593825066195,0.8588375936823712,0.3006649571502247,0.6435427725572044,1,1
15400,22190,15,2810,0.3541532936876782,1894,263,6.654555183808716,29.4216335832367,0.18782181099467732,0.8532294759124093,0.5642828675814756,0.8580305481765278,1,1
27554,28354,16,400,0.9834226498984361,4628,186,1.9266963283868521,23.52925125407698,0.5280345595713141,0.4072228804679156,0.3900233707751217,0.944475558751578,1,1
17874,20356,24,3387,0.5829208853785874,2921,344,5.036675748424236,27.742765676907673,0.04377302796301352,0.912739093153259,0.590921514248472,0.5821238532371765,1,1
23151,25018,16,2219,0.8927805848327177,4419,170,12.759564011731683,29.28317544747512,0.12692699942039154,0.7316964077842311,0.5364566789808877,0.39602769604050336,1,1
26639,16704,20,2591,0.6923786916258587,3583,8,17.820090228039223,46.48783303764827,0.8633529389667488,0.6510276712146903,0.4583257514946931,0.7620440468045424,1,1
9154,26867,9,3620,0.4334812509013417,3288,149,1.7207079502448126,11.479745450976225,0.8461467657949957,0.9344298377044087,0.7739992645798837,0.22078420336540788,1,1
12499,5123,3,404,0.860441953622094,2344,169,6.551533775179663,11.084433725921578,0.3477761050469822,0.7762664655884417,0.582707547482776,0.5359727953875523,1,1
14295,28174,3,993,0.8042893279487207,2304,348,2.523344362405841,3.6892689221498367,0.34799131531118443,0.435139727265911,0.7316907593451538,0.5458322096614435,1,1
20183,14533,11,3540,0.6875590943547059,1389,109,6.719763248090031,31.935343544038147,0.9365154492640037,0.6825037926762904,0.19372845145602274,0.9359476874002046,1,1
20874,19608,4,3791,0.6793139784536192,3003,40,8.19758666160245,26.804982498646307,0.025841139072023234,0.7574346168624402,0.570911701421761,0.9423557927387073,1,1
26032,17448,24,3692,0.40598694768059396,2393,318,16.694224517113206,6.228242580792069,0.5802955130852708,0.9250724465482458,0.4782422907321275,0.7793320175387536,1,1
13539,17586,18,2568,0.7697433270872794,2166,173,2.829253190182149,18.1333299505548,0.5973905790407273,0.5291322250719361,0.7394368774710826,0.5020633346177428,1,1
17637,28416,9,4083,0.9331968996827519,4844,12,14.322711875585204,9.39717065056658,0.7878870671816612,0.8583096868143457,0.4083624140994986,0.565141921478566,1,1
28583,4814,24,3812,0.40967674830166934,3565,90,8.026317535038896,16.57964179884049,0.9517505158226007,0.8618802584542375,0.22371310322332133,0.3717803867906607,0,0
23586,16001,5,1189,0.5186473284152991,5575,101,14.885837019504308,45.709415961546675,0.35582758704334394,0.43195167028715564,0.30787116830283345,0.805368848126142,1,1
10557,20490,15,1089,0.9274771030029432,4141,319,9.971136057872751,33.11598542738486,0.4378334734560012,0.36102923696375866,0.17506384434100897,0.7345642647603501,1,1
13592,19508,22,958,0.5319801022846677,3575,34,2.1481536409162665,1.3557477373716715,0.6712984805201774,0.7221022053750121,0.1759783995105494,0.7557114946505045,1,1
24482,22630,11,1318,0.7685239501951528,1759,105,17.11239709779484,12.867879467853811,0.9672716223441766,0.8552664872262309,0.3763372688213288,0.21787488743183664,1,1
10200,16380,2,2253,0.6922836255636122,2720,71,2.8651120466696103,1.4869927126556144,0.8907923537367075,0.7048357275694701,0.714055068234377,0.43883887561378987,1,1
22172,18406,5,1490,0.7316496672024717,5941,353,11.361777791806976,34.598819442128,0.6670530032700446,0.8705423905279202,0.1534954742890048,0.5567489368586527,1,1
10961,5931,2,4006,0.616104897009442,2918,67,15.98151808840301,23.062824696607482,0.8567235716710221,0.748274009899209,0.23029600969929245,0.20595927335827058,1,1
22207,16567,18,3957,0.5419945411543751,6167,36,2.816201662878199,47.718878515276295,0.08520443089143626,0.7681071114702722,0.6823905024412309,0.41332957242605395,1,1
29357,17038,18,2596,0.3810614084669881,3338,91,10.639240908864213,35.47841326806494,0.37712694285185266,0.36801883248801637,0.27140502204841227,0.17431764405207895,1,1
28817,15317,8,1074,0.826339801148265,3296,215,15.100782946153462,25.34190830727045,0.013092495698847184,0.4067028498684327,0.7699307215917713,0.9150150431836911,1,1
19969,5971,24,3111,0.8274998158043052,1286,55,17.77435769265563,38.821155125782354,0.17747223826095038,0.8140189553381598,0.21513622117083298,0.7385738301396205,1,1
10869,5017,21,1680,0.7792644736503829,3867,67,13.451402113431351,34.12577160800158,0.630492571202402,0.838219700720825,0.3537147373588623,0.6276359028370475,1,1
25340,26799,16,3482,0.7619256243965571,5435,84,6.092517195144345,12.457480348891396,0.8855616237336668,0.6969939059611685,0.07648795135419269,0.2741279684979053,1,1
21992,5415,14,3397,0.5059789645872168,2947,347,13.042910442449257,25.922138916893278,0.6327803099917955,0.7277056815686621,0.7937406362388814,0.3840083216008532,1,1
13699,22480,3,1704,0.36430075761042635,3629,236,13.14515169357605,27.13194006720133,0.6641381070085667,0.7431941375008496,0.7121136359004956,0.22281216662635586,1,1
28877,4609,20,4101,0.8675778540066814,2398,105,13.049439199726187,22.20788983456676,0.10382160525620188,0.4171944440665276,0.6540498023008998,0.5557016829168537,1,1
29295,3717,14,1669,0.6643286628453292,5003,133,15.595297212036245,9.422053274202012,0.6648604909133798,0.7774615067205952,0.1258739764487525,0.7974385913199142,1,1
11987,22945,12,2364,0.5463764036496757,4084,23,2.9417710315716006,11.49834542792069,0.45434671736919097,0.6562207851277122,0.775486446278331,0.11618104343633989,1,1
21446,28592,23,2592,0.4152364203395648,4659,98,3.2889274493546505,14.209227844930195,0.6514402315818234,0.7356147050798586,0.7433210285439396,0.18781236924274325,1,1
9218,15662,16,3065,0.39014181817688853,4449,85,12.070182549721707,1.4819920207736959,0.32617310952982737,0.7104107704387344,0.34853715359801546,0.29494730784994644,1,1
28880,9782,11,3117,0.5732747019489135,2967,107,17.2390380856201,44.09636293196694,0.5814859416631701,0.8383201590105849,0.5453096237611254,0.7069567316852245,1,1
12735,4048,10,1016,0.865031721450842,2693,158,9.186337542167557,33.24651160442351,0.4240692968309894,0.553883688778228,0.7939667421536376,0.8598828629539451,1,1
19296,28933,10,4340,0.9379831995736515,516,273,17.349284576823642,33.41201384187013,0.5586370554350608,0.5890567968431693,0.3277961755996655,0.7400604862583179,1,1
12555,14618,21,2011,0.9239208733523614,6741,122,16.978406782016542,27.8995388490287,0.1470895183298,0.600628036175731,0.09043655124326638,0.5462054176452604,1,1
17146,11307,2,1525,0.9388005342397792,3522,346,16.39801068086627,33.39760798356978,0.39582485361728503,0.837971903471368,0.6942232278551974,0.18934550949712992,1,1
16050,10905,18,308,0.9309442196027793,5493,283,16.512541085257407,47.14753984406091,0.37427865725685405,0.6259120779539425,0.3811880947539974,0.7416772182030139,1,1
20757,12993,13,897,0.6874238410242532,5611,229,16.32226008991177,19.102535868821185,0.7363945206528083,0.463327853888035,0.7895755640474149,0.189793779317798,1,1
27830,13338,11,4418,0.4904260086764184,1766,272,15.028174828396505,34.488702583198496,0.7064095139680655,0.9791462210668984,0.44071428832384607,0.39553637682598386,1,1
25429,8578,6,1908,0.8607498130155651,978,141,12.96715281698795,17.897863205743825,0.908858684731333,0.6657643929373105,0.0235820828713619,0.36179278477384447,1,1
14893,16834,19,3331,0.4867763039056505,4796,230,1.9027349467780361,41.15157354110082,0.6320555922831975,0.41991877321988036,0.3933815708835042,0.40533994388286565,1,1
26077,21004,16,3967,0.5210126571242042,4477,338,3.682184270574866,41.32734452383165,0.3145471297934733,0.7789759718353295,0.5744497034631685,0.3800996868905895,1,1
22373,9548,7,2546,0.499282765966431,6568,233,3.714828899769208,43.4065219949038,0.7832246632353314,0.8230639088182296,0.02082402256246372,0.7538027592092036,1,1
22565,10381,8,3926,0.6795887383653156,4044,327,1.8884146906132329,1.256776239368282,0.4969976435336264,0.6701426169016931,0.330758971489943,0.2459651738674609,1,1
11436,24164,18,4371,0.5559696052282112,4774,112,3.425579178990005,15.014997914816458,0.19349321062907854,0.7637326196974856,0.12444816036126101,0.8189691425912549,1,1
16754,23176,7,3122,0.4486598717602185,5048,304,16.675816153857255,7.294444506475015,0.7474114683271265,0.46051191326894714,0.5144774568170869,0.8295212103560767,1,1
18677,5941,9,391,0.6400309836120848,6913,11,12.452770734027968,22.33735130083737,0.132531395719229,0.5854703265794425,0.7658766790224331,0.5172869493993043,1,1
13895,8695,13,1150,0.9093006328225068,985,132,6.64920480187447,24.286133205926998,0.1781533312461292,0.45357030615783434,0.49966792364423435,0.19022643621586877,1,1
27738,9401,22,1407,0.7151538271679823,4588,357,14.590440201905219,13.027490012993809,0.7587559284351473,0.5978305640734773,0.5559021651087113,0.5890961531632959,1,1
24609,18179,15,599,0.9121347877680557,6619,271,9.558096534755041,35.001985126118306,0.770144694071288,0.7101923341996282,0.3172503203404876,0.7977916660292984,1,1
23636,17456,13,2643,0.4753581984506479,5173,177,3.8450961091119638,13.67917670788156,0.7907812688042153,0.6332252205964245,0.45051269516153314,0.34605249134069893,1,1
29277,16097,24,1777,0.45686327915043456,837,218,16.09428434023713,41.13289463831785,0.29332512441711567,0.729657498070874,0.43508616774868786,0.8120853105670154,1,1
15022,28553,11,1382,0.718369360446989,1360,251,7.087922112901796,9.349990302663981,0.8665874573715189,0.6711258709558732,0.6076850762143553,0.6753810248074764,1,1
17151,9197,23,3256,0.6465304969896147,2503,110,13.031177303743254,18.260058853968328,0.7226681359620728,0.553401198977124,0.6855293176162363,0.9391594746314101,1,1
13600,8450,21,3218,0.7725104906540524,1971,87,6.294803648243522,30.24517464594234,0.8339674095513405,0.4417862387974477,0.5303087554264798,0.8010046589653657,1,1
15996,28359,16,1665,0.8585611462571402,2542,296,9.751175636117699,29.450748311772905,0.70860548474689,0.5117106313096174,0.7838470415392369,0.27127539447903704,1,1
17007,27816,8,3100,0.830836669217393,3928,207,14.968169740251856,4.667368264241745,0.5795964587463406,0.4784564812125439,0.6626307140195997,0.4816534506663823,1,1
20946,25258,10,3836,0.9530471511414791,3620,45,4.086826216002066,40.77415477297457,0.10939477157401933,0.8027502679620547,0.09971739913354005,0.18798219508221697,1,1
12642,20937,11,4251,0.6048841018604874,2019,209,17.624648021448092,29.109051871199433,0.7109362119519492,0.8747787804239238,0.40598031870893697,0.1592199817912406,1,1
19312,20396,11,2409,0.4820875150388357,6989,352,2.658562727201982,41.883398789236914,0.6904607754581841,0.8110487073916324,0.7225888629550161,0.7001461047404961,1,1
15679,11378,17,1075,0.7025840895666469,1201,53,10.311147010718317,41.77887217670982,0.3124911332868604,0.7619898540769012,0.755147894984971,0.8759920340579088,1,1
16208,4881,8,1752,0.42087559692235876,4888,147,16.61442106930714,26.658178447626458,0.7358197690464261,0.5470248664408125,0.3041647507459184,0.927539189173964,0,1
26589,9799,6,1981,0.5348647189322441,4535,145,17.10394910056167,43.80672849363758,0.5504545534313275,0.8050307578281672,0.5805632492132197,0.32989640109453644,1,1
18716,17597,24,2603,0.48304835536841245,4244,57,5.329797887516304,40.87516654423243,0.559406238543415,0.7372534143930536,0.32843638691390264,0.2715056405804267,1,1
25453,16675,4,2151,0.6038007787501318,1673,111,3.8757521900443423,46.03177839440324,0.36760467878571257,0.3800117546800804,0.09892777774354551,0.5761869040020455,1,1
11444,7586,19,2197,0.4211786080014178,2105,37,13.452649505245201,40.973424732292095,0.11678504134013656,0.9308717557717859,0.7076890439379346,0.27073106211813425,1,1
18757,28006,12,3718,0.3703787165107826,6164,204,2.1925638765579123,39.596580997054026,0.21692845786598902,0.4011704583050491,0.7455624981698463,0.3515210265579858,1,1
22434,11430,16,3897,0.7703481629632203,2379,123,9.506442989000185,23.059942591814842,0.7688316533360582,0.6717330586616568,0.4038004250126453,0.8116423805666783,1,1
9060,25831,22,1627,0.7405593461054751,5617,292,14.639861242087502,10.965459837762603,0.2714415504968939,0.6783642577402014,0.014645944656114997,0.7888934280052001,1,1
26711,5345,21,914,0.8033497190647432,5879,233,10.74420295452776,43.80331045454784,0.002253054335611515,0.8856846008053643,0.6528290005570079,0.8608122837530112,1,1
11420,19459,6,544,0.7726473217736601,3893,122,4.602218885271083,34.95981176296556,0.9970174211315501,0.9343632006671144,0.3815682929846327,0.5099069876891944,1,1
8301,12548,13,1056,0.4231485959311254,2624,180,9.536230941254393,14.242149617330453,0.21068223385037088,0.9513925065662674,0.06002268603325485,0.5794728736394443,1,1
20468,8877,5,1123,0.5362904840804136,5729,189,16.701032821406734,17.026798969515198,0.6553831488703938,0.7145901654265461,0.1515131862971959,0.7550010819382948,1,1
24990,9785,16,3127,0.4328970303362255,5491,322,11.684014137730566,33.245690057289366,0.9269220045749937,0.7845870273354263,0.12169547218434272,0.3033757031516591,1,1
27554,18833,10,4107,0.8895023373110804,5142,342,13.404595354888826,23.457413492622532,0.599712734633937,0.40665271194404035,0.5490230930557715,0.7996295525902417,1,1
8699,7922,8,3079,0.8280183394275349,1946,219,7.048354014431496,4.829680406779309,0.7990306150844574,0.6622662469401742,0.2395275942939825,0.1149238578546119,1,1
29472,27474,11,2146,0.47897728186767513,3806,225,4.609982290265693,7.648053450045879,0.9763717121488149,0.9246282907150621,0.10215241384915458,0.7780109054900534,1,1
8190,21714,24,1540,0.5684379139135318,3901,134,5.718096793343459,36.04548812507863,0.8603634259297858,0.6416461766643591,0.7341190609886749,0.7595217556746309,1,1
18492,7686,14,773,0.9686335950490971,4283,337,10.297430297044867,16.44276783864605,0.5579040886783617,0.3945401186773956,0.7652248472126426,0.35651295736620414,1,1
25364,17407,9,4431,0.7302619890429769,2872,276,6.123632534576612,24.85952313489584,0.36370293048207614,0.4784103311465303,0.1108606982135778,0.7187255044369333,1,1
10975,21286,13,3549,0.8627395822727406,650,250,10.442418992530667,37.03120947791571,0.4824644491639596,0.6248844303587165,0.1841886826478997,0.28189457203859464,1,1
14102,15205,23,2092,0.5193382622519866,2159,127,13.17856680170692,36.305252904184464,0.8418261681905443,0.5020181151417935,0.47369657568513274,0.5897977420057966,1,1
25568,24054,20,2034,0.4844338689147553,6639,12,13.617531956809973,8.849706263701872,0.8533546101506403,0.6010672546187013,0.12040627959877925,0.6954987586788822,1,1
27711,26527,2,4242,0.851706834461791,1378,71,4.2173015044080415,5.624511626754659,0.8458549223583637,0.5630956002150778,0.1268733543228895,0.70749405004218,1,1
27778,16179,17,1244,0.7889583713481216,2819,119,13.88210900575874,28.78415776935923,0.597224402750011,0.5541145938022093,0.2692608333899121,0.9354948647690058,1,1
9816,21443,23,1811,0.7858258746955288,3383,292,12.599354303273925,35.856745074768256,0.4769559177576129,0.4083453502443746,0.7593362662944041,0.2547048125688142,1,1
8569,19524,18,4381,0.703686132370684,6441,109,1.6980847005836601,8.004876333784289,0.3113380560956618,0.9149374022954153,0.7699537570850148,0.5086788345569742,1,1
13442,21173,19,1158,0.7106901393769912,4495,29,2.471390888980889,18.481898504381913,0.003360855181929301,0.7933320022178644,0.6734305998602961,0.848088862603286,1,1
9895,3016,12,3860,0.8208464033960023,2915,57,12.163116780696276,41.90306581047911,0.7644852708609559,0.7489644214202398,0.5565703343432404,0.5772857151595007,1,1
27117,16374,19,529,0.5228015879175649,2015,251,7.831114342801209,45.37848765333509,0.2769982800140547,0.7381404211810604,0.5765386926854021,0.8449306716104765,1,1
11863,19848,8,2717,0.5757718181484517,3887,341,3.910715992998487,22.341278764635163,0.3296778953853374,0.6037614238173816,0.3756582744699207,0.4689499607833997,1,1
20913,23855,19,477,0.9078475331328353,1089,285,2.2325432262989486,4.737248899449152,0.8434812248470439,0.8769217976649599,0.42412370252443915,0.7760487079580769,1,1
15455,21211,9,4228,0.547673728647781,1087,37,4.13007262109511,13.111733441511735,0.05225115712262063,0.9452255961138808,0.5075621280047905,0.839541904161502,1,1
12014,28095,7,2915,0.6996381256827513,3119,291,17.298980411306673,11.94958625483005,0.9276203314574386,0.3535950393570823,0.5850293099956713,0.8194734642540205,1,1
19093,8956,8,1913,0.7996892569642777,5987,40,13.504833085921,12.231294865429678,0.0013619224385064133,0.4006870251763247,0.07747693800844102,0.8406602878736044,1,1
26070,19473,24,3140,0.989951889173233,6723,347,10.207139445415848,24.21244015282475,0.9391691148254061,0.7819843951144188,0.1799096077436441,0.28662149211614846,1,1
11009,7815,23,3247,0.6285864521570124,6505,243,17.035418250900765,28.411605629503843,0.45475849108341637,0.5010827025427662,0.7703545530421432,0.47313651102301013,1,1
24538,22235,11,2074,0.623979441039964,1695,221,11.715322221746465,6.757950667956961,0.10212262515181958,0.9334911992127244,0.26811381236846316,0.24838609039969076,1,1
18729,5843,12,4171,0.8892565628375472,4853,181,13.47314560663101,42.799732306831714,0.6741613672411874,0.7771443616744032,0.21477936864656233,0.2534600008262304,1,1
9409,18972,14,381,0.8655219912063125,2826,48,6.163755005346889,30.138769694212396,0.8958564257212218,0.5857064033015764,0.33752904969945857,0.5146532116735315,1,1
20249,28501,10,1145,0.817888564310111,6352,308,11.21820041922173,29.070831322596252,0.43807281684762,0.6157807377788354,0.23273660034660965,0.9160745915028664,1,1
8784,25927,8,3109,0.6464669679417785,3105,162,3.8673745309143643,47.402112924061356,0.6913579040306663,0.7921648033577972,0.07294415404148413,0.6031246103559463,1,1
16096,25285,10,1516,0.5573210369028581,3038,273,8.173971895763295,30.52276694217689,0.9793627201892939,0.4402170256653717,0.16636890552336264,0.8257683320963761,1,1
15560,20353,14,3560,0.7395875088543031,6204,175,2.048465362279067,44.66108001715569,0.24070082371300505,0.91538360335783,0.5121278380658666,0.8966063953443237,1,1
20533,4094,4,3445,0.9107829076042502,1065,225,5.074363445114228,14.454077700910211,0.8204494569226881,0.35305388699531376,0.17854604564218618,0.1735890550344606,1,1
15343,9124,4,2563,0.9156175732534954,2256,234,2.7353323854741323,12.286086046285385,0.2952371093471766,0.9765260501144744,0.5181337573558683,0.23775439165261578,1,1
15206,26731,2,2637,0.4194389408450806,4575,95,7.898350521869317,25.276378280749295,0.42633759999015997,0.4572931074323803,0.08006471592277604,0.34721551315134785,1,1
29980,22579,22,744,0.6241441816404164,1860,135,15.410080216535087,24.904620538923307,0.2817658684972608,0.8249512695128848,0.03350107967398062,0.6242605077940261,1,1
13801,4404,21,1222,0.6474220519671996,3068,230,7.735912754693376,11.644731525743154,0.4460117484341224,0.3755518125076227,0.6892541461273538,0.15246983572167766,1,1
27190,26324,3,2930,0.975673835215202,2873,229,15.222053828911616,33.88381587429754,0.005089032428282514,0.6261144953875792,0.6080209564333545,0.7686563333805478,1,1
24921,23674,4,1467,0.7839187297552541,1695,147,12.33222215755164,2.3927895041245844,0.3034388473302715,0.7534007566810479,0.5328221462770987,0.15422040938424306,1,1
13986,6982,16,4263,0.6106377070477251,2631,70,9.907235869408659,33.45963220982427,0.44529406393769577,0.39494557285957377,0.024719386349492025,0.2346670364300669,1,1
26225,15515,7,3741,0.3666770470307795,3388,32,5.408712938811954,22.487360647795107,0.632240183706096,0.6337078584959512,0.19148314812299141,0.42445168454465965,1,1
18647,18790,14,3812,0.7118465024634854,6143,129,16.715575531928515,33.38335300971872,0.6373613911759088,0.5440072979905424,0.6498514617218085,0.5740618781508234,1,1
16716,15205,22,1195,0.4114886244085479,6100,216,2.394313345893549,23.42278964015139,0.5837856184704928,0.6688759116590034,0.11573413204683565,0.8492789728492839,1,1
27334,24939,2,4022,0.8840479727025683,2067,84,12.867064792030453,46.934687795580665,0.2930318295922969,0.6729289830202547,0.650282751915011,0.9191703118078425,1,1
20323,27338,21,2360,0.8316119427650317,3910,242,11.750458231354587,16.730192701846537,0.9474043159357455,0.8525482277390776,0.4673868397673442,0.8519458054380875,1,1
12780,15748,20,3334,0.6447258623412344,2867,136,8.777185117232692,47.180928039112246,0.39196982374109934,0.4290428982047345,0.5922946942375834,0.1909879590321818,1,1
10368,24097,2,2687,0.6246948989066878,6947,332,5.4652957623279885,4.0537752965118425,0.2168939412390578,0.4029405446703785,0.5156056627609384,0.6365450624664439,1,1
20039,6092,22,2197,0.9242969379640119,3843,304,8.606482957946902,33.13675641360516,0.5545129396679873,0.6072097492728261,0.33359166406700363,0.4754573863020637,1,1
14655,23543,23,2099,0.5346133442676022,3597,123,15.900749971631441,22.34830271889087,0.7489286698809136,0.9180127484009808,0.23358187911753953,0.20692338539456775,1,1
16173,25692,3,3080,0.5093727757483333,1760,50,15.306640819206743,39.640468399895916,0.012233572822266225,0.8973724925901395,0.5381833428726778,0.571845515564655,1,1
12495,26862,16,1427,0.9510863570084878,1833,88,17.032790624620983,38.11195527669891,0.27634400739554743,0.7083954619401017,0.6455303054439154,0.40315955974761375,1,1
18893,27860,15,638,0.8679173355222288,4828,286,6.578587909316592,38.60987859516906,0.8249778526000299,0.9188152441415085,0.03578610892948939,0.3939196634018982,1,1
21403,16971,20,1472,0.8752003795630046,5144,356,7.887218613086403,5.452714167218426,0.5070210933855982,0.8654199024311756,0.30392714697906453,0.18027835090452482,1,1
21121,17616,12,3108,0.4749240411365923,3836,17,1.808981518887745,39.65118789348085,0.40848830457991403,0.5278812544595516,0.2805838273438904,0.9320250208201073,1,1
18966,7933,16,3329,0.441709434515798,3584,129,17.058674912880136,11.059887399856763,0.9309012795823118,0.45886801948533124,0.447576672366762,0.7170659151902471,1,1
8853,7926,7,2389,0.3666589118829663,3887,329,6.934936514984936,2.2069724013746344,0.08953509712283869,0.5427401606250918,0.09114004511023976,0.3382840796393561,1,1
28530,28763,21,3317,0.5017065657079552,5213,176,8.168703055294388,11.233719825167334,0.6155702007778491,0.49535544220084116,0.7467355281114235,0.8798538836518764,1,1
28153,6969,10,748,0.8454819146971678,5601,238,16.47877608888201,23.52639992089214,0.342188716243777,0.7485400273015661,0.43880821474705806,0.905874116880678,1,1
24958,5965,6,1093,0.5036245880090559,2931,185,10.188874097752418,35.879233915837304,0.07082339829292572,0.724335432175776,0.7390022434270231,0.788818616819189,1,1
25532,7319,21,736,0.8166261015007208,1516,55,10.841879938965388,11.275726599144123,0.21374450861082017,0.7329999254097803,0.6535527387693205,0.660417889494593,1,1
17907,11975,3,1920,0.5112212898351498,1141,273,4.407841829490128,6.311354760242754,0.6279332130172843,0.47115426335452726,0.1533110898521451,0.4199201267642002,1,1
12777,10108,7,3801,0.6029871986884299,4562,173,9.727890343507799,31.360460986125286,0.02827693385455743,0.8567921441769207,0.10587120983436576,0.46919453158815705,1,1
28238,12141,19,3219,0.9792238655433014,815,320,16.650441914994772,47.24320770892083,0.5922488153893509,0.627520693467284,0.6890001920007426,0.48675956541921406,1,1
23338,23323,24,1248,0.5066795080218467,2803,292,10.71884845378078,29.24090419802405,0.9568504212173043,0.652369229034581,0.4288801780673753,0.9064482567933785,1,1
10491,19428,20,4244,0.5908772014708913,940,278,5.709420016556008,33.47969611380083,0.7950960623702693,0.9880555815751934,0.015794198318318742,0.7461144139915082,1,1
23328,4810,10,1427,0.5426957954977367,1638,353,2.014484258223587,27.37486985608174,0.34559707933384565,0.5306539430161588,0.7473813987514878,0.3482121578364107,1,1
22599,23950,22,491,0.42015999125120146,6942,211,7.048979261992121,37.77037687873968,0.13820764636160832,0.6022483226289349,0.37842271951445156,0.6309444989115547,1,1
27508,13273,7,4312,0.6635322509637279,1414,152,10.947750082063557,46.8628077498439,0.4650644339129786,0.7829364530586158,0.24074904140191658,0.604815456208011,1,1
11051,12021,15,4060,0.5923620245331215,5743,304,2.203119258118697,26.574073781996688,0.3929504361784054,0.9134643329217544,0.41327829693651785,0.7903079494102595,1,1
23979,21293,14,4030,0.7947277349166593,2803,41,11.561577525304077,20.589154051908114,0.971732960023852,0.4311398442777799,0.6583347123473242,0.18101213658517168,1,1
24388,9364,12,1703,0.8732605100489895,6337,165,10.136328147448861,41.43612387452595,0.989868054508422,0.8204293161133849,0.08823418802863232,0.6960808527901574,1,1
29606,5581,13,2290,0.6983198172772087,4642,279,14.42668524124842,46.57723215671953,0.41058465632379115,0.9376995366371523,0.287146322590026,0.3814943642764499,1,1
29699,3691,20,1404,0.37060571013589555,6348,292,1.9766548424873702,7.071537120869694,0.14878398352993683,0.6206717525931962,0.25509333859644673,0.21018723460553074,1,1
29253,3931,20,848,0.7461103079902218,6450,110,14.383981189509168,28.17403537727226,0.9106095496429052,0.5335052306774513,0.6717196160225182,0.7220073314150974,1,1
8876,16128,22,3748,0.3854500672134011,3921,26,10.094471255008763,38.245619649661876,0.7935422756669933,0.7837517739359599,0.6227738207817698,0.38189912028815687,1,1
12142,27294,20,2161,0.744468047103376,5742,237,7.613733990865239,26.066952042350366,0.5112742066556976,0.5074871367925066,0.32008322766154573,0.7206051821200867,1,1
23202,17226,14,870,0.7884191675322806,2578,126,17.428819109920596,20.23225750506859,0.3653546430151413,0.5959454377902631,0.5315906477316479,0.23807140755183537,1,1
14966,16861,15,2084,0.4765712816752118,6603,133,4.1419725293948755,31.795801593364768,0.44816582759972745,0.9240245594174737,0.31555638583582546,0.9380386508054844,1,1
15079,18475,19,2587,0.8743815351819334,4650,314,10.431864465003256,13.69602044212737,0.9018811753051104,0.7278128336584815,0.457051070652987,0.7828968133283687,1,1
15987,25766,13,2721,0.933094484207391,2700,221,6.796194314275894,17.40928591810336,0.18464344776353847,0.4107854506239003,0.7929722357000955,0.34577901809685546,1,1
14799,6406,5,4272,0.8703756570328446,5051,152,10.20352525012304,47.6370029674232,0.806783521123471,0.5610064201256774,0.4284595737884598,0.7294456159526203,1,1
12465,11339,11,1104,0.5452698817357325,6929,62,10.612544967576799,30.913870715601284,0.018190632827155384,0.7514497056751206,0.7908597862644055,0.21542989439570537,1,1
25019,20416,18,1098,0.7254515279652061,535,241,2.9758960990099554,42.027583020620504,0.920571993142085,0.6581584877789939,0.5977592850117949,0.6554218343434551,1,1
21417,20695,5,3575,0.9354816954823858,1317,74,12.408729924152771,38.965120112745744,0.5002972796462057,0.772617162721018,0.0965778322105118,0.1506913349983867,1,1
26077,11579,13,910,0.5552254247826239,6529,193,11.968944682663695,31.65681005651913,0.2267478263411722,0.837322507315418,0.6367729348802774,0.3833793408019085,1,1
29136,6121,14,2106,0.874817806249872,6416,246,14.196210031468656,40.51426687556234,0.002856502817182416,0.6575936769310131,0.12902851317585215,0.9316931635236034,1,1
16311,21257,5,3560,0.35606408400748574,2446,67,2.9958651453763214,14.496449285377835,0.5595464687447742,0.9816490792332405,0.4258628867092902,0.20278231807690422,1,1
25214,28491,11,3671,0.35233388978219277,4456,245,6.404766023910849,30.944473094178022,0.24448787055983812,0.9353912804312963,0.4905961875724952,0.6078104275748402,1,1
22098,26165,4,2773,0.8362154626169391,4851,189,12.226824895513671,28.7583640076271,0.6312643360108433,0.38834073988394,0.7137843641754882,0.16001457807103817,1,1
13177,18946,16,2393,0.8373264525613575,2725,263,3.75605862760754,30.253721237287206,0.2811692814520472,0.5205159281601397,0.16833936820569184,0.668991029799958,1,1
22262,6748,3,2442,0.8549454002254679,3825,233,12.680370478009298,8.925700575898436,0.0880240291902269,0.5423478478782617,0.7007536578910902,0.33686283001646417,1,1
16308,3277,18,4301,0.9452171762484238,1007,227,2.4739407285369794,14.030422879909215,0.5050516298435593,0.46794582826880676,0.7475950207666409,0.3634792612389556,1,1
13949,21243,7,3380,0.4254600395649819,4245,103,7.0263706238338575,14.472940983249337,0.5644857362881444,0.5496905619523074,0.07158988100765465,0.38713215500093523,1,1
27222,14563,9,1732,0.49847039038956054,4616,251,15.470733518486565,29.29146964091987,0.45259002553955074,0.6218852050786945,0.708228094409618,0.27438329243176784,1,1
9150,25313,4,2817,0.9283839490392368,4377,49,14.275806291289143,46.70970338066995,0.4580355543297814,0.38299262655517297,0.20734403888619762,0.9004087773103483,1,1
9931,9792,19,3157,0.46343116657430616,6718,277,12.13855180124695,45.84117490556096,0.5896501279000154,0.43147215112474524,0.06480075950571003,0.8699570660360475,1,1
17204,24097,23,805,0.7866267312490137,5314,9,15.86256387431417,11.67790899051574,0.5263535094101535,0.4115973624278296,0.7668594847346595,0.8395129454863073,1,1
26048,16918,2,1396,0.6894963200261218,959,15,13.202947478841308,15.327726424138309,0.13256753886265815,0.3796428410538564,0.3137627897996727,0.1904787147347698,1,1
9081,13374,17,4479,0.40324395318496464,6603,352,10.069689235978249,2.6949089371208546,0.19708564648503235,0.6581580929930357,0.49838680410957575,0.2984281127307411,1,1
24896,7675,8,4454,0.532568743642581,5797,43,17.66533875636548,19.744332723391523,0.14179104142905008,0.5636339732647329,0.44229849583625214,0.6203919804149954,0,0
21407,4170,4,1344,0.6830382185222195,1905,46,12.965125316523771,40.229683718977086,0.6932955822197459,0.9486862269758152,0.17054553972786596,0.9248153511813535,1,1
15805,11681,24,2504,0.8955040746776538,4595,207,11.422558417414551,44.040331732348584,0.528598412166966,0.4157667426827122,0.5356525825336521,0.6140947749589813,1,1
13237,13717,5,4202,0.8028246333533912,5656,98,8.246364255733816,12.11533453969335,0.42985512353092825,0.9426626148708303,0.03689199120581197,0.37803649742361056,1,1
24943,28758,10,1652,0.7480052233311572,6590,9,16.38980622655433,13.492340253975444,0.7983389952728493,0.40538919513565386,0.16247594104959467,0.7947934945456109,1,1
28056,15450,6,1896,0.6674610495625055,2536,56,6.379200077482381,11.379941375911423,0.3257946597608051,0.7462991018268385,0.7557310007471556,0.21511596741463151,1,1
20775,13680,20,875,0.5411577496410459,6534,154,1.6521233044798942,17.4548676760052,0.568106663090961,0.508547415920845,0.7628060196726133,0.8494806009364506,1,1
24244,13068,16,979,0.4263167432443271,3177,209,4.74621862013394,38.8236917337556,0.07440760149019843,0.8791556137560799,0.38612415345076284,0.9284752716015998,1,1
21184,24692,9,4012,0.6118086621223011,6644,304,3.307038617048926,31.402301084569626,0.7444040838251119,0.3893438893055807,0.13525739113102286,0.9225047558572558,1,1
11343,5462,7,4128,0.3682518361032272,2244,191,6.763397273855689,37.9392231395939,0.6951924448155898,0.9596052196925602,0.33729604882796266,0.2255420789034261,1,1
21500,16650,19,1429,0.4850757691307844,3483,157,15.126998178064508,28.402461997759392,0.802379629296882,0.38024460821305606,0.7016566666335194,0.5671663808051596,1,1
28454,3287,20,4204,0.6267893605585022,2858,120,12.250239808522622,13.1134546687799,0.8844759580165537,0.5043124917128536,0.05621924354883312,0.5971811751981162,0,0
17662,25337,16,3493,0.6179073188300257,1731,153,4.288179722356256,11.715726469989574,0.7580282672954186,0.6470782246831296,0.10229486173081091,0.26568080185723736,1,1
24964,23666,8,617,0.3783490758380751,1677,224,14.515558398023586,1.4230331755962402,0.8444898901272938,0.8338770474023778,0.7165222766848487,0.5647607451428448,1,1
23125,21291,11,3996,0.7269984982561863,1261,196,9.819627790640144,37.70616043308141,0.34565459896172457,0.9587121392277561,0.3323067205541961,0.6495569378771126,1,1
16130,4161,7,3296,0.7017979237460712,5278,237,9.959791297951899,40.81469762974174,0.3433373620149397,0.6239471560284007,0.066766884113901,0.3796174830350004,1,1
27531,19513,15,3894,0.3999867545733842,6958,328,7.474850986184409,37.109282182535566,0.9443008198998163,0.8346784600434385,0.11136726173918526,0.3683286515275076,1,1
28633,25721,18,3509,0.9536243535746811,2854,225,15.766170019563386,4.496896713239065,0.9145745363262048,0.8153840348449528,0.705958542368635,0.1512027248112833,1,1
9679,5363,10,2842,0.41360497852855044,6123,51,6.752400513620579,36.8244164769837,0.5484973411052225,0.7155480929861802,0.3920826972996094,0.9133017259357435,1,1
11506,27535,20,978,0.8970938567918951,5214,131,3.053306051049863,3.1510702980626575,0.36655878527264585,0.7921882727045246,0.13039544628899558,0.7830735388076179,1,1
21284,8983,6,2189,0.3501982284256038,4226,295,6.495028400537094,5.962874088200384,0.8660015302588003,0.37436267716235383,0.7152478039424923,0.7455317612687958,1,1
15253,19527,24,1943,0.9146599008290451,2043,219,13.303333513420114,21.70234252783536,0.3234111324273662,0.6326095365744087,0.6762231113430058,0.11851208195057335,1,1
27128,11207,8,1134,0.36262062861076,4177,11,12.350101132254926,23.378909419467483,0.15363508289444439,0.8529508441984194,0.01841868063064318,0.6306627389032833,0,0
17435,26853,20,2541,0.8349997004109542,2433,188,4.602283033634034,39.35757592107873,0.63949267500548,0.6535015328017477,0.46479208619957757,0.25353425513922345,1,1
29572,17758,21,2655,0.5814821192321619,3668,120,3.3444409352315434,32.937763925922795,0.04262180973296692,0.909042933905247,0.1954693203045662,0.6624599016095024,1,1
19310,3244,8,1968,0.8224587520872446,4061,56,12.404285013628815,8.206048395667164,0.379101906166488,0.8835282410014146,0.4265086495844515,0.6279821673291116,0,0
21296,20310,3,2853,0.6071169314719862,4602,50,12.660217788306053,11.628898811753663,0.807663815694622,0.902605459310314,0.22341466576426453,0.8241365540143245,1,1
26525,6178,24,580,0.3953810702923787,4357,27,7.5414690139744165,14.426733848158278,0.29521619569283475,0.43319787880204763,0.25270102471357686,0.31711898101758085,0,0
21245,5176,17,3062,0.841204285053033,4517,135,15.406222828229815,6.812613960378342,0.9313154790735333,0.5062503197222851,0.4814820259460644,0.12334251211111463,1,1
19151,8002,14,1546,0.39560171860567356,4944,131,17.64038586269863,14.519309658883842,0.9558246666166373,0.3689422548557634,0.4310873422141819,0.8769942474695364,1,1
18457,3886,9,2072,0.9401570790151795,3464,269,4.893146186915024,35.24411331036745,0.8158163007651189,0.9789924651923553,0.31615391822464584,0.8723406242078463,1,1
10479,27916,7,2464,0.38262338290666326,1530,313,11.021633809149467,12.3458690950423,0.9876433189920627,0.5011284092267276,0.08605437746321246,0.4874806098914455,1,1
12452,22782,7,491,0.65676817777377,3047,200,1.5882144285649962,40.26190341183816,0.5307641115114377,0.584939734068635,0.7755391188636926,0.16637485008805522,1,1
13881,16721,10,3135,0.8127420357445092,3022,52,13.265397534433742,23.06729877088477,0.5691995521389716,0.5259529262261992,0.13968444037604097,0.523273640509312,1,1
22069,15142,5,2965,0.6016777374669041,5119,86,8.335654873794743,16.177980778486273,0.8361668152704784,0.37546791862106704,0.5064937959651119,0.5454120876602628,1,1
10849,27881,12,2863,0.4890294237391582,2375,113,4.68894224390222,20.383650913797034,0.4928052557880904,0.5172051261504694,0.0661958101632516,0.7984666510073154,1,1
15390,28483,6,606,0.8358182152934572,1089,267,13.911661709112208,34.3463468078941,0.4067200068330695,0.41284522637293264,0.5506502660364949,0.7095362277112661,1,1
19922,5654,18,831,0.8519486110647849,2780,359,14.87570515967533,25.289257052561542,0.614753591174539,0.6023411752861342,0.07587182670712221,0.1601838895393017,1,1
10489,14984,21,2996,0.940524789730795,3601,35,3.3342472694029652,1.3420972068277286,0.657659510848882,0.9687674357355364,0.1836066732047854,0.6995369692821168,1,1
17823,26776,8,358,0.5907456706758897,2914,60,2.176430070327561,44.349220789498524,0.7508958216961663,0.7968879181208434,0.5175881595024303,0.2153785482515938,1,1
17207,20755,16,1873,0.6740011100782892,4397,359,7.012294287540435,4.101812141087031,0.6682006972600854,0.802416505477044,0.22634815355548277,0.17605122299206433,1,1
17540,10135,16,1440,0.5824022034214861,4178,193,11.828842685057086,45.11520339427613,0.7457217952633285,0.6400325973064034,0.42628065211833877,0.43881606171965515,1,1
24364,3320,15,2110,0.5145323659848756,2343,9,14.591422198612445,2.3231827101425693,0.6745596708887523,0.8692345668412466,0.09960431466992743,0.1657590658090492,0,0
12611,7654,14,3498,0.8306610953840694,4651,290,10.510031194402552,37.23602874300008,0.48044523850017884,0.9313018668272376,0.16192043141296236,0.8048786447172475,1,1
27223,24684,12,3776,0.5673771808108514,6653,282,11.08235480906518,26.129711284614547,0.13493458433647032,0.9653920038936453,0.5870207266036932,0.4936598072556799,1,1
13878,26145,14,2862,0.6240156428751054,2438,149,14.697660658922704,24.76913048839298,0.7854432289352584,0.41335374255770785,0.02811108822578623,0.5989531923128001,1,1
24347,26238,23,3152,0.6083511408793778,2694,200,10.22591567460953,4.420589619568213,0.030779151387683057,0.9129721655337457,0.08944016788564131,0.5903348449785812,1,1
8851,24889,10,1241,0.8061031844139173,4959,31,11.584049088733959,12.221015485882065,0.9925000917613396,0.4940530454885509,0.1719648148885117,0.9313933183974645,1,1
26071,19131,11,2074,0.9373892007108351,752,131,10.017586109613228,37.54472390206402,0.8284584899396799,0.6042508172741337,0.016152447283424822,0.8784151309043599,1,1
14833,28707,5,1721,0.7767238792367215,5872,139,16.027560850567117,42.88921200635722,0.670910607981305,0.5711054046156968,0.07630295880494825,0.8217588499675631,1,1
19938,13770,18,735,0.6518128615003088,1966,27,5.386024206653966,25.86857800949004,0.9666067718544533,0.7820832256555488,0.2251131821089839,0.42577884287616463,1,1
10427,9553,15,1139,0.8486912734328853,1235,335,5.8558941449184045,17.60713962904198,0.6124702814562093,0.7326717057496266,0.07433396126651388,0.22333474542923648,1,1
12000,23426,19,4301,0.760221647438168,839,121,3.611364116430125,3.817330779017909,0.056432880744348046,0.41982711985154303,0.6928955440238931,0.603086952131014,1,1
13052,14559,12,2981,0.3887906285554006,4087,12,15.021201399657958,33.062390725118,0.5593821740145201,0.8510064828892906,0.05285903240892394,0.47426866384355626,1,1
10738,12009,17,1950,0.4112246953080586,1876,105,8.294325294278895,14.086990702255283,0.2772041856569428,0.6313730571529574,0.6887869593425916,0.2916976545507324,1,1
13387,16482,2,1545,0.3742668442071253,5219,265,7.240250024540523,3.5856446046308994,0.3694775279844368,0.3514219797309739,0.658288068848213,0.1830382979719501,1,1
16002,10498,8,2561,0.6423624487720447,1204,203,17.69225383193808,32.29503126763524,0.4595851558500289,0.615282090790932,0.08060927565070974,0.4706793027282834,1,1
13536,9636,11,1215,0.8785461979769374,4224,90,16.79225554625646,23.828830296086643,0.7746007463887835,0.6804522084782023,0.02015305141752917,0.6532375622732299,1,1
21479,10362,10,2939,0.5503732283848652,4918,232,17.53779675505856,1.562221035981025,0.5029292143709562,0.3940797985332667,0.03999361191625113,0.6315813416766491,1,1
11913,19395,4,4189,0.5958625171791883,5759,183,3.847933446518432,6.213429837998312,0.4746802908250788,0.44672656602636895,0.4723024516590056,0.7578332238479267,1,1
25450,19578,23,1626,0.93206534935545,3408,244,16.205654916944745,33.862490674559375,0.30197213774184606,0.985886189754151,0.5362828995908597,0.4965714328857046,1,1
28764,5537,24,3658,0.8856182050026591,2474,16,6.9237083898929495,3.9925526540920613,0.539872241852703,0.9075650572943907,0.49652271299698497,0.37339363897146305,1,1
18636,22226,15,1885,0.7756307919248384,1968,307,1.7088367084957314,41.70026404762054,0.2483908544353156,0.43532954838185456,0.43318148159351844,0.5578953544771984,1,1
28491,18216,16,3668,0.5207544205390409,2642,238,7.956422543720634,15.632335038736835,0.26099381540822797,0.7213980158056041,0.13974727250359129,0.928755150803989,1,1
13726,21613,3,688,0.4249065489206038,1052,187,9.901739826777984,5.167324110511957,0.7572587751445204,0.5927157102190996,0.6727631157082172,0.13832695733936956,1,1
11373,6009,15,3091,0.3602776465152728,3991,286,3.2856369888621884,36.708596773899075,0.34254726450909,0.6979938615679486,0.2620439490881989,0.5493659327471518,1,1
20161,27368,17,3632,0.41848683046682933,6133,194,10.371680678425228,25.648080019292117,0.05139967293911185,0.6511425238831279,0.7889425568903083,0.37987482701934683,1,1
10082,17209,8,1003,0.5372617239193234,1289,330,15.02114913891607,15.412081521826988,0.3436772858949808,0.3808153120164382,0.30788623831535245,0.1895477030840071,1,1
24281,18675,5,3120,0.7031456406908771,1673,219,7.7312406888467,20.086622058455593,0.638572207866619,0.5518689990341011,0.21040387517949233,0.46946998106949445,1,1
23305,18029,19,1359,0.3909600529615276,1052,262,7.318639307815986,2.0063825934268165,0.8139855866773223,0.43033317249800107,0.7154006510253901,0.6449895104854365,1,1
17817,5077,6,4474,0.4371857781238073,3922,30,7.0903719338061775,32.14683126435316,0.9619366813923613,0.6629395790660785,0.4539313305528266,0.5489407321572438,0,0
19261,16907,7,1598,0.4658916494770823,4711,274,16.73105835708092,18.191363381281892,0.7462204214749759,0.9306827007869077,0.5774803521397919,0.12479999972473148,1,1
8417,27229,8,1601,0.754468539509316,1131,86,2.304508630038285,34.5597657772221,0.42885160941683687,0.9871409744445081,0.32671902666179586,0.5922498448151412,1,1
16808,6867,16,973,0.7441054713472797,769,189,8.843756342883761,30.52404385976972,0.2991192792049576,0.9543219638287816,0.7095324047548721,0.2972021962306042,1,1
28358,19152,2,2659,0.7024900648781778,1360,292,5.8658909934703285,31.608946737757684,0.1296299901708894,0.9808461599838784,0.7341801703874619,0.3902550717848341,1,1
11267,7873,5,4412,0.5103209118054013,790,66,16.247815918893657,38.26595741720832,0.6276864344461144,0.3597576420994273,0.3494151448935318,0.3653740317702594,1,1
25209,11635,2,3882,0.5875166023799885,1957,34,3.0848623491327647,30.6644296836838,0.5098833141090063,0.8168460662041779,0.19257906829500843,0.8297363116086102,1,1
13745,3297,12,1316,0.4118814184561555,6652,35,8.288805650226777,20.680118674368945,0.6777015164441412,0.5246872385129832,0.5181371075467904,0.1404370649909013,0,0
19338,16095,19,509,0.4949347864051551,6370,297,8.212466508512914,19.326595401527875,0.2371331564550696,0.9039955060922477,0.7636674670564125,0.39579723922013854,1,1
8412,25240,15,798,0.9245313449424515,1129,177,16.158507889525872,6.620359017948223,0.32364416810994556,0.8707894339993871,0.4979571676583531,0.43559388633253127,1,1
15543,12036,23,728,0.9770027177189302,6443,106,5.055641843175996,37.63384041834336,0.292095349498639,0.6211517285650906,0.7633779507261892,0.6260091239611382,1,1
15587,4015,12,3939,0.7645021348097886,974,132,12.140774269976584,36.77209676246722,0.7976518421744105,0.6528868320660208,0.2750463719780917,0.7706201212076944,1,1
8728,4384,11,3451,0.9367669068949889,5132,90,3.71770109364852,12.576023253019601,0.17122981486334676,0.5196586681552249,0.7320632566399001,0.7185153670152277,1,1
19657,28973,18,2405,0.761354816256912,4580,319,17.240599282328954,41.5460498968128,0.6084721170244956,0.5348345831809932,0.09005346593327523,0.7397287877978767,1,1
13988,11745,5,1853,0.3712457511075007,5280,32,11.284746827992716,28.683153116159527,0.051355015759106726,0.9779516309507101,0.28706753515014577,0.26352896385793456,1,1
26888,21734,16,3506,0.9879280543913017,2260,126,11.83323605029106,23.49828159254466,0.5495275759017196,0.9188658487489116,0.39557698759243537,0.8749766826834892,1,1
10967,20653,17,2869,0.41332947307938234,3582,255,8.657261127397792,1.8223261763983059,0.06391397575305591,0.47279614215358384,0.5224882706018336,0.45202637754185837,1,1
22527,4260,22,2928,0.7868907529248388,5208,65,7.147664758994317,18.988835735622864,0.17587659078798734,0.5263357938335571,0.23531139595898118,0.10944267630808503,1,1
27170,10701,14,2176,0.5118151699678656,4474,175,5.0091610866654595,31.111526107076163,0.1130253020535622,0.4195347155598464,0.739391440346983,0.6678817547721331,1,1
24048,27760,10,1367,0.6008679122604546,3898,276,11.46579793823227,5.218148371354022,0.3467253538834265,0.9828773011070024,0.722796967355328,0.6134023791878378,1,1
25506,23947,12,1806,0.7633978782726005,6549,329,17.250268798245926,22.599663517714767,0.3437314177077291,0.9306143043395505,0.6394692903724499,0.20706398982580243,1,1
28463,26281,12,3313,0.6293519035569325,2823,304,7.43655074252465,47.69148971399502,0.8264192807282563,0.7033427116719344,0.09149001999338574,0.915887464597938,1,1
25955,25056,7,1967,0.5103494777159221,4061,117,16.072088662923896,34.67731594882618,0.2256874513805287,0.7934515865261604,0.06263276091062782,0.5773297661908078,1,1
13073,13401,2,4366,0.5640455596021278,2892,198,3.95480916197962,26.702931712575406,0.08638674177397698,0.8286860413380188,0.39850516409547343,0.4988743883626383,1,1
13104,18519,23,1247,0.5685907948308329,4344,23,16.946079344549712,26.052545592136603,0.6035117908141298,0.48043918557454396,0.6122750045567336,0.4384038887317967,1,1
10143,24977,7,1471,0.9639672988852568,2915,344,7.283023684318263,3.0569588661351377,0.6874506996000068,0.9481864558919407,0.09858871432900901,0.278373671634574,1,1
15357,14864,14,471,0.8611123301910086,4304,97,7.765498991290204,45.993778558173,0.2948236160214538,0.6871153367818346,0.513149973548815,0.9098908878301594,1,1
20043,18681,23,1443,0.643471213746816,5930,221,9.136897241066416,44.62435003339702,0.6028141163613772,0.4091689840002732,0.4222843128818456,0.6968348432143192,1,1
11440,25539,23,2159,0.477885389018473,5326,183,13.351030454136229,33.07302140174598,0.776056568006644,0.6041328690135482,0.5807915357874979,0.5824631865864771,1,1
28150,8543,6,2488,0.8690503105680998,2124,195,13.374281655869082,5.653547535032848,0.3475529390761123,0.7350537959530028,0.34830018093301435,0.6365201715272281,1,1
13644,26624,16,2793,0.450596781829359,2008,167,9.413211647874476,10.768193147223595,0.5253538399331118,0.57580684253869,0.5546372777760072,0.8143573896844232,1,1
18518,24067,19,3877,0.4846958189708822,4610,104,10.132022838679942,9.643748186152505,0.14663327367232004,0.7974908337611719,0.1276869371872511,0.6403622388342548,1,1
22552,21265,21,488,0.5842485707776968,5353,191,1.9951730482733292,25.420188799757284,0.023646801070180357,0.9145119874610911,0.17167541858530308,0.19740211962566762,1,1
10914,15488,15,4376,0.9134228453452736,503,299,6.520895575712373,10.766782101593321,0.9813679748108296,0.8440109596045644,0.7226672510512036,0.6927008850011809,1,1
29352,28097,16,457,0.43434346792583056,6465,71,7.209281724805056,33.702626392577315,0.29973085053636994,0.7613011328622745,0.2635000602379651,0.5801389695088539,1,1
21584,13079,6,3017,0.42822988342689666,3947,77,10.71899993397503,26.625804640561284,0.2789020507218216,0.6777807881034656,0.7884046518692407,0.9213924915130164,1,1
20144,13744,5,2270,0.6661439925153703,5988,236,10.711946161626525,1.8299343210048078,0.9732451331730877,0.5128566309042645,0.036963678120074575,0.7236613324719003,1,1
22397,6809,3,545,0.5269027462999518,6084,193,13.213346662509906,35.97069014067562,0.7282335237631167,0.6411655455983573,0.3967006519623256,0.3924024785832223,1,1
16787,25191,8,3203,0.7139858826548223,3080,54,13.330950387598335,9.874950622735579,0.5852978879404832,0.5374898605684333,0.25998973155708216,0.21508817369660965,1,1
22191,24267,11,3095,0.639047478197263,4291,313,5.380976949499369,39.76960062499182,0.6993233950933568,0.9477749638974239,0.796772029640738,0.5099385035989976,1,1
8728,10206,17,4124,0.6283738280647788,5581,306,14.208087993229608,17.687135544780013,0.7099265666954027,0.930679140471463,0.792027805091696,0.6774511386900154,1,1
25749,23539,11,2677,0.4216627011116757,1660,312,1.8234588727636538,16.91512495913691,0.7633358802929825,0.4497288853142909,0.18819463348234572,0.2506841902208854,1,1
28876,24057,19,1149,0.44027180175989766,1333,128,13.316671096010888,1.5554147815758952,0.06718923141991995,0.8764769415643007,0.21380550374570878,0.6520276331452389,1,1
8698,16746,18,2110,0.8754902895659841,2498,161,3.1840082080704812,47.4232621973818,0.41283141978288795,0.7998654059236737,0.5997377749736376,0.80176999431097,1,1
15186,18995,22,4286,0.9169649520459164,6550,265,13.539195438950113,29.7642039410776,0.29513031783301646,0.974135501158787,0.7117395451154327,0.2334926516268967,1,1
22512,19035,14,2426,0.5001974610465602,5835,199,10.197448494378671,20.868317810741562,0.07056963851700548,0.6465162039041144,0.5309575902839349,0.6999178480665317,1,1
21923,14671,2,3330,0.4226147209758522,5987,334,8.71469926127102,5.541206009682935,0.41259899684642876,0.8121915977052052,0.6917671640490907,0.15801898855984262,1,1
24779,16210,2,2607,0.38418667003808676,6760,355,12.895995431063579,33.85995901509779,0.6161734854131468,0.6814457088821608,0.050633964316582514,0.10675757045372357,1,1
15400,20793,16,3376,0.739310472794814,1702,335,2.10011875682934,14.288332089621125,0.1784976799744188,0.3944163178831076,0.5124227851172749,0.12773948337885582,1,1
12171,8197,2,2644,0.8078260560001316,2675,260,5.187260373647042,47.44919846364986,0.3050267438878538,0.3799294398315313,0.5601367113365571,0.6367788909967123,1,1
12360,18553,7,919,0.5885983930900516,1881,204,11.67126235071629,45.675725880018184,0.639170821917154,0.4281513234430629,0.15225525045177,0.9273577447815593,1,1
10502,10452,14,3202,0.7849925551940093,4673,72,15.479054209408496,35.55894390373106,0.5793246575572134,0.5395622808655468,0.6223761674596844,0.7556664143187897,1,1
25101,11718,2,2707,0.8062936419580967,3288,84,7.78827600959443,46.64038072329954,0.8687854631732239,0.5158323877196002,0.7554121357610848,0.31624787103442276,1,1
27166,17859,6,3304,0.9486190600940194,3321,237,5.769564298453692,5.964791535326853,0.7912309696503834,0.8161290679717761,0.7183731938224527,0.16093538352572084,1,1
29330,5172,10,4214,0.3915191282144686,4677,190,10.059151190518406,14.156021945217624,0.9656110522860295,0.8081905503501594,0.1959739343306712,0.6241560096440338,1,1
13486,16158,18,2786,0.47306670286789104,841,109,11.768201664382882,12.902434573185417,0.5971933101133772,0.971692531103598,0.2591941103777489,0.1027445523794135,1,1
16335,19663,17,3702,0.3938566320620724,1861,329,8.431700018194817,4.3845949475872175,0.6984673664116263,0.5486501282831335,0.399689095156997,0.7736977806312405,1,1
29364,23361,9,3896,0.9055161173351107,4691,146,15.965726263885959,46.69465010465842,0.8605062588144029,0.9506093336195794,0.12668894742445574,0.306652446895084,1,1
12491,22053,18,1977,0.8572557824214838,5116,276,10.136738696190221,3.8187820724040114,0.839992444825268,0.7422243862321505,0.7631625304930205,0.3543345145786798,1,1
19130,14085,16,4339,0.7177709251979769,1495,347,2.0910891949146526,41.264378487733495,0.7187216420262343,0.6669975750336771,0.12927730376866206,0.39238213901246355,1,1
29972,27209,2,1604,0.4035445824327572,856,128,5.180390252652142,37.103586955111446,0.5002562093739751,0.7774184818004581,0.6091383663922687,0.7490200004605437,1,1
15651,6981,13,4393,0.5249199095383805,685,227,8.93567601014394,18.665753111158594,0.2732068882307288,0.7997634890147756,0.2731425209367429,0.3258805908181027,1,1
28020,24153,6,2263,0.5405407027574508,2193,178,13.012471063779401,1.8839460436005524,0.877215753935406,0.46003457846991447,0.45897663815727746,0.3418002598039934,1,1
9167,8247,7,3607,0.7088756454498669,3090,195,5.125912022577715,1.2865075341478671,0.776655442237305,0.8310979222625647,0.03773905951548926,0.5598431474306282,1,1
9062,13553,2,1661,0.5151480921834979,6794,144,17.608247755337448,10.587710512614391,0.8379069519584792,0.814110569258865,0.1640094860298591,0.49355044933479053,1,1
26540,23811,2,2087,0.3966943129042911,1842,301,6.7562112601033775,24.212199261588275,0.1407893181472042,0.9884206617272185,0.35551299065696984,0.9122342355092198,1,1
29545,9135,11,1373,0.8176878731861116,2191,123,10.285923413199708,22.521768974702113,0.3148128781892746,0.9336465796303843,0.5417529737924024,0.3238870947685718,1,1
29689,8573,11,1465,0.5414113354594632,1582,279,1.8129453480621793,28.508751098551592,0.42488503789965115,0.7881825482779465,0.6220495409687038,0.17810755677993248,1,1
19174,23515,4,3899,0.6395194732949123,2557,80,16.100696903608274,37.28208755405582,0.8383519723005607,0.8059127763818578,0.024112414210641833,0.5598342534008383,1,1
12729,16731,18,3017,0.4317066463886754,3404,113,14.515771783165526,18.73566689842967,0.8928866727146555,0.9554308056541345,0.12199217286303173,0.25684164187152425,1,1
17348,10189,20,3453,0.8636309141725309,3695,123,4.725057070877279,8.537093688937919,0.2848927142552863,0.968994094709872,0.583833390951403,0.4515826952345079,1,1
13334,17541,12,4426,0.7119404012313968,4951,262,16.898405405457407,38.60229909093592,0.6864291672657648,0.8792577262176815,0.6504443406496131,0.2591182520305282,1,1
16924,13878,19,3355,0.9270148007743122,3917,24,6.711356102657176,16.63646202256691,0.0778142061525634,0.8411318691245829,0.18925722182862892,0.8488244054163135,1,1
12330,14087,3,959,0.6671018003618133,6880,123,12.921073758271932,14.483449196287484,0.40957327196876114,0.4212741269535303,0.18372243760486448,0.3783321874711528,1,1
14801,16667,10,2882,0.952512429963443,2880,355,15.013109247273897,36.92266580617406,0.4866691077518851,0.8814062025476069,0.07042355157853271,0.7586373795404856,1,1
12846,23919,18,1429,0.9207956508040486,516,141,13.725088610413485,44.90455358990779,0.7656328148991158,0.5120452342117059,0.1202351804776054,0.9063128841470968,1,1
14731,5776,15,2574,0.7189343081339097,823,281,16.64011593649238,44.00318025450557,0.8919722368371205,0.7108219494522963,0.00641271350579693,0.8994679931505275,1,1
23368,12311,5,1768,0.9476918004159125,2570,259,15.76053354562169,7.459794015287393,0.3372832358244562,0.6094383810802146,0.47186499182231556,0.5460809321524842,1,1
25337,10697,18,2402,0.5567767982685135,1430,268,17.911089982511566,24.648433213057082,0.5277388899419013,0.5711886724078342,0.7231130752715456,0.9357668404229992,1,1
10539,17629,18,3566,0.5840109841306953,5054,171,4.513088307506401,5.364903335224151,0.6474482223675242,0.5485600009389184,0.11966087963054309,0.6575466356199742,1,1
15056,11386,13,2771,0.3791058888358636,6079,169,6.528569720240551,46.16587006860079,0.3286872289468147,0.8974733316207935,0.6011549307528349,0.20921559619601698,1,1
19516,20046,21,1451,0.7270885803288659,5152,33,11.997726812621895,11.115710636211452,0.9855382131740444,0.8422471172299804,0.4589269490579973,0.8551204015995018,1,1
19493,28055,19,392,0.8120313407545173,1944,39,13.59527856721113,10.279190013991412,0.8757743795700246,0.6850072015415689,0.7519375140905379,0.4983858554905407,1,1
9542,11044,4,2866,0.845052281754946,4536,241,10.320983400169201,42.777626631304535,0.2964028288666166,0.7752675160732524,0.6384980179762064,0.2297901446248439,1,1
29677,23602,12,1581,0.4458824230695061,902,298,2.719818020629146,46.48897609073235,0.5079462309990483,0.9800978882201657,0.6821832182073029,0.7727084920978817,1,1
21964,12615,19,3200,0.6342618062800002,3902,94,15.386321242206304,33.78871618687706,0.23084061324724436,0.6044224868978836,0.5113137218980535,0.6307425564409638,1,1
25575,18034,5,3099,0.463192455740106,5052,207,17.354426874350988,6.6872365838635695,0.5145039189033348,0.702704387846128,0.649068895628696,0.8498028258690979,1,1
14313,8060,18,3477,0.7737615032667192,2006,232,8.191027923135513,23.83521369541167,0.6833323448232849,0.6914551760476706,0.2806956027838887,0.8032240938246715,1,1
27065,13900,19,2904,0.4510856783499316,2021,72,5.20940594803096,39.38043942089538,0.08552109279298781,0.9490223200971105,0.16721407586977577,0.3720938622326837,1,1
25924,25258,6,4181,0.928664757731888,3598,135,1.8186769568744443,27.906427634287525,0.8701172048072717,0.5749999472709498,0.7300159769863716,0.31786738024946537,1,1
29925,8581,15,2713,0.4976061732233045,2944,115,5.415434095544157,7.231958172231729,0.5937458684465835,0.981203040139357,0.5874687024579365,0.7237542659950703,1,1
21807,5014,11,1844,0.5364974504244767,2687,16,13.048659784833967,9.078724226651708,0.9896028985770017,0.5450064726868383,0.07256231755047216,0.5873159347796537,1,1
17580,23173,16,3830,0.8945800461766398,3068,292,16.541224896600053,41.61465876423584,0.02559150724950321,0.41970050260738057,0.693527622201163,0.1593935886556623,1,1
25749,15997,2,2946,0.6434192704932632,3293,179,3.042965596124136,25.770370693311722,0.8314983510982321,0.47247906895491587,0.2791231519827781,0.2543921294011381,1,1
16691,13635,17,2358,0.3653574053120467,591,323,10.628776588171844,34.174328367035486,0.7919630482545476,0.6227816587930997,0.23862223243342148,0.22865042978877345,1,1
15494,28487,12,1445,0.6665352007696932,6720,158,12.976265600445235,18.533938732954045,0.13285251204003234,0.7658438078932783,0.49865085382911034,0.6013273504292989,1,1
12312,16648,24,1210,0.4041077346432787,5447,47,6.060283548253432,26.02682239718555,0.3353056350834067,0.6807681408153725,0.45487890888517085,0.17289792369242088,1,1
9324,10148,21,3606,0.9806206199598788,5863,209,10.903301146309984,46.92384759822151,0.8847962030441727,0.5908180330076445,0.43060537693239065,0.2765457963580492,1,1
11141,27150,7,1866,0.7263914050915855,5440,176,13.301599029095252,16.496042737502492,0.5184542950722543,0.7097012900523365,0.20390174672162154,0.5635700214415669,1,1
27870,21748,23,2695,0.5141808752710262,5262,298,15.322367511733718,32.7150607928889,0.401281487467239,0.8868360168413877,0.7678190010049759,0.21309828842280526,1,1
9810,17022,17,3305,0.7107793149104753,2253,289,8.966247538529686,9.107761188175798,0.9054964322508418,0.886915857688627,0.7600967390636266,0.3110310434266673,1,1
14588,23013,3,391,0.39919494616432305,5554,315,13.83964411216285,6.721774607235665,0.09334452447706143,0.8147858484366277,0.0033297519379998698,0.8707723787580084,1,1
27307,8919,2,4292,0.8619304347320429,5584,56,6.47941903370752,37.8310852291744,0.4731227829022564,0.9595670132757391,0.2702621033341668,0.6925498907015275,1,1
13301,18886,10,630,0.9422099544730648,5392,119,5.0152713217406175,40.673085869396786,0.6523740979753523,0.7277309871602163,0.036438931249637374,0.36084921377725476,1,1
28570,25059,23,1254,0.909644408451942,6281,23,4.590676810496012,32.41064968142253,0.6085414390150126,0.3549008880986169,0.6801990130479262,0.8457518540011388,1,1
23485,28256,13,4080,0.5687248654710801,6460,39,7.421400075124483,8.43520436459033,0.26427645440889147,0.5361949649997809,0.7092145906372935,0.3127420870294698,1,1
19714,9638,18,2901,0.5584915965717558,587,52,2.092014749516009,12.307634385199314,0.5633129045343365,0.5600625308736644,0.4146386269489951,0.6007203037674073,1,1
28652,7651,16,3277,0.372456071178432,2141,237,6.16936532147662,43.825258280470244,0.7085617642859817,0.7002886894741553,0.6717424275685724,0.41322018699761076,1,1
12748,3609,20,829,0.7668962295685867,3462,223,12.261676603313266,14.569090293588546,0.5848854073266984,0.9291292616879885,0.5626882526830336,0.7393269979550838,1,1
29233,10940,23,3192,0.6923390618814687,5913,114,12.190664278142256,39.48644426126452,0.6844622259773223,0.8863935766675802,0.39965915434273935,0.41584925254724436,1,1
17435,13348,11,1566,0.6439816776494984,2642,258,2.7136378071096052,14.439052578788875,0.25607873938879044,0.498590710597317,0.2910491191912219,0.31153242177170015,1,1
11709,6866,13,1773,0.9308838101342125,1050,192,6.242357681830232,45.15474075820142,0.8328489502717826,0.6824097510042042,0.21298002026124785,0.6165489163475536,1,1
21116,19755,15,1897,0.4574424966930216,2946,35,10.897701467185708,43.979286903339144,0.44968953698496983,0.7718551266745355,0.20754330993844158,0.7335393754592524,1,1
17576,26382,10,2825,0.3561864106817167,5673,263,6.756110268801197,3.033369160553034,0.9872238441045688,0.9820073860039343,0.44965150739007315,0.5559091349576302,1,1
18150,19999,14,4061,0.39692252935728983,2451,167,8.396802399116414,37.20945738276821,0.02328532066693756,0.3700338043905971,0.13344706119227653,0.708845042836467,1,1
27456,26295,4,3042,0.4929577202095161,2790,348,13.261377492410107,8.964702731017132,0.38031537124764336,0.6468814827330045,0.13983350093836472,0.4587137745598867,1,1
14530,25394,22,769,0.3713027515286124,5729,312,1.6529026860343956,11.11776641759993,0.18047505230511085,0.9823895385649409,0.008314672261625322,0.7761292233009215,1,1
18188,5253,15,4130,0.6718199748116067,4337,75,6.0604934774591035,22.61272497957936,0.5556095269940534,0.9754117100979808,0.490662447647299,0.5972709776128642,1,1
22683,7942,22,833,0.5510178913494899,1123,311,3.8491420224527753,28.086953038224152,0.2432050943736127,0.5616649712624826,0.7954753485280417,0.26681248706696714,1,1
8504,15330,11,4355,0.4655091251636049,4257,60,3.605551515614114,16.31258679161312,0.7374779465674818,0.3500107112050782,0.711375500342339,0.8571389476354142,1,1
9214,3864,17,3979,0.8300538079671438,5296,103,17.324163571379575,28.043018181047835,0.8818658623375187,0.7255101343694939,0.5645518435416811,0.8113003642400243,1,1
9531,4268,8,4387,0.48084884878881917,3792,25,7.713245470779893,9.02094345303342,0.21088435358211088,0.9048408645074499,0.6284202382132584,0.9193253777968978,1,1
8823,10454,5,1061,0.7900672646360276,4332,112,10.196961651009058,2.0498697559087424,0.16067761830179839,0.5575502234738491,0.3334821730109968,0.5836572389150841,1,1
25312,16666,21,1190,0.5735295397424889,3111,57,13.608061136648937,27.847546253002868,0.8753571857284785,0.9479327774936128,0.2384636439328551,0.6743798364826579,1,1
13029,28360,24,2655,0.6775697668240348,661,10,2.282883335190828,25.318517218228987,0.36127191508850565,0.5629295597512083,0.2949026255077469,0.8340423507949155,1,1
21428,23955,12,2255,0.9476749055048447,2492,235,5.476873536202023,33.41373631156847,0.43458363495902996,0.7405288447824442,0.06513766538403871,0.1447026322791919,1,1
24517,15370,17,3271,0.3739050462821202,2582,86,15.230438491171256,31.541636912487753,0.22096950244353564,0.8121094868362464,0.507036158423706,0.8753739383805561,1,1
10105,8229,21,1972,0.6701692847855756,3513,221,15.722845117435037,43.18185987099591,0.42531486805114715,0.5710660892770315,0.1398920177701391,0.33048890775759715,1,1
11627,19309,5,3136,0.8968306946096757,536,339,7.653690190573234,22.595025147592658,0.23130007307799694,0.5754121036923392,0.6103025689280308,0.148487129437869,1,1
20972,21621,23,3944,0.726303518957023,1345,51,7.685216394254176,1.3933653105682753,0.665927440634181,0.6507966909976154,0.15198116981105017,0.3019659388146425,1,1
9852,7054,23,2597,0.5271971308577003,3376,356,13.988798472296551,30.64067603505214,0.4988764124800872,0.8845429939869279,0.18249922021386925,0.5984059688658688,1,1
12910,3935,24,4361,0.6045159264928219,5796,245,6.368658741372841,32.73122419135127,0.7880604459629089,0.4145444912398262,0.7658445115009345,0.1406699489304513,1,1
28559,15172,18,3466,0.7853700023862877,3846,182,3.432052338809968,25.51026450161058,0.31272811606729445,0.7541468066552266,0.08431672961898205,0.1006500513741234,1,1
19003,25778,14,1619,0.920119612360834,4554,86,5.749334928969627,33.39732890133714,0.5055950154590377,0.7835026747579263,0.3990740313968239,0.6434582721625471,1,1
29732,27275,12,483,0.3762824791978314,4700,291,7.891188071990285,16.208439222099177,0.25952332297713443,0.7070385663930474,0.050149205921277765,0.485379245322046,1,1
21843,13530,4,1583,0.3957848460098409,6799,196,2.3613777083191216,7.993990249980722,0.9344739302466315,0.9489365679203985,0.07231279366576508,0.8176807133629788,1,1
19704,18560,10,3146,0.558032975110136,835,147,9.398224194302884,32.234022205951106,0.5219356677911031,0.7352740588381099,0.5068002897107416,0.31891519382982364,1,1
23761,19156,7,2533,0.4989789980399865,3597,318,13.710123960750844,12.523762173129848,0.17346249631794308,0.7561291206893039,0.5045818104468685,0.33860146367637634,1,1
14190,19709,23,4388,0.5195557671823399,6553,283,9.976794883927617,22.44684773635763,0.27276565921002904,0.7338464178654978,0.15449622505932734,0.1659144433227916,1,1
25640,12726,22,1732,0.49161279912056377,2843,45,2.686273118489365,24.106268338747487,0.08290196412406015,0.8120920159540268,0.6979892122067142,0.5577349279387509,1,1
27760,10774,12,3440,0.47532803126730094,2060,275,8.762468917208317,23.428378872014257,0.0278159955977334,0.43666202601849247,0.5617495965463819,0.4110187314097077,1,1
13645,23245,17,2096,0.4335993387963467,5481,91,13.19692603270674,29.127109752957924,0.525921826070671,0.9223368470555564,0.24048846629693169,0.3887516712128668,1,1
27870,4985,20,2355,0.9477306443489523,4664,7,2.458594790838134,2.3843243195153665,0.3371229225256053,0.37719508666819407,0.19870924640714255,0.4889877730853964,1,1
27968,17252,6,3636,0.4422812568999379,5946,215,2.4874786304936602,47.51507726171414,0.9637734552603064,0.7600761344345486,0.603428202504663,0.8222342702703984,1,1
17588,24316,15,1082,0.4808184158499431,4746,5,7.614923152486214,34.66659227511285,0.1713313963614842,0.7439077966099891,0.5868991393060831,0.18941030648578494,1,1
19829,7603,18,1807,0.5076100633477029,1161,79,4.7169054080412,20.993225744541846,0.7939126527369453,0.4831975215530582,0.11906552922515018,0.5450545833921384,1,1
16053,22162,4,4154,0.9471295188034692,5939,235,16.923883056588934,9.992511423641483,0.31597144219290274,0.3760550231578474,0.27935027893621467,0.266969753140566,1,1
11330,18960,5,976,0.8336570455046942,5352,80,11.092169461705762,4.768334154837746,0.2235373860587052,0.43885465411078983,0.17334179732675256,0.2805325177528121,1,1
27087,12462,17,2130,0.8554076354019294,4239,264,6.240869090197287,32.59294976942773,0.9696368190013074,0.5238701151687818,0.23531535686869853,0.31822493023309306,1,1
16662,28216,17,4390,0.41704528610463876,3683,29,13.128816030396688,15.896913903052239,0.8025765987457657,0.914547641957788,0.2300511699958978,0.49049143881800217,1,1
15114,17166,22,1660,0.8852383200100299,1985,204,7.686329347428926,11.785487537743796,0.6306208914453316,0.8976700186751938,0.7808189599706377,0.5202400419113374,1,1
21323,10754,5,2986,0.6112435723631475,6583,98,3.6799081322536655,18.85785619427967,0.6971210372237521,0.3908675675302731,0.6001690984884549,0.8407845723868209,1,1
9353,17246,20,490,0.5182067367759288,2909,356,5.414331792419077,28.867385126962375,0.9913814748505898,0.5351315251396382,0.6240416391487001,0.8582953195421016,1,1
18975,7078,18,1142,0.7184800534529987,4798,112,12.105330193579698,32.57014518414806,0.5932074088248868,0.9191623956793944,0.22193853221249693,0.5986645725874694,1,1
19023,15853,14,634,0.8761970597227097,3034,359,2.3559557489503624,31.322993259662915,0.10190045080696009,0.501461778204557,0.00042166803709475786,0.3391935323057862,1,1
29447,20751,23,1410,0.8483373766879421,6099,99,5.9993691607930515,41.57348242412276,0.06486612670138137,0.9874177944453675,0.0465256039375916,0.7956714422731341,1,1
8667,7042,24,878,0.9195983888519246,503,95,4.937139381095881,11.281599260295417,0.6666067774738734,0.5143777253038762,0.4423998133254366,0.7739496945060088,1,1
28852,19284,2,361,0.9440045990498841,5748,48,4.818729326162778,30.927069670265368,0.6576011439251482,0.8230324842694399,0.22838491111870918,0.7782604177949743,1,1
17337,17389,13,686,0.5023981257137597,3597,27,12.765579797603523,5.752375680746423,0.7481737929780886,0.6169178710856918,0.1543636805185507,0.11391244597701403,1,1
21659,5575,5,1469,0.6212690522683338,3348,194,15.125979126447014,26.752930425261358,0.10877873023261375,0.43719651330849574,0.03971273729305498,0.7407842793057797,0,0
11719,9754,12,2500,0.3593622650912448,5572,27,13.31179903306027,28.446044917014547,0.9449022747551717,0.5132989525304344,0.7007053915437903,0.8248115385612773,1,1
27129,20965,6,1983,0.9127658619296384,526,238,12.154508960708451,11.163153049906162,0.5511584139106448,0.782075568397729,0.48010187764638074,0.6142779975634718,1,1
15483,4986,3,786,0.44892617694385123,5661,190,16.621454234994758,19.40957710958813,0.6495555210212154,0.565716097303328,0.08589857155860586,0.7385575682474731,1,1
8539,21624,18,4032,0.9013438798993243,1464,315,2.463474277000898,39.87806581043871,0.034852383378130236,0.7366420611843061,0.6131232128772749,0.7597446758045815,1,1
12964,23350,9,840,0.5608078860714216,6707,337,4.263470918607972,7.975225526389281,0.9609742145155739,0.48153986737213417,0.6046604728614393,0.5305958948600357,1,1
12835,26988,7,2360,0.5856054975879285,3596,67,8.33771311856378,21.42179128794449,0.5625918487439486,0.6370918221969926,0.2315229128122047,0.791577608783021,1,1
28159,18470,22,1538,0.37504464286967,571,107,7.645452117813817,44.838454346938235,0.5633631129946286,0.6778372993819043,0.15074151324539553,0.7734473274759145,1,1
14042,27704,10,1290,0.5592024254498045,6101,320,8.39785144888987,24.693119601881243,0.9435553162303798,0.6141821205211675,0.6511855009115011,0.8786887034188349,1,1
22837,8968,14,2599,0.918552756992809,6492,193,4.90650593320465,35.08128445616449,0.9293501781836674,0.47666754006438006,0.2636517861209085,0.8831675873008964,1,1
15312,28427,12,4207,0.36635033671782663,3447,340,3.9668047070737673,39.862703859110894,0.22029859181724165,0.6453942557483121,0.6779424648647656,0.5502573955601838,1,1
13320,10493,17,1380,0.6100495827499042,2815,193,9.901688583055813,10.577395617738144,0.9310988219059293,0.7934563587449794,0.03492129043822736,0.12676976406420695,1,1
21216,7103,17,497,0.3700957630801543,4397,355,16.812866647135095,11.256210070047821,0.7366212893800614,0.967539624208551,0.39943115912924,0.11624087048143525,1,1
10779,5076,3,2494,0.5873909920698015,6738,73,7.967496128773631,36.65379843662402,0.018900727331417455,0.8552938371058877,0.1436762251196959,0.8980876963652943,1,1
25308,24615,11,1898,0.46049001009938634,4990,118,2.2153280329722134,36.40541669429084,0.23984314873833834,0.4533411081721897,0.5376358505825087,0.38675692301081743,1,1
9581,5994,13,1900,0.5114197716917581,5464,108,13.151761157677155,3.828616070062096,0.41298014547144635,0.5245291838742656,0.7977710091752376,0.42090322259959223,1,1
27708,6744,9,3992,0.9116629588233082,2911,112,6.303230941198387,16.157417312663327,0.5828224555057547,0.400447293090144,0.33000882562154765,0.49942182499171306,1,1
20677,17466,12,4165,0.6290715011980101,616,349,5.544067620530719,19.731027119696584,0.701329730488689,0.43681569552644983,0.08024843751356583,0.32592914762102343,1,1
13713,17523,11,983,0.5252307144972238,2711,25,6.850257011516375,39.96489896314422,0.21021039395689933,0.5104370975158063,0.2541384955782947,0.6018520655899569,1,1
24639,8594,14,3383,0.7271765618883506,3424,270,13.44295614447996,20.827526005197658,0.836700514273689,0.4776975144308608,0.7132051996520657,0.7669273328568131,1,1
12804,10531,18,4289,0.4409484542928527,3337,347,15.010519883360017,44.51865784895246,0.8457153238891547,0.48673552049064744,0.612608819283137,0.31874039148467503,1,1
26222,10371,8,632,0.5160106287493478,1076,213,11.2029251110929,47.84056552561008,0.6349988192605773,0.49769294492114435,0.18576932951380593,0.731602069105263,1,1
18136,17547,4,2071,0.6995986992658486,6949,174,6.820899436372601,37.69412978763443,0.9210939105156983,0.5424343653015112,0.7628789754922605,0.6712162717697677,1,1
8009,21028,21,3021,0.502014746782764,1271,198,6.62289084643509,32.3201744096611,0.8129824268971879,0.43037508392112556,0.497750347754484,0.5467459433848134,1,1
27255,6144,14,1106,0.7846417519365589,699,351,3.55108777344014,19.41916680139477,0.2216236592935409,0.5278143896437087,0.13443952025401895,0.37662578248912904,1,1
13124,16990,20,1364,0.6645544334460944,2255,127,16.89946729588071,4.150853964445568,0.7986768663103605,0.7905835694605161,0.45785771395699143,0.8418582906981821,1,1
9015,17083,8,1188,0.8440730049630021,679,181,12.029300082985522,27.937521550618136,0.953202078753105,0.501296639888293,0.3610214941311951,0.4423766609552223,1,1
10193,19626,10,3223,0.9568765028623799,2905,8,1.9450812276217564,18.000130560567573,0.13760644701843094,0.4599765936977199,0.6557581398188512,0.41846360799059235,1,1
16415,23469,20,620,0.42411512918234096,3823,192,12.429057070580232,17.49220956412015,0.978697884791029,0.3933252237980549,0.2753280236895296,0.6451652237221035,1,1
21550,10954,14,4257,0.5641856063901087,6639,350,8.878031499192879,33.32233487734347,0.024992796770090253,0.6699817511661046,0.6999826558695572,0.8822819090442933,1,1
22512,10269,23,2682,0.5545114002421802,6492,356,17.54720639027417,22.79104985404188,0.5221672447737723,0.8888689458382568,0.649576309150649,0.5318152309125985,1,1
12158,10130,9,3531,0.4467570683758427,5248,33,15.014635609305715,36.34841070425815,0.7738931389784842,0.3877706523287947,0.5396827609279999,0.7142870640212658,1,1
28309,9828,23,2611,0.8685940078934213,5273,90,4.326709938241169,19.71414146621282,0.7904381025462544,0.6970886574324154,0.20688577787693874,0.4883505711616072,1,1
14970,27746,19,3901,0.8363223705848255,2801,51,13.381833461435296,8.090579117868444,0.7346725691462679,0.7663961058703987,0.7762636610238225,0.2859865033558119,1,1
14938,11844,24,1800,0.6600323013340154,3488,81,9.511839063281846,22.683333730941587,0.5293513727531619,0.7291754603384601,0.43893342424172294,0.20535947731962473,1,1
29168,17220,3,1868,0.6941732977885502,6284,347,4.586245200553815,45.697588173292075,0.6509643220703955,0.9116788502821447,0.7260111826904234,0.21587747102447227,1,1
21772,9331,19,3581,0.38810824832159757,2102,195,13.029208470944159,38.67165756847824,0.6999321856531138,0.9044931713334805,0.17258391940015694,0.11812685848143843,1,1
28384,22896,19,1819,0.7055247054893092,1619,35,10.531895048455048,10.670214988448237,0.4945392242138956,0.38667685921821393,0.786702641668447,0.5699669355248937,1,1
26017,16397,12,2218,0.8564585753725673,2714,311,2.001168999730913,19.391123577312307,0.5956849751346376,0.5810041403031596,0.6528473831558121,0.2114400824679038,1,1
18344,20883,2,4389,0.7172496470936686,5560,173,12.168701183725627,44.60622847536527,0.8463680534575732,0.7793310915185617,0.7593815067416918,0.83584358979993,1,1
15266,13291,15,2165,0.5197960768770681,2411,40,11.977286982730272,6.813855760148625,0.3128790211458272,0.9595645795152198,0.1698925858199899,0.9354628959678102,1,1
16702,21542,17,1705,0.7772308942939758,3401,249,3.8774051573491333,12.93566136765199,0.5232063269686323,0.8649982697299533,0.34452646286603844,0.521488417763914,1,1
8384,13164,12,3023,0.5813525951777585,1585,355,7.258297495445433,13.32446435597913,0.00847972102550787,0.46301715874164434,0.07810713746688612,0.4822228540576129,1,1
8404,24546,2,304,0.6987189019428706,673,192,11.167333017392158,27.833845156113224,0.6874363997767932,0.5286936561582716,0.10957568524729684,0.39586160409609694,1,1
16175,13450,8,1468,0.6620418324985118,5872,19,3.789919732761043,20.30446602643217,0.19538546461484174,0.8387000727191927,0.2271669308696012,0.6423229036829501,1,1
23158,23423,17,2698,0.5939520006177152,4032,338,15.569935734273482,4.753921677826094,0.4810012537137689,0.6517439022545124,0.7613005283786052,0.6168230282125094,1,1
20763,5035,15,2930,0.8100819074522465,5219,220,1.9535197637471127,30.571528365123026,0.2102052162804593,0.7002735628941785,0.5337533448959818,0.391874802788166,1,1
26384,14463,16,647,0.9156807116709643,1738,162,3.1968173469943566,5.65665963244706,0.023533714578492293,0.7397470849124526,0.2517058456535108,0.3916916539760277,1,1
17860,10977,15,2113,0.35333601182523194,3810,159,3.4157641776055874,29.501501803016673,0.4832205516980166,0.4161065713444732,0.76365865507038,0.6480832583191096,1,1
13989,20241,22,3642,0.9475145723074351,5334,245,10.21376757858841,24.82939387062321,0.424833606610707,0.8978157013972826,0.5917851252936787,0.5713642548958201,1,1
23106,23207,12,2874,0.677369687093264,4313,300,11.731881200782317,24.20242705408969,0.4251495135243807,0.9024060412011053,0.7255832105954492,0.7107721135776129,1,1
25844,26154,17,4125,0.7984684034324897,4316,49,8.161723142274528,4.172323529063801,0.2088061599288703,0.6496732442421551,0.7417766350712787,0.9001834970785364,1,1
11636,28625,20,352,0.8975997223525614,5270,179,6.263002656524742,31.043361003526186,0.9472045897481792,0.7511809398404243,0.6006157999296653,0.7626528268497171,1,1
18916,15182,18,448,0.6489463630811327,6769,350,14.853736697821697,21.272052153698546,0.0035071518106944977,0.7723386368163137,0.19450674383326882,0.35869385182865154,1,1
12809,3298,7,802,0.8843834069535298,6896,60,2.6267187314859326,20.32198774742727,0.8915454499973386,0.4714224542271258,0.7972711640951793,0.7452540687730757,1,1
28562,26628,12,1169,0.46367668445132937,2473,58,6.124815708691063,29.033215631671226,0.7369019231394821,0.4220542902184188,0.2600726720493092,0.48252084821538066,1,1
21456,3923,18,3821,0.45186722206708124,4282,345,2.1454070502655176,29.493658817487727,0.1720720335332715,0.36323068569840017,0.5373645996541748,0.7610079320845391,0,1
23444,23616,10,4171,0.7707816760679382,2744,269,1.729187226943422,1.706564900813461,0.4721919863035545,0.9342443691376647,0.6758493559662409,0.853585579967904,1,1
13997,16331,19,1600,0.9068915235531118,2157,243,7.33076813438132,6.885617356550712,0.9888500815082726,0.5712565049246024,0.14012079553972506,0.3124484467604169,1,1
10048,23690,18,2799,0.9211527536230651,912,325,4.714590430341378,12.11635637970187,0.6436982369843073,0.4049317984070419,0.48723334395584694,0.30284825980046304,1,1
20338,22183,13,4333,0.7619938933614379,6075,112,5.928036604831063,32.86493466726102,0.1273767238186675,0.6481119862387017,0.30013822154260633,0.4677311720330235,1,1
29164,9578,24,3589,0.6863131073339632,3910,202,15.045628098006974,28.10683297039155,0.45764223885643185,0.3984000725415521,0.1954312557113309,0.14380379260081425,1,1
25100,7875,23,4153,0.5620915761257703,4592,218,4.189171588112153,36.608569222083425,0.46820309657281234,0.40456048179645115,0.009417450205049605,0.6828330483853706,1,1
29949,24710,23,2751,0.9772002659835721,1882,250,14.373850558004715,35.80856686056128,0.8022633328831084,0.6628866212508961,0.6975792510383771,0.7372459176373568,1,1
12544,15254,6,638,0.5546052394664003,1623,42,12.638335281914998,41.09959485268909,0.9161629328261554,0.6756554622186465,0.10870523778148433,0.3936155045066073,1,1
12976,25966,12,3124,0.8262791086282196,4829,177,6.88635116482374,18.710298479803456,0.08224154328873456,0.7212915746098627,0.7024937285478835,0.495492465132217,1,1
20775,21186,5,1993,0.6904683519392004,5681,109,10.51817639540875,17.21800171061523,0.3140372869528323,0.7700393472055052,0.4805524790467585,0.6018030990564444,1,1
18015,13905,5,1286,0.7394478992162219,4512,44,8.833187561279889,40.05772394351277,0.29843812688511495,0.7776911169146363,0.496844443612033,0.1625581691131754,1,1
11419,16353,4,3790,0.6018275523767207,2743,134,3.6185227057114786,12.167272091757672,0.9960481249190183,0.6271178800329712,0.6629214354060361,0.7046029037856403,1,1
22430,18882,24,3033,0.9674868003022385,3089,185,16.468557808613898,22.675101562659528,0.5592271166913997,0.7618611574639208,0.40755291733982446,0.5476964201366882,1,1
15239,22041,18,4067,0.7158766887035335,2278,198,10.898696465165042,10.133305645045736,0.8798314961199845,0.5450334439772901,0.28582765450747377,0.630622939889314,1,1
22489,22730,8,4376,0.9501840834936256,1629,335,16.023960755625005,43.95051488054304,0.4260328494448239,0.6324372423392883,0.11104534719401622,0.7152559937232507,1,1
24633,12663,5,2306,0.354858506351305,6938,293,15.09313744491929,20.166741615541394,0.7227231504089364,0.6017293110606594,0.4563323049664897,0.6742249296571822,1,1
18357,22333,24,3407,0.7165091732423174,1144,345,2.8163027676054835,10.986884216848932,0.28658564230414607,0.5606304007799273,0.44253364340086315,0.1810233503827871,1,1
25154,3941,14,3630,0.8089996094241737,4022,63,4.919965989304465,33.52462935673886,0.9117860234892334,0.5026853283910183,0.23511718853382862,0.7652032646984254,1,1
12363,4907,13,3341,0.8268513095438195,2057,355,3.8968083871847083,12.498299875892496,0.4551462409865338,0.4002137603461588,0.48004554052278503,0.6185395945586758,1,1
18176,7837,2,830,0.9291852043402761,6799,30,15.20786229098416,45.3446693490005,0.8037254973160872,0.6737827057828453,0.3514935087746904,0.7076487157059927,1,1
25461,16680,22,1223,0.3528170297624232,5001,107,15.730369336510838,18.27799969604234,0.2558168833425648,0.6938644391717727,0.6444241231307768,0.32227646626027506,1,1
16427,27489,20,4418,0.3502113019260649,3273,25,10.211529911838038,32.23811346878634,0.6936043419218791,0.5651392282253163,0.4475890061012091,0.28821313630661893,1,1
16580,20627,22,540,0.6522486149089377,3285,84,3.218938196382114,17.22651176439843,0.4051584044000358,0.9745400723426852,0.7469428690774631,0.8021784361816683,1,1
12858,8696,21,2196,0.3687479712034372,2206,331,3.7376742059597676,38.94054240069327,0.03143942297454705,0.7064551745961333,0.4143863747079826,0.43183080716743116,1,1
18040,19226,19,3624,0.9737008343439197,3101,203,14.923555405231411,43.155368828070465,0.41300825375906347,0.9189667321057522,0.7099962425257891,0.5890447140443165,1,1
29103,16543,12,1113,0.4921217117064908,4143,326,16.831637252733948,38.03216289249495,0.5500216417554205,0.7148545980938367,0.41642011041128174,0.5688561515112842,1,1
27198,15615,21,1082,0.6525054267935007,874,41,4.791348804325835,40.87945388019344,0.15176161391317522,0.4715461459018631,0.4464278429122665,0.597391799085066,1,1
27758,4466,4,4355,0.3891280832078231,2112,18,1.6837700117908554,5.788398913068891,0.18391310519261506,0.9737584253452287,0.2934463963644694,0.15908046334652004,0,0
23254,23341,18,307,0.6841109863496054,954,225,6.960722934987835,44.43103982055412,0.4648627983231569,0.9166144066873906,0.3201352987684498,0.3571025987740978,1,1
19470,21350,13,4073,0.5931719200943414,4797,170,2.003239929190042,30.342134257138174,0.34272971243340666,0.6516151542001107,0.7464811898332898,0.156508458563455,1,1
9252,3375,11,3439,0.37858241848142316,6351,177,15.161586115287626,41.853224011811385,0.44074053800336266,0.5055570507566812,0.17862592158443003,0.5081368289783561,0,1
14996,3262,9,4089,0.5644795306855839,1975,154,9.60995224423315,33.168527916714524,0.4608269893227228,0.4925085544095046,0.09716617733826,0.8667838783459406,0,0
20173,23746,16,4351,0.6005190529426276,1353,176,12.090702849589828,10.486840421554389,0.14007604370275561,0.8658530733864039,0.6641687294431527,0.43079975581713714,1,1
12673,25886,6,817,0.9835497544159616,1223,85,8.289500456252945,29.649089777346795,0.18119457527011473,0.394235911328806,0.46152863979590375,0.7650822908410444,1,1
28914,14580,5,3490,0.48304695802840025,1891,340,7.2008745257059505,5.274473266987626,0.8481653934794943,0.7583586441046712,0.2277178515691782,0.3441594050947756,1,1
23781,13136,22,3402,0.6986589538368637,2887,229,5.1663068157554,33.69898242025346,0.16271868931048405,0.7596863510667746,0.34592017623175436,0.8278259062312847,1,1
21051,10833,21,3016,0.9818819514871223,761,39,14.213787026129403,20.223053630786918,0.6659143330082609,0.46677091054451764,0.4199241814218135,0.4565776425432946,1,1
14881,4893,20,878,0.8568922930816865,1042,192,12.976535142856234,8.131459135709822,0.4185280467677921,0.8011439157981843,0.4737122054691478,0.4019348033032626,1,1
14949,11106,22,2165,0.9857552005645369,1050,228,7.4520282441854215,47.023801345815464,0.9682366859696409,0.8014600250851078,0.6568408183507789,0.6928576638571264,1,1
17521,14826,5,1676,0.9697109213825084,5925,135,6.798416215936519,43.35096793790201,0.06610436188823754,0.5740197551624855,0.31548186196481237,0.5358436899174152,1,1
16017,4652,16,3238,0.6633053069402588,6465,355,1.5205074977032036,42.99655452995293,0.8303888660307619,0.6593605841388747,0.5412024905811453,0.3867220380249049,1,1
14941,24924,18,1205,0.7956805439171621,4297,315,2.5486101457502954,38.07455439855588,0.4914492311026215,0.8829686727353561,0.6678135790113124,0.14937839505585512,1,1
18209,23276,13,1264,0.42068360124233667,1137,13,11.783716160728474,33.52311288174533,0.005352370864188605,0.684818095019037,0.6750187647664233,0.24164342524410987,1,1
25715,3599,4,2276,0.6323352480299531,664,73,9.991020618885118,31.788735573735522,0.2636602189395537,0.7456205446303846,0.2033961640291394,0.7564751595575985,0,0
28645,24199,11,2187,0.8677718670506863,3305,32,8.674252874002871,5.986410372081198,0.40769685254926946,0.6141725763112178,0.2801384354000985,0.8826219514277059,1,1
17550,21296,16,2747,0.6734146054253718,1120,238,15.153786973227364,43.32661305996734,0.3141947534489251,0.44574341706553733,0.4759248274097715,0.24351254205902872,1,1
29499,28868,11,1291,0.7997273810030284,1723,35,9.81432037264697,42.41303462631669,0.3624494640139333,0.9887626442458182,0.7086179129975569,0.5840250382819748,1,1
12637,11792,24,3856,0.8272808511899372,3842,319,7.844144093220779,36.14907344666811,0.9166719091371799,0.6901833729808687,0.6323568693535165,0.12904763984836548,1,1
12854,27956,19,4259,0.512220250395452,550,236,4.160729734162252,44.58380307653076,0.3609340323923277,0.5653257353091269,0.46717032113297724,0.34721693866231185,1,1
27561,23597,2,3904,0.9104475986832419,988,342,15.041352135541217,26.99492221570562,0.4188293794027328,0.8068238886356056,0.7869869044990752,0.4814697651673838,1,1
18320,6637,4,1383,0.6442863557818745,6841,58,11.008096126999598,22.0391897317251,0.7611315535781128,0.7473259306633613,0.3511897835387533,0.7254961872039881,1,1
26564,13355,22,734,0.48451846631778794,5642,179,3.025589437725495,46.4935279018151,0.7938335657483752,0.49906129939158783,0.6739604569489975,0.1374916754493457,1,1
12892,18989,13,320,0.903866164344604,1164,302,12.206823566951751,22.814165826489834,0.08408965178669459,0.9112323196144342,0.654736303978357,0.7640460533523936,1,1
15043,12290,2,3222,0.6174040359080023,1746,283,8.513667300558765,31.14224873015641,0.7040700345670042,0.39537787962959153,0.7264306493362256,0.2722505996595212,1,1
24521,8599,4,2225,0.8301999605630206,6561,90,14.88787268920193,18.533920902346633,0.48257195367677574,0.7376468811749781,0.7901426840201698,0.7456020053881827,1,1
27856,25832,4,1772,0.7007411662218195,5840,69,16.662090850433938,30.90733262292721,0.1338538932376554,0.6558486345461336,0.39655735806386316,0.6316501900180828,1,1
29833,17342,6,1399,0.5943979214300803,3210,93,11.40768591740806,34.844652794407324,0.2647105639468843,0.553646984822606,0.1565037189627142,0.38863946138565697,1,1
27216,27941,20,2937,0.8683209056246843,4861,58,13.571611518670545,30.35880968856187,0.04503549730651868,0.8788832820865549,0.368716285462521,0.7151887586724979,1,1
27963,16945,2,689,0.7240607562525523,4668,122,2.4337489854357344,25.184458237161294,0.3602371888118352,0.7700173275451283,0.6831079015883457,0.3008741962418342,1,1
12164,13762,5,3713,0.5999597455533003,4452,233,10.744215007519095,15.105207488385943,0.25540644033402415,0.8360796780016483,0.6688853074043452,0.28676876516349725,1,1
15941,17312,5,2915,0.4201426370144813,6720,271,13.963109642865321,31.260746778402495,0.38210339738001764,0.6153815952924936,0.2687759260694477,0.1524830444483385,1,1
22388,10382,18,1654,0.923085000810693,3091,323,9.696575466388712,43.69615807728405,0.5803405475307568,0.9531349320361666,0.03784544556693899,0.4341155977504858,1,1
13569,11982,15,305,0.3727005346186666,1380,26,11.293576476821563,1.324891784974366,0.7323395520366199,0.57062299054016,0.40787367826099485,0.18305063643727995,1,1
12300,22953,19,490,0.902439902955556,934,251,16.33264506208723,7.294664289195447,0.6053519865595297,0.6898687516516132,0.37928074326304967,0.4565757695556988,1,1
14269,10707,2,447,0.5803753759252195,6624,318,4.768642938514791,6.629338449493218,0.6783773022599457,0.9475360715593977,0.0686111822217053,0.10833303966550162,1,1
11818,20130,23,3850,0.7591768086408996,5684,24,3.1210673746065463,44.39064923596414,0.8656391206187933,0.4032409330467898,0.6359119645788759,0.23182084508411105,1,1
20015,27888,17,4405,0.9402078232548385,2484,188,12.895619616801765,32.14914138124289,0.8738244434615109,0.41963867978685293,0.22687221915084088,0.8925161495883697,1,1
20234,7633,4,1410,0.447092233922495,4952,353,15.077006941120327,45.73404100409708,0.860719348359174,0.9862801704470192,0.5166016737392911,0.77622754374485,1,1
26290,20304,24,4133,0.7128483044088385,5531,54,15.533088111612297,28.39222384098413,0.1531689154795266,0.9716903404516224,0.08119029012399973,0.30073905212521324,1,1
14254,12269,22,924,0.8392370319169229,4613,94,12.087134202005135,22.701446166484924,0.25106913359364535,0.8438890277357671,0.6885625383276823,0.7105482060106463,1,1
25144,16778,10,4425,0.8348536529401966,4370,108,15.248021399818256,38.24011685527503,0.5023253049275721,0.6598804966855454,0.5914196025241306,0.6682095224141211,1,1
15350,10008,24,2475,0.6864044253436825,6185,198,13.060959394434288,8.564286571335554,0.358739294016027,0.6738789431273235,0.31073816718293257,0.25038677193723446,1,1
23183,18523,5,3449,0.7498332543401331,3122,78,2.9417191124620476,18.922891466914106,0.13166896827996322,0.5146162390639588,0.5035911594585877,0.4153997479591369,1,1
14238,21765,22,1378,0.8348172762450206,2292,273,14.073717880102304,22.914889305108517,0.2877502346056514,0.6269478631266079,0.14996311414845984,0.8766498811773913,1,1
14090,6618,6,3851,0.8882576881647435,3298,19,4.459434877580439,15.027544542069556,0.9754287616656391,0.6260636018344526,0.7883379927671561,0.7279102007248027,1,1
19637,28373,12,2652,0.8375603820005528,5591,333,5.404054152751051,18.450423783198488,0.3469267554965362,0.37309761211311276,0.636886433674975,0.7462968168605184,1,1
20647,23827,22,845,0.5765631636359952,4012,287,8.01173534547797,4.670943785447658,0.41891406829596145,0.6400212531415485,0.6311520024552216,0.5793031286744347,1,1
17911,3272,10,1495,0.9879048966769493,5628,202,6.690356594384559,10.305228704129224,0.006401421857296974,0.6570684214511789,0.1227041740623009,0.6657088289248401,1,1
16472,16007,4,2369,0.6280817239803548,1993,348,6.8072536819980485,16.768345855553633,0.7194148797901987,0.7761012315071122,0.014186819915089723,0.5324277048280597,1,1
26271,21157,7,3658,0.36565740976571737,3179,199,4.292782149366755,38.40685036195732,0.41355006554537976,0.6805298645681136,0.46829709421570664,0.7297597328357985,1,1
11266,5547,12,2738,0.5820748490146956,2125,40,6.348872277307482,9.577375677614603,0.10314006289516109,0.9014770767201297,0.11529648947184877,0.7228184986084414,1,1
8666,6164,10,916,0.4317810909272597,2919,209,1.8244327346020492,17.29209757725856,0.9685567383046719,0.5852395681547671,0.624346765191076,0.1264207094364099,1,1
12188,24164,16,3643,0.42772327406615995,3517,312,9.30303062035738,4.051253545255953,0.7774332125850868,0.6122192583715854,0.332860912142597,0.6370082337437991,1,1
25055,17414,24,2111,0.5301824256684123,2347,143,14.181750819701811,27.18390420685048,0.7261500894327269,0.7157488087398877,0.2708753991899454,0.6353416141655535,1,1
18161,17327,4,471,0.38416031627344693,3746,268,15.727081592209855,29.728791742623606,0.9578723348416694,0.47974254368721886,0.058919409969368446,0.15722197075968686,1,1
19314,18576,2,4442,0.7906478005821204,2038,61,15.037071222830734,41.67927378272184,0.4074800845171378,0.6018387747726204,0.7968520639556973,0.4488240753975965,1,1
29508,3946,21,925,0.39735288588921924,5749,114,8.371552363419369,39.498451929592306,0.7185335402924484,0.7891471819221297,0.7648086243095038,0.8639707550704803,1,1
29969,17693,23,4363,0.4801053154790119,1816,178,13.552036939203628,14.412763870142383,0.2062078973854511,0.6135575931358745,0.10527752624548087,0.910423000997817,1,1
20891,19890,20,2554,0.40945581727623637,2219,210,6.250197772571005,7.436823391923407,0.69712054745212,0.9302345664063729,0.26624928334519343,0.7648793055562356,1,1
12777,18540,15,752,0.39042734777793986,2450,229,2.416780799840696,8.335909563888976,0.014079092187602837,0.7437923334018834,0.31263003041968535,0.2287505106252225,1,1
11900,9719,18,1718,0.5213610659453066,6996,68,12.653530168955898,46.54130532290089,0.12630538044061412,0.44841135994967307,0.23744086249247634,0.4185119632698465,1,1
21716,11435,23,1053,0.7160153393026367,723,256,12.2051367181507,32.6416132583458,0.4252589186028485,0.6619643782331912,0.7475748477238757,0.2551703468345259,1,1
14981,28081,15,3672,0.9673987561259787,2526,271,14.726885025137447,3.0008270267522477,0.012092694806008164,0.8394583971812902,0.5770734632176678,0.6543157157365228,1,1
14376,14350,18,3023,0.910356258783748,2047,356,11.665752410597518,7.428624987119445,0.46196585545041924,0.7617409057961831,0.764733124475252,0.7571727836157737,1,1
24907,25744,15,3310,0.9105977122850079,4278,336,4.08871181206962,23.83260305974492,0.5227917490650039,0.9165686871501567,0.6996043220192784,0.8512008608309115,1,1
26777,27041,13,3211,0.46268290306410087,6285,324,15.57717946882827,10.76795380177663,0.621606597587082,0.8299890537744746,0.6036332155753383,0.8315512041481148,1,1
26977,6590,17,1525,0.5195406038386048,4223,97,11.849671002308563,38.771972295000886,0.10038667699361636,0.38943281447032746,0.5575736856639026,0.18432843851177422,0,1
18160,13064,2,467,0.39889172274899565,2023,187,14.825560034077567,27.94120452576015,0.18101191312721232,0.42200809551241947,0.692929992783585,0.20682290593218644,1,1
22124,20576,14,3985,0.8482197375457184,5709,304,14.272767486204673,29.793713766097024,0.6132833707171951,0.765839167213503,0.5473199174331642,0.8732210410007584,1,1
24282,20848,7,385,0.3946824329507596,3203,218,6.414764039213958,22.752800758312958,0.6581877124626393,0.5025810934476407,0.1509758391849208,0.8172167671302428,1,1
18488,3390,18,1977,0.7062852293253461,2472,146,2.730124085058864,13.034950445036829,0.025900228210276266,0.7262143376891119,0.5185012131424784,0.49132144029202385,1,1
13240,24999,13,2282,0.5086403662873284,5691,87,4.41232274997815,28.701969820519686,0.5403673621150382,0.857019258940145,0.41200131195885864,0.4655442780105802,1,1
18453,15668,24,1786,0.5058052057783966,5028,103,3.0322285161686375,34.6975921695544,0.7849817319988326,0.7192362161965133,0.7855157416762614,0.5698797236506521,1,1
18478,14569,20,741,0.9840640353584673,5967,285,5.516305129322251,18.434559648617846,0.06910087778539409,0.6159126848040252,0.4079724376526957,0.6071404723993795,1,1
20394,16029,7,570,0.8343390764662639,5882,106,9.082282504928884,24.73235063903826,0.41317286524651975,0.7636129991121401,0.03076398652083494,0.31608407636915903,1,1
27262,25490,8,643,0.8856411893062721,5890,333,16.462374982191164,40.46514661218556,0.32651127303010186,0.44191644433576427,0.21135160861251479,0.4431804989556646,1,1
28527,16107,2,1506,0.7160689186201681,5104,75,15.888309472690471,7.988042805655634,0.9136656253520167,0.8128531171221003,0.7339054083638126,0.6267390195180801,1,1
28028,28248,2,3381,0.9074491439319995,5103,342,13.356896949079513,26.625547705882717,0.1858023932064553,0.7960960727756942,0.7698850643573091,0.27532727815874536,1,1
12432,5560,6,1557,0.7631139450664659,1116,270,1.8978539325391286,17.375395105973723,0.31836041314448016,0.679218153569465,0.582798861312617,0.9490082519882294,1,1
21568,8867,7,2591,0.955551171069661,5015,134,7.132921821789132,34.03135363620983,0.898444744991303,0.5284406368084302,0.045491119029576324,0.34049853444823175,1,1
22178,18284,17,1832,0.5300566950692075,5691,64,12.758749036994576,1.884081428632549,0.3306533060599728,0.86044082344304,0.01883311019701264,0.5695529863186998,1,1
25660,4211,17,3722,0.7310045093010529,4669,305,3.6289767978446283,32.51224509074987,0.5313474405855944,0.676752194065931,0.38367600223928017,0.5710356546725884,1,1
8302,12121,15,1953,0.7916840626796109,6274,123,14.717949525262492,5.836193498760808,0.03303533723087937,0.38787321975006,0.7997378452487081,0.4837624441307383,1,1
25022,4539,2,538,0.6014798752177962,3121,267,16.590465719795297,4.044084390701926,0.9849024361750361,0.9379120331780223,0.6954373899995242,0.3053119381755727,1,1
8055,28488,14,1214,0.9130131087385941,4741,332,7.34272336952412,35.05729514505481,0.8249467078711895,0.8413385193516107,0.7464860967055984,0.5805501114851915,1,1
21013,20027,21,1738,0.9770740243866588,2593,25,13.146410520753252,31.096081186491453,0.6344009447466763,0.7242752945169162,0.4988332039943356,0.17736225304759407,1,1
16717,11693,11,3316,0.6660124744785034,2264,101,3.94536818903377,43.061988751954964,0.0607552730899803,0.6295683310610567,0.6872997826012011,0.42888719633520367,1,1
16150,11921,11,1760,0.600010019074777,3676,307,12.898471410364944,25.42378292263032,0.07486996137278068,0.9643358067466821,0.25575869951775404,0.2906143657636032,1,1
10125,20667,10,3379,0.6520402742761335,1632,5,1.8540143027362141,25.911147999776855,0.5449736307906897,0.8460131675298569,0.021891202760825124,0.20555110787360442,1,1
19479,27064,14,2558,0.8957515172684362,4716,207,3.987729862383166,34.22983827209787,0.28506443620343425,0.6923955630635754,0.7346005025781016,0.8866604912489838,1,1
23745,13310,4,666,0.7630997923316273,4070,132,13.213043869043055,16.199686088602803,0.6227894475031733,0.7680184929176871,0.174744499719146,0.6949514777017823,1,1
24748,26729,19,3291,0.3786543184115808,1566,354,13.245528677459053,2.73488540483083,0.5981924818477724,0.5296802571070715,0.5827890839529839,0.24350454998996326,1,1
14809,15744,21,4041,0.6969887426852575,6559,136,12.079184646445421,11.812153808795719,0.8386513982792978,0.47525820335928626,0.5271738519017231,0.9069864815095888,1,1
12621,7386,3,385,0.36107207855422063,2646,38,9.376506402339352,12.18663035912923,0.28137706071264235,0.5249245102746103,0.12653083873572576,0.28359329192559396,1,1
23034,20303,18,2793,0.8482626374421794,1205,91,12.635983504337094,16.775965963075112,0.5778635244909925,0.5376071035409451,0.15662319722491722,0.30027127422765276,1,1
21623,15242,20,431,0.5601198550671768,2858,36,14.267713171765006,45.34274845290176,0.777363318838761,0.8234326084087749,0.2632579851438367,0.21327981921330227,1,1
13126,21723,24,1203,0.6520847885550908,5833,263,17.446947374106273,38.827611537167954,0.49077298632232624,0.4396390660603088,0.6055445223588677,0.7186751651167604,1,1
13122,17257,14,3756,0.8611539877808845,4034,328,16.162577020551982,44.989943524644026,0.8306436649389445,0.8476558090993145,0.031395395757253385,0.5852441177396616,1,1
26030,11947,14,1521,0.37972724306288735,4312,317,14.609814342341057,47.93465073531102,0.13127620157377295,0.6849730005511758,0.32565499223085426,0.1495134625526401,1,1
25302,16946,2,2063,0.45146658277863067,2970,37,12.963499025787153,21.38761319209109,0.7338977651471433,0.5961267868011532,0.5320905650308531,0.1215049570027185,1,1
27181,8930,3,3104,0.6046946409248735,4567,290,10.97356649963406,11.672445883974317,0.9429820915209784,0.5422535101399607,0.1371767567509065,0.5527605646093711,1,1
13870,8402,2,1526,0.49715210466915877,3960,330,3.490045585306618,27.320195578996707,0.3318833209935661,0.6784483869099234,0.09553381806211086,0.6538015131342838,1,1
9531,25047,6,1584,0.5662569124960404,4268,53,4.231687894623484,42.41331745556158,0.36633644241196495,0.5532118160832317,0.31216979284977064,0.7994425740384866,1,1
16172,19017,4,989,0.9888318322511777,2434,290,15.034612751069842,22.889397467685175,0.08354967719085471,0.6248492751545517,0.22924737428936162,0.5065319855322085,1,1
27729,24659,8,2296,0.8782652400472388,6478,86,14.75466305141914,24.753767220895917,0.6414927795747117,0.8229697853967037,0.5192765313880792,0.6750509069451985,1,1
15673,3507,23,1409,0.9156971615744695,2819,148,11.638572278560488,7.318637978607855,0.5524507256348702,0.7506390440660163,0.7756548292170238,0.7236073118135257,1,1
14882,4436,14,729,0.9497149654820962,3372,284,8.740862189816532,20.76140815068477,0.04034575873236779,0.8287087209428372,0.003575148743320078,0.62109478903139,1,1
9906,14618,24,4426,0.5681989634010852,5721,96,1.929538722089493,19.188756061003172,0.7522120269713117,0.8063031613715981,0.7219039299684473,0.3993838145123124,1,1
11086,11750,19,4081,0.5401292529897426,709,228,6.898419551720974,17.529359634676133,0.8292844957450249,0.8716463957266699,0.34657842911239406,0.21211116057349663,1,1
21503,19122,22,902,0.49979999524612795,5334,221,8.440554349827744,42.70303748643739,0.9071196041407541,0.47908157421229625,0.5312061834141238,0.6504077628500765,1,1
16152,10354,8,739,0.8812748232371984,5641,160,9.515968721861439,3.787167360979648,0.5457340861706421,0.9868787196629129,0.6808216262758457,0.7533918820405398,1,1
13750,14294,2,1284,0.7849131918625183,3307,281,16.833855876259953,46.690917596175304,0.45258003490175736,0.6544930879178021,0.45876692889769943,0.26135305085586746,1,1
20772,23900,6,2218,0.5011500687890414,4754,12,3.2937050967023564,1.3876007878373933,0.8761371545320774,0.8096690803717572,0.07784946175307034,0.520636711219259,1,1
18267,16840,18,827,0.5912760506946911,4462,40,10.061304176366212,45.44291865564102,0.39869681906813903,0.7837601043208458,0.11247614056656047,0.4376585770689112,1,1
9062,23006,9,3296,0.6742955289169908,5336,128,7.570717899811616,26.758232633411545,0.6554431252345617,0.7123360541548982,0.631424033855617,0.2748476141965188,1,1
26360,7399,16,3767,0.6880096366552023,2453,13,17.83661896706485,34.01492648680544,0.6153622564009263,0.9873223799077552,0.18327858515538634,0.3085161773825613,1,1
25680,8037,21,1661,0.9187857462730974,2890,44,15.720756268667937,9.795243935670792,0.37216109981851186,0.4890821437676074,0.4552300929059471,0.30202302607852466,1,1
14229,27495,5,1003,0.5935623250862184,6019,183,8.739966594942196,31.74794233378053,0.08688993756604813,0.619906475058578,0.3424644099830236,0.4560913113193602,1,1
24509,18848,3,962,0.9314553795203279,4025,133,17.994977554353547,42.45201042080343,0.021415538670685685,0.43174755790427644,0.24291118624730254,0.4318926305820079,1,1
23147,6715,6,664,0.6324752386046654,5294,72,9.98204356677969,7.555566572181625,0.4282377405353872,0.46637470206883164,0.62957405129791,0.5710519223927565,1,1
12632,17877,2,1222,0.8276785118671064,3714,158,4.257443643758112,6.972835776844628,0.4812015748233568,0.8062970006891306,0.5849733217798552,0.17922908638324042,1,1
14288,10837,6,4156,0.9453627647904359,6469,7,10.671932415140791,15.286961730025219,0.822678268189892,0.3530993144084992,0.5168871075773277,0.5940627855186226,1,1
11596,4301,7,475,0.9308484505364905,2944,269,5.232395135760169,8.601116946343712,0.41441164991147117,0.9194852168765764,0.2981370947385802,0.11856917504634053,1,1
19475,10370,3,1235,0.3864498350692359,3083,8,11.999161861258157,6.200354860387313,0.28115987473346926,0.755238069291937,0.18117625921702774,0.31876885908927277,0,0
14168,24569,2,681,0.4816507487850047,640,266,16.967762885584772,32.880994691308715,0.46209646807515325,0.6321792343784511,0.4127159607985118,0.5268173118825384,1,1
17795,21539,5,605,0.655219472340656,4835,333,14.472276517777965,11.049850853887067,0.23799048042402116,0.5620711086380323,0.6536832802630163,0.6838958578769586,1,1
15561,9411,8,2690,0.6261947455699887,791,286,6.007200891914411,32.349700271893354,0.09136061111495652,0.43081539110394634,0.46053197630735526,0.7555757800724076,1,1
16258,9365,23,2503,0.7601706654958125,3364,89,6.398167311939117,41.51067367444337,0.11304303368610724,0.9398000553304802,0.7761117145559964,0.13022711882642352,1,1
24616,18449,2,1765,0.9546137925282638,4677,346,2.6432553509901484,31.645165196411025,0.3191544598969276,0.8058862880225667,0.012349990449917848,0.5568638547719449,1,1
14371,3692,2,3571,0.42193901521788724,3107,39,6.216819288163577,6.610252286023843,0.012676417558490694,0.5652915193126663,0.7986774251108983,0.4012711036442306,0,0
28590,4478,9,702,0.6391895456859138,4436,118,3.028309194683984,27.958145980229915,0.22020328668123812,0.39539915484199706,0.5531272370869513,0.6906725822450221,1,1
22369,9396,21,2970,0.47314306424776914,3417,63,9.740903868873106,19.50054815794289,0.7875231409323539,0.5584370121862513,0.6661392137527988,0.341212797794889,1,1
20910,11448,17,2101,0.9222288629746864,2718,42,13.18772681172125,17.138434025957253,0.23461719243031087,0.46816594867781336,0.26796189421396427,0.7321650851833328,1,1
15943,13622,22,2950,0.9673313189130578,2297,37,13.894489164736115,15.970979025602112,0.1107295110395159,0.8532149204679738,0.40667306246924445,0.6119013716611602,1,1
20199,19825,14,476,0.656369076409824,1476,207,2.482232332094955,44.68331451952334,0.9490805599945391,0.8105431582440702,0.6375913983074653,0.7712215261599604,1,1
23728,13073,24,1042,0.4165665905460101,1079,206,7.109272320930334,35.8978504638532,0.6224701163516194,0.6688228014866721,0.6085195778935892,0.9367348643606296,1,1
14738,5646,24,2648,0.8525885867025108,3073,104,6.254834148032656,7.290893110273865,0.06002594943566586,0.9169383059782455,0.26722754310342073,0.8722980805895418,1,1
23913,8209,19,1050,0.7961704643151353,3089,305,3.220955329291021,23.372257547425797,0.062243966494902825,0.46563564040901373,0.25952818801904237,0.6042966656192847,1,1
10472,9533,21,1168,0.5769893290305987,6753,308,7.480776630378093,15.95648453693422,0.6121221256991697,0.6392579746774365,0.530248962329705,0.8596978507967784,1,1
27123,24061,11,4362,0.9179407833401366,3783,122,6.438781800797396,46.96310068966004,0.5401288020649117,0.804796994537037,0.7469273451775957,0.23012634092658363,1,1
29785,10211,13,4267,0.9745324094609326,2299,247,11.969237284098066,46.96736172879896,0.06837477239298484,0.39339350381995464,0.3510287925393041,0.13657988338365631,1,1
23679,12927,2,513,0.707026463443325,1961,33,16.074493951606264,16.018120293652643,0.22431547497333537,0.588513510972615,0.2823534394473728,0.5531632624180721,1,1
9761,14927,11,1917,0.7120658632603472,4917,231,9.004888394408061,17.549316458836373,0.9290429144855883,0.7158654733965952,0.7157496289889456,0.9282143097180314,1,1
18167,22029,10,2830,0.5404086432728178,4568,344,13.819975350652506,29.17246773541764,0.5720108104810173,0.5847542647916951,0.5464448491652646,0.7032759803256212,1,1
18554,27594,4,3633,0.724083863029321,3447,217,3.909171057326126,23.527429673392504,0.4403253981478302,0.6573273531345605,0.31062078376486596,0.35937104304608647,1,1
25260,12316,20,1897,0.6313710851359018,1213,191,16.266945247623767,11.015740991446746,0.25015541192036606,0.7391957435949259,0.045820984678235636,0.6684556498860434,1,1
22277,15177,10,811,0.5434022572339532,6727,117,4.017813180549023,32.03937184846474,0.133698042301871,0.5857699930749344,0.5771914176382279,0.1339215561389964,1,1
11812,13846,11,552,0.3929985257752968,2923,303,4.669669479889923,16.704046262136206,0.40263168411068107,0.4178491877903796,0.282309192552304,0.5000266775614122,1,1
25844,10933,20,4433,0.5117330302138399,2390,165,3.256652759196662,31.724675421611877,0.9223665593313005,0.43924447829896474,0.05645295821788779,0.3016673309013297,1,1
26117,8476,17,928,0.4766269757937052,4067,23,6.609711775088852,19.033031549406587,0.04871139567754168,0.6872825405146861,0.48983126979710145,0.1418184288278965,0,0
9605,16853,19,3776,0.6969068701145273,5875,268,10.61477237080618,33.90986501124477,0.9909788159428666,0.4618336164044142,0.25840549639507504,0.3124238236002576,1,1
13622,10928,15,1286,0.7350688139287,2178,163,17.80190283820439,32.38657513181357,0.2078127202020078,0.9194935501720939,0.2707652066484236,0.714091366628603,1,1
14767,5080,4,2025,0.7394859035558505,2647,15,14.590572571849474,24.914199528287035,0.4087673603990093,0.8838788384792486,0.3833361045983142,0.5685104649267466,1,1
19613,9089,3,2393,0.5984358406692346,6772,12,7.777190747717703,34.12277956340905,0.04505130816571756,0.5733805241638498,0.573979813862764,0.1199196635443368,1,1
27901,26780,2,2001,0.6195870295587174,1417,157,11.001459955408913,22.665386782904715,0.5847822031080313,0.8818317900767552,0.22106438210903534,0.4482770901808967,1,1
18589,10797,19,604,0.8839125949700096,2766,117,11.784582510496927,6.458500083555776,0.4835552654009916,0.6912402114183007,0.06475673262312079,0.739345438853553,1,1
21918,20245,10,4378,0.654789000650984,3024,152,15.074999150581228,9.558993906855669,0.6667070347347799,0.4517925943058823,0.33954057715160496,0.9114139895288486,1,1
28119,11346,14,2580,0.9821749325677583,2306,42,13.651454459426708,12.561677305783805,0.5426781272914726,0.7430955869064471,0.043940338493115495,0.8432039352301792,1,1
21046,22878,3,3107,0.6313550272056735,4551,139,10.893303595023816,3.9717596266077395,0.398177784647069,0.7848487150185002,0.5578148079137731,0.10129178854547663,1,1
10590,3904,8,3186,0.7657318045554169,6665,239,12.541519946154336,34.4349173696415,0.7377566978116707,0.40369061022090147,0.7673947743380594,0.28589669747279733,1,1
25447,20653,17,3754,0.3822323193557733,1059,259,13.807640580887844,18.267340661086063,0.025021127786957753,0.5512499778701044,0.5270070461185054,0.2765763516056028,1,1
12324,19788,22,1324,0.7681375516280389,1128,78,3.6968769757011715,5.395594927368873,0.5410290208745951,0.3534457520716281,0.22031235980068287,0.4511304355235811,1,1
18787,28419,20,3275,0.8949128924256039,3566,332,4.807515111538769,39.53803167410227,0.11387620382900931,0.5525144341479209,0.14536191003008278,0.6488913798609897,1,1
17111,12974,16,806,0.9531730166613096,5948,280,12.861640766974027,33.13175136978802,0.4360083330858333,0.5646850130683192,0.1862268570400719,0.2301087017490733,1,1
13342,4184,23,3251,0.9882851914494531,2411,213,15.532021772795929,22.254539145001942,0.7911253168580165,0.7533335211386143,0.17728800253449722,0.8783268899046377,1,1
24389,28322,12,1353,0.5305943332155092,4262,271,8.25282766454617,12.62899074935851,0.14246074626040017,0.4773876989754656,0.25106440483561254,0.7605493775982227,1,1
16659,4725,2,2974,0.7182368414884588,4051,148,17.668190320774897,8.132057008263796,0.9358103487724853,0.3692582315057873,0.07787734250251593,0.45643214672849675,1,1
22043,14380,22,2867,0.6384595107405743,2308,46,5.065183589110653,22.543587012487915,0.8885046923914045,0.5520061014357001,0.7165752461171482,0.5963944548330632,1,1
16837,27846,8,2204,0.7108431875681094,2886,228,8.375538153716741,42.60654992149643,0.4149050708666985,0.8783965096057113,0.7080963962636062,0.5605317044900737,1,1
8117,16057,21,3194,0.4507698926015018,2395,350,7.7456302171436775,9.854580193782589,0.00597484072593657,0.6054529315570087,0.492189002854556,0.5948955473255154,1,1
21917,25195,9,1400,0.8979357264614025,4430,56,16.84988302198608,27.726983762599932,0.789744826674486,0.6156600126937726,0.04953629349842013,0.8310979656871331,1,1
26935,8606,11,3961,0.9321241237405361,6822,312,6.208745539946902,46.199241775446026,0.8808958034122829,0.6501776402218254,0.6432005925774129,0.27010169353307234,1,1
22309,6956,6,1936,0.6377834643922704,1506,141,9.268047837696557,30.944479013936807,0.17473809235543258,0.8311448517183914,0.04943086699059629,0.681156873374475,0,0
21234,19555,10,1755,0.5294751114070891,548,199,4.589358353652936,21.67834231732581,0.916192208816557,0.6572159311222859,0.08513697901050543,0.19097788011686323,1,1
13560,27849,2,3913,0.44013339369792787,2350,99,10.100892936280323,34.669529728128694,0.914097277294696,0.40842096162354075,0.2602371141154161,0.4902893785706872,1,1
28673,21690,3,338,0.7876094878577948,2429,262,15.647168796149254,39.7551621938792,0.47129085103419044,0.4820958717437757,0.3451762541324482,0.6404630386062292,1,1
8846,28734,20,3384,0.5498283773572705,6673,29,6.516651121194309,28.75426600068158,0.7980348107978419,0.47025431487524805,0.28311116537225534,0.11062641197476666,1,1
18954,19081,15,3031,0.9321046847445688,2632,236,14.878069190686666,41.976120872670656,0.4449479782719884,0.6750325237787749,0.13218382478269117,0.19185632440624162,1,1
21703,3421,21,2715,0.7794479839007168,2025,336,16.53664110589783,25.18581269065967,0.5640462659186178,0.3691548576417441,0.08970377414541933,0.17757675401105644,1,1
23385,8540,11,1058,0.7632386081115141,6165,98,2.7038051802903,40.01136310369406,0.3198390098097633,0.5315146294481687,0.6875321813635332,0.4184887164609731,1,1
21746,28785,10,3416,0.7080173541748741,828,354,13.981004849267642,45.74490429906768,0.15946934532082446,0.738604762267628,0.29054498076154245,0.6287076133466805,1,1
14469,19288,11,1064,0.3792968572343844,3157,225,5.713166696483099,24.558442950105302,0.7465365838140319,0.5769764323402251,0.17487950248920683,0.9465702758957906,1,1
17333,18966,7,2722,0.9464303588387757,5029,301,4.392906431854381,29.435080632510285,0.001392844519135683,0.8029357813880458,0.3895930852987004,0.3159670525404592,1,1
24608,18882,18,1614,0.7518799957116544,1087,207,11.418519468413095,29.644974518642243,0.5795526896487815,0.6003816555883459,0.029458720430361397,0.21556560176785106,1,1
20819,7675,7,4295,0.9861996693651907,6306,347,13.142443167773544,37.72743858911966,0.8646860263784637,0.9767248181617783,0.48022494586580033,0.45254825112947594,1,1
12208,12082,5,4329,0.6939080990546477,6472,85,8.013556264631028,39.67939448833887,0.22127728677645053,0.9678280237173211,0.1987916694796785,0.2240791177681879,1,1
14283,16009,21,3993,0.8044709708199764,5868,209,2.1463661668561445,2.2797778616848543,0.33289945679800237,0.8618980572573384,0.47855713130505956,0.12086286120866445,1,1
10048,9748,4,3485,0.38597411703438217,6471,81,16.49362464924709,35.46789951224823,0.5874858528644628,0.9608099379529671,0.49130013155669516,0.5793652001400685,1,1
14233,9103,24,3166,0.7543111531669829,3705,42,13.557324127983668,37.83931649762117,0.2468702465311401,0.4810580746353043,0.647379353086917,0.8476366362420215,1,1
20941,20857,20,1617,0.8393757514178286,6641,199,5.9825023102697426,33.920183654537134,0.847486857330783,0.8305908261096577,0.1839238044875791,0.831722589352587,1,1
20607,22627,19,1000,0.8482491487056367,2098,46,9.698253619788208,34.54369598818552,0.36660316711255503,0.5558615253244524,0.3707717108954242,0.18567028689578868,1,1
17765,21565,5,2501,0.8428714574273827,4351,186,1.9585810344567873,2.9459343816606642,0.5816137198198862,0.8141883641234712,0.7695098705534301,0.22535537800320393,1,1
9828,22480,9,1893,0.4948208814679473,2972,249,7.09816589979804,21.775817111598585,0.22612114759920876,0.5892918154452476,0.5816998752676961,0.5174528441846176,1,1
9917,26030,18,4287,0.9742550256673446,3317,199,10.121831387154451,39.45444353692181,0.041386336990985706,0.5352292222362787,0.7802750464140468,0.4125590421176749,1,1
28618,14348,6,4445,0.9869165571999607,5107,82,10.034189649418128,44.898335640869874,0.17370026601366062,0.9636288609418624,0.7418925704616832,0.6976133613529613,1,1
14988,12782,14,1530,0.3983813601034248,1908,324,4.935050487140929,11.784992266880934,0.046198937608803226,0.48432668272373636,0.48859887744514563,0.5206998501801304,1,1
26410,8882,2,2912,0.9493257105995246,6007,129,14.316331542034197,28.22216219658137,0.46860389961321924,0.8354839005482001,0.21114428470571475,0.11710045188421957,1,1
22594,25366,14,3437,0.5352474843547963,6434,145,6.431225615689617,38.80352125887743,0.5866373909180495,0.7817901844509154,0.6055393253299334,0.3418795515375178,1,1
28128,8798,5,2208,0.7911418123206174,1511,31,11.076765382436548,36.36315921438173,0.044675207685452745,0.5442256907571611,0.5584953966498343,0.866268090088026,1,1
20977,12627,23,2090,0.5663909892711245,6068,319,5.980116721376584,30.08783549806372,0.09048222153793284,0.6433395311950589,0.4711120962859182,0.5347825028431724,1,1
8009,11415,15,3228,0.9693627669587978,5159,325,8.515269904281709,1.8784858483140106,0.4855250268103509,0.4414835813915707,0.5582633827930409,0.778256438947685,1,1
24644,27795,4,1388,0.41496246931426267,4898,285,4.923991316628799,35.02263448524359,0.7991799322009762,0.9395735067972625,0.49086913163620083,0.4419516843853881,1,1
17865,15466,6,2681,0.6685579628520806,6742,297,11.944628576778632,37.3423976541043,0.6280091789157193,0.9695966729775556,0.4155032184582772,0.6754191006693031,1,1
10219,12846,8,4427,0.6239505868429278,4544,246,8.522141942332286,34.973926811404844,0.10471022010386943,0.8187763403208701,0.3327643853466746,0.24365273465141543,1,1
15041,15720,2,3245,0.5586550094579104,1829,240,1.7659355240481105,36.99303059002796,0.8875422738414948,0.893629020052883,0.03576669966195239,0.7260532771384309,1,1
26444,27840,24,3869,0.7631417541632951,3104,207,1.9647224012766404,21.252999955906432,0.9174502347897467,0.40287515571284394,0.692550335282545,0.7685938894542932,1,1
13287,12145,13,1465,0.4338756757898672,6685,331,9.273716254778467,47.70635085849337,0.3249568278494609,0.5957399154920905,0.6924324660797967,0.17661922024855364,1,1
9619,7524,12,900,0.808663947605566,6970,146,4.523226803938347,37.22698504601497,0.6160177918813622,0.5617191135246175,0.47523785597513774,0.25581413159529953,1,1
16512,9559,9,2325,0.9775789592350639,2523,98,11.15319379438825,28.19796024815932,0.49232715018471185,0.7115690019962042,0.21430744412652328,0.4934558825510774,1,1
9342,10620,7,1884,0.8649175772599232,6676,156,8.235164399238352,44.90698967809132,0.9420237686298222,0.46734738859147806,0.02250483523111395,0.6418212259464868,1,1
18568,22158,23,1287,0.900410721862109,5007,257,12.297927286405425,43.68532195452686,0.5087485329487358,0.7105640452012785,0.0011430433335793745,0.6418676343886166,1,1
27216,25057,3,2265,0.5801675156345616,6245,71,17.2145203720552,39.28465207071045,0.9599658137120642,0.7687938339690166,0.058325911778031085,0.667972533489353,1,1
27208,6124,20,1739,0.5579274281479799,3685,180,10.224146224121684,27.493661192237017,0.1993425505302061,0.43470597878864814,0.287909061080932,0.7072529599497447,1,1
26378,11671,21,1168,0.6809109470016852,5103,107,14.491746959236643,25.773747899895532,0.34553675769567993,0.4343012536738841,0.15071675679766222,0.5299016420627427,1,1
22231,14706,21,2363,0.3792650334478545,4651,95,13.925176439212963,16.449272802802476,0.7813452400961374,0.37267096949961664,0.21204646851001885,0.5886271658636613,1,1
11490,20737,15,1429,0.9550292060521809,6343,197,16.709553221343775,12.791265017885573,0.7836107355933678,0.8369711677594522,0.5597283018439456,0.10714521373705285,1,1
17310,15070,2,4029,0.44202251073036297,3093,170,5.031294809427102,25.08089729782907,0.7321832739567051,0.561845463576835,0.7673198194873261,0.2416105995409008,1,1
15984,28465,11,2234,0.9279283450675792,3841,94,15.150895017951525,28.155742800462768,0.8596114646653041,0.4942690916766734,0.165420674416026,0.5237794357806799,1,1
25988,23238,17,1376,0.4034926220802276,695,330,16.441086245327334,12.492742278565741,0.7025461729438122,0.8479804128289465,0.37251514730919166,0.7337540993598026,1,1
20219,11134,5,1939,0.8764799537142784,2290,319,7.980589185635031,44.3622584517135,0.6360851444722339,0.4416836416573053,0.7931835211995283,0.787586165019889,1,1
8235,3924,12,1692,0.44725601656205766,6276,272,6.677967210882974,27.191877846512973,0.4589250130775121,0.6233973933422752,0.745339518587343,0.7196021382684691,1,1
18161,21554,17,330,0.37440423301854253,1606,55,17.208592509691748,25.74575029296089,0.4670877433293269,0.8266634723318574,0.281853042423385,0.5134423147924282,1,1
9908,8506,21,1003,0.8104732481660215,3289,170,11.855941565291321,21.47500425320859,0.40616149320424166,0.717252683255793,0.25575123743846656,0.33908591566983726,1,1
16567,16650,2,1168,0.529369792111634,2684,178,7.7811620064842275,3.729350898692445,0.6202117997038203,0.7045600918351508,0.1937365122697984,0.47800873620528417,1,1
11530,5395,17,532,0.8072775377819836,1038,231,14.565157395371898,42.47286271961291,0.40666392923299355,0.45077658285825606,0.12432227986327114,0.10790066337654648,1,1
13256,27604,20,1250,0.7052545603026046,5284,270,6.523819376659299,15.8987286428224,0.14749431408659697,0.46579694581423425,0.3680416633030227,0.6082655376950515,1,1
27019,18310,22,358,0.419636729747242,1218,13,4.410725170152724,31.19563572000984,0.10652961620864676,0.7228376281022343,0.27289641072539805,0.16338186849346725,1,1
16162,11226,23,3118,0.9465632469127447,4495,91,10.47549899066214,29.549377271591663,0.9244722752437778,0.36508279109162245,0.595870075096316,0.22358158064265532,1,1
26944,14781,10,3900,0.6394810718486257,805,98,10.842498741024956,28.47088079307276,0.024738907537883104,0.9062355129365827,0.1894932030644089,0.6320801273844234,1,1
13415,8515,10,3449,0.8200462577911602,5930,56,15.124816957411078,25.708473494544453,0.10546726180565247,0.5743013124102239,0.5890657912160393,0.11134637149388693,1,1
11391,22054,10,601,0.67065316609,887,183,9.040951357837095,9.52767217127242,0.44530487464558666,0.6166343788910893,0.23051726878557954,0.5875220333002661,1,1
19157,6365,18,3150,0.736791343975171,1224,282,14.940677901838136,14.18846982925438,0.2629262669043798,0.515396694228864,0.4741830277180474,0.6426230742222379,1,1
13951,19972,13,3244,0.5437750991082831,6635,243,6.636824209247584,25.636839349704104,0.40584890040214594,0.9110695035283861,0.510744077115785,0.770033761489347,1,1
29852,14410,14,2223,0.4782305945622082,6485,77,10.993575335933567,38.09909522505552,0.11744738159388335,0.7612026065957792,0.5374251404002662,0.15782594876899403,1,1
16007,22522,9,616,0.6972449301811634,5510,343,4.939800851861811,21.303481620569677,0.13090693684737398,0.6379414201824427,0.14027118882980938,0.10249191388704074,1,1
17064,12095,17,2188,0.6317401427014413,3096,76,7.85985819012384,10.58435999316815,0.8006579087251153,0.7245976292222343,0.22616909577735544,0.7518292098403785,1,1
29204,26047,19,3015,0.5996724565977172,2935,72,15.649405014242044,5.133387965855021,0.7591087441003038,0.5934365414242502,0.19689254832418657,0.34654579731928503,1,1
23524,23470,2,2181,0.7804430048605587,2840,9,5.0638051916899585,32.161517164219134,0.10425286572461434,0.6479727861020237,0.46092832881238427,0.8541244382950434,1,1
27282,13361,2,4198,0.7919242444871271,678,343,14.868951137837918,20.896978619194734,0.66779041489902,0.5788846037851421,0.060597121817093494,0.25722330500604956,1,1
8077,11531,13,4413,0.3793888358984083,2403,242,6.167382354482203,6.892431953264169,0.6093113233554833,0.6128318682949345,0.4146051599686801,0.5976798920464325,1,1
15577,7270,7,1478,0.5667964763159501,2204,125,2.069080374710986,32.699943359388236,0.7133627226802297,0.5515849881660354,0.06997364451443344,0.1929982147010258,1,1
28611,25403,10,4155,0.6135293121448815,3883,215,3.313920405937963,10.75620035015554,0.4744489045624741,0.3996902896294541,0.26964479194649105,0.4422866261437469,1,1
24984,12906,24,631,0.41201098314506757,4675,266,13.807012497793005,24.923754270272823,0.26998682753344083,0.373901618024428,0.5493648743608923,0.8497547357235907,1,1
22060,19940,6,827,0.5009765546869045,5042,329,5.824170287285446,15.390834828612443,0.6636791693565279,0.46142797073135267,0.330051244009415,0.617095382148873,1,1
25449,27406,17,2359,0.38305075022256424,5361,62,12.293402271980991,44.789433028398015,0.371357426522822,0.5110481560503874,0.22427347150578225,0.6861744804015139,1,1
26520,14279,19,1398,0.9875949431148932,5684,47,13.036781895494345,11.729539114744783,0.21895290101216047,0.9199019907773968,0.49268574071922755,0.2920747808435272,1,1
18535,8452,18,511,0.8213966099007004,5991,201,7.1944546631723005,20.736170512475336,0.4086290137192832,0.741199138894787,0.5922152899856893,0.8843382823128263,1,1
17510,22951,19,2014,0.4059681001617623,5165,76,9.336163288983814,46.096199050916276,0.763269835600954,0.9633101885593541,0.203667947818077,0.6299600742956494,1,1
14943,23283,2,2988,0.36295960306565894,595,95,8.162156992520874,15.980083457100823,0.4757931965362019,0.5673739905252029,0.2395199208767018,0.19000266158684967,1,1
19954,9477,20,2630,0.8103441920974593,6152,41,17.13125843984981,31.295878661517005,0.2998642634334221,0.6071123224322796,0.5122351335608689,0.11321941066109946,1,1
15804,26884,23,3566,0.6310829860369068,1783,318,6.779156228801192,15.886171054197284,0.8318686148238282,0.8106420656575084,0.7721786081444683,0.11353413903678365,1,1
14565,20400,9,1332,0.8535498938013286,747,241,4.524830196711853,6.201724018510703,0.8816437551809347,0.7198573296857795,0.17109722933582053,0.14353002338347556,1,1
13984,9470,4,1632,0.9410246642037656,6770,297,7.532281907447041,30.49471993616176,0.43325042377267475,0.687843251444543,0.5233981085689677,0.8748734829308719,1,1
29526,5062,6,2140,0.7335522489704784,6689,158,12.547009175433201,44.053482158411,0.37468802072689467,0.7183609866009122,0.7252718728547105,0.40462192021932675,1,1
12670,12030,24,2438,0.4697493906670419,1481,174,13.006484390964177,22.270539360002317,0.612698947018965,0.7238465998569342,0.36957341203548905,0.3534976484135277,1,1
26574,23705,9,4391,0.8506041830697296,4863,276,16.74694570344011,30.430297506545955,0.05797444605791302,0.8400738714909001,0.25347538119625973,0.45406386484339256,1,1
17184,22880,20,743,0.9617195156315996,6259,114,16.048949000450854,29.618225423061286,0.6913231605675971,0.7775724974816057,0.5334968521652331,0.4481358431677509,1,1
27096,4813,19,4474,0.7213480237183718,2065,155,6.257288586885046,20.50921602351017,0.7822876053772468,0.9626811191565237,0.025145445184629002,0.30271928433614026,1,1
10192,14671,19,1798,0.7864783662596695,2641,135,9.010193607965341,29.900142021942337,0.39744192725717165,0.9566963315561172,0.2881284404266992,0.17805380814720823,1,1
9248,25640,22,1226,0.5659838048234708,1235,272,13.829938305026662,13.187949967691694,0.17461585000739643,0.6200306237940669,0.20637922145369086,0.1923326037315911,1,1
19246,17308,2,922,0.5941777245825992,3887,27,16.622865129933416,18.767781516343447,0.028818375140863495,0.37286247008762263,0.17969736222274238,0.6093103934930881,1,1
20790,5313,16,1779,0.820178878625961,3159,143,7.063222712138715,21.78898624903163,0.6372455994870999,0.35708786061998543,0.1438074108215706,0.43730979389380054,1,1
28417,12706,19,3337,0.9437735029803642,6714,312,8.833283663920433,41.60840812743658,0.2689934066349098,0.4288437791282418,0.5896506412687631,0.8670870797287854,1,1
26381,20615,8,3685,0.7525525678235854,948,243,16.341391462484545,17.37164605716298,0.46388958712128425,0.3979343352947811,0.7640798362607715,0.4941762039145232,1,1
11687,12837,17,3618,0.8555026614306224,6529,196,7.4149839071139745,30.85144126144384,0.38635552165753084,0.5889542713413558,0.3078165162575543,0.5279678393529461,1,1
12018,8831,17,533,0.4598464111458387,2335,131,9.428464272163641,11.029980358688238,0.17488479594746265,0.38383974328576187,0.03928264552643279,0.8890082341018171,1,1
19302,22383,16,1917,0.4856538177651031,5215,33,16.424318330098302,12.870777265534556,0.508368668460704,0.7499449831277556,0.5751294509380623,0.5263946285666661,1,1
9970,22824,7,2991,0.6905021995733696,1113,125,14.737013096832495,31.47615714661895,0.45959352274073795,0.4717115046369774,0.4305634675708716,0.5266846809211642,1,1
16389,7056,10,2330,0.4629946830354179,1933,202,5.516610262661746,36.82856658623037,0.6241476228698323,0.6789378038845361,0.5789156910766464,0.40868853324930576,1,1
25586,3305,8,686,0.7563968449413911,6734,178,6.859118579296901,22.71950729673523,0.25188499452978674,0.4159704208855905,0.5183233313591251,0.7038500813259012,0,0
29951,17347,15,1934,0.5366580386526073,6128,148,7.323819003079095,16.749685748555027,0.2146390798534058,0.8797466021301068,0.7243487847707814,0.43339351792891045,1,1
23374,4689,12,4433,0.8565808759468109,1376,183,16.560184811612487,43.78276312881681,0.8143450597564721,0.8491736500437221,0.11235215418153395,0.600073844839907,1,1
13788,6917,22,1484,0.8671906218331797,3075,15,17.982406662224896,7.382967307305007,0.7021922449640415,0.597351821472893,0.13532947620779323,0.4802860421688666,1,1
13408,26464,17,2267,0.6468239716834259,1633,143,14.271070985564759,34.873569169519314,0.7722064516915633,0.9327797328163737,0.2732553792185097,0.5494331318210032,1,1
17446,27995,7,540,0.4657188064240866,5370,257,9.49138399114286,33.43802523811384,0.12328981175502807,0.4688484135586414,0.3931110527979622,0.8029732042874502,1,1
8922,5936,23,861,0.7639359750924368,1171,349,1.667867998113403,33.44152264820632,0.22403964332701765,0.8709194913363432,0.7405710248061768,0.45167306814129415,1,1
8419,6862,17,2299,0.9853836916886953,2130,318,13.008552933866298,44.96476088790564,0.5755315162036398,0.6993474780010482,0.7255713834799685,0.2955661351167097,1,1
26588,17506,21,2229,0.7484581746832148,3818,23,7.924459214213448,35.22494414609723,0.857201346872908,0.560931243711194,0.6974976954155018,0.5847723616308019,1,1
18789,17318,17,3079,0.372895802056965,6643,164,11.94427675877199,15.173563902250454,0.8921146431684701,0.4039909983472689,0.17802154715487353,0.8968824957603859,1,1
9120,18300,13,1975,0.36106814449093283,860,310,11.510450397130075,17.610233538918536,0.8319099622549273,0.4596391209009606,0.5837411017709485,0.6892302177046654,1,1
19260,8649,18,2815,0.555031661115076,2892,126,9.43372893347739,19.382215740395033,0.043397946084427375,0.9022320674276401,0.30679339527236754,0.3621087573009282,1,1
25334,22645,6,1977,0.4753016363906591,4401,76,17.08239206248433,2.4480076826109847,0.8208791846557263,0.7384070881226978,0.7449463420328644,0.9185447570526919,1,1
10336,28740,14,4441,0.8703527725717172,1297,59,1.8819146983631374,43.93498482418808,0.8990911775210817,0.5017411573737597,0.1716286691028457,0.39130936599145283,1,1
13373,21203,9,4046,0.8906756269030403,2283,173,13.250185993797706,4.456972381645783,0.05674909015265206,0.6673458415715614,0.11300636256316753,0.9357659202461049,1,1
10243,18674,6,3656,0.5155160136387047,566,103,8.262357826942509,33.89033125858116,0.41628089377698807,0.41901546868815476,0.6739081397068103,0.263191269357994,1,1
27029,20726,13,1951,0.5584126572479313,3534,74,13.277542433111586,35.31756722763565,0.5366103232967017,0.4132591946678993,0.5735260760952067,0.9497021041894527,1,1
12612,8560,10,4477,0.5011980593376734,6177,153,12.641124184403926,40.654607379635365,0.23275037288349965,0.9309693770477877,0.657137342579064,0.16451980242231004,1,1
21946,18451,4,4141,0.931364830317609,2590,121,1.668927042503924,27.00802601298956,0.5166856560371106,0.6430280251282618,0.12635471014250213,0.7062538994668041,1,1
26249,21610,4,2741,0.6716955741582606,2776,30,6.208085170382075,35.08742792125723,0.8859557879610646,0.5814029785287276,0.7078341501995704,0.7293753481389402,1,1
19104,4079,2,894,0.7699277082124927,6570,252,4.620010088312377,15.2279774498997,0.8669425063457645,0.9574059690523269,0.5420962853177093,0.6776384839200743,1,1
21429,16983,23,2912,0.615908535487746,6432,213,4.255274823551123,36.04244851290113,0.9398372812574809,0.6053604343085887,0.5212486423188614,0.7609657524993299,1,1
14371,23590,19,4396,0.7538490838429,4015,231,13.519865287998691,17.140539651308636,0.48410979839454205,0.5651949619542914,0.4660670904784439,0.5010580004004391,1,1
14359,25664,13,1796,0.5969474411019111,733,118,5.452597260036556,43.43340848605472,0.4105669452939201,0.524711149541019,0.6119011884729412,0.14599685458952139,1,1
15863,18327,10,3855,0.5673942001467043,1722,198,9.333170647290464,8.67894496501999,0.6657878190323534,0.711640205278141,0.3324866511044989,0.4040902988243149,1,1
11228,15755,10,3658,0.7560672468310273,3044,325,5.575318422213712,15.840593601675815,0.41676057760103413,0.7073827790564553,0.1062569967465338,0.6459673226201262,1,1
28103,10235,19,1901,0.728279729951353,1555,14,11.073858086682943,24.44216422309114,0.04194459600085776,0.3603642726380554,0.4314118931953573,0.6493099902057505,0,0
22382,20197,19,1214,0.5378578906674878,6756,99,13.389467172989471,37.464976185960595,0.719921452170455,0.7685998873326763,0.5984815662188498,0.2659147574663221,1,1
26755,24473,8,2144,0.44558300820446295,5568,125,6.962733188519913,36.1935579398425,0.2809839412828238,0.8545165459369303,0.12291796231012811,0.315054425363398,1,1
10891,5031,5,2295,0.585889084056408,6449,130,11.449843996737513,10.903693093251663,0.049085312267190484,0.7442173071554493,0.17921653408896168,0.5136934172000805,1,1
11756,11514,14,394,0.6157264890508218,5054,41,15.110103777826694,7.779077740754429,0.020621076526904147,0.906728408501784,0.5572364976529429,0.7193189443053866,1,1
28609,12095,18,792,0.7523579733917471,3847,73,3.0547007052141124,15.286571401822618,0.9313612685773182,0.5269064710634725,0.21572074727782573,0.8248783875520876,1,1
23770,17287,3,3369,0.9352984087275928,1669,301,13.226064884180975,23.736445128767418,0.2520760086441689,0.4728668177719952,0.13595268846928077,0.1735121208347843,1,1
24478,8911,15,449,0.3731582704210721,5976,178,6.831891583183774,26.33323710681028,0.44789919252306354,0.7962579800447832,0.7115136618442388,0.8867769283213804,1,1
10674,14695,4,1346,0.5059430480267807,4601,49,3.5237242826615804,21.16946677489812,0.9505764528988554,0.47067782540820946,0.1287162848433245,0.8885719131640787,1,1
14898,22037,6,3103,0.4739782030589186,993,127,10.503294425636755,32.165235482456325,0.4675169787807252,0.4083071228001683,0.27531886323787413,0.10674368078327671,1,1
18147,6340,15,698,0.6714684215640214,3679,31,5.2333282679175745,21.09527034907017,0.07860932352631134,0.41183364386538357,0.3427442339188355,0.5304481393240068,1,1
8793,10876,4,851,0.6250085165076222,4343,197,15.052469579041102,45.47746346712335,0.5519360472466592,0.8417718356644595,0.3809119884723171,0.5990726244351294,1,1
10116,18896,24,594,0.8165840792449206,6714,344,2.207782507262756,13.26553585513219,0.08819865345406519,0.3683918730675868,0.28904794065638895,0.5706564147549247,1,1
13779,15435,8,1443,0.5051461840287128,5534,140,3.127772788469808,30.486489671494454,0.09508787837353638,0.5352522910970879,0.7300307995193046,0.6234059088989645,1,1
20298,4141,19,755,0.7304789540798455,1863,199,10.09643607876598,29.734763117026194,0.8514770738024597,0.43267930236420915,0.5269001769410038,0.5278485895834987,1,1
22153,28425,14,1853,0.9156686487039739,3898,53,11.217539437269787,14.23401192846735,0.2894215433645895,0.8331424939516834,0.2875957193781621,0.3497358767016745,1,1
19111,27942,24,468,0.932833753547715,1556,100,13.543129964625324,20.349318352159283,0.6786702001124363,0.6722355747667097,0.28617577563009594,0.18134872823660775,1,1
18789,22281,23,2246,0.9636221470240199,642,125,5.777802016161198,18.177260113678628,0.5089243353286618,0.481515145278507,0.4023619993477981,0.2771224990003557,1,1
19397,12281,11,553,0.8448871373311927,3815,253,15.389046735519315,9.107455820962997,0.22232669120441417,0.830262975136811,0.026930563335706648,0.7292168467197808,1,1
20999,23425,14,2676,0.9298322600057056,5331,221,17.226848606267424,23.432874993682567,0.5178202986532077,0.8302345658484245,0.7413142710663677,0.30490399083717956,1,1
8814,5038,17,1620,0.5000997580705755,3273,118,9.734148509315249,19.173125892026547,0.06899353589975277,0.6847344941239364,0.17864750217123382,0.8052537852835703,1,1
24729,7270,10,3183,0.47645180438430523,6299,18,14.04876752200172,9.38091592315649,0.34721234958970937,0.5265438637153341,0.5580740525511093,0.4429651119538466,0,0
18541,13046,3,3907,0.3541523736195369,2384,66,10.15999784997258,22.14436213463479,0.5228362250204917,0.7252173435278217,0.6221781976045841,0.452304476663406,1,1
10443,7683,24,2425,0.8023803887546229,2764,47,2.646205985301475,20.82666650816074,0.22839433808565202,0.9474592644826828,0.6619064121498476,0.8382239300046417,1,1
18457,19878,6,3796,0.9499790002007964,2424,244,6.880839961903248,7.174186849994607,0.6601881301813605,0.38304728808078004,0.1325138478940077,0.2821455040349356,1,1
18380,10116,23,2540,0.4696386208266729,4545,100,2.9435303788457476,7.16581447014651,0.05181192169630677,0.520847901837947,0.4293544558045909,0.2611763511948568,1,1
15783,4784,18,700,0.7576438882732024,2981,31,17.81650546770772,31.432846852747776,0.4848098978706269,0.532380285051314,0.0669394897118961,0.9375954446986569,1,1
19473,22894,24,2456,0.8277342459019377,2390,328,5.2789275492107235,34.209297821703885,0.7149957812893833,0.7543594646943249,0.6438338762508443,0.5595137742193587,1,1
25368,6786,23,2676,0.9436731104947562,3625,246,11.99235692035936,45.23547973571853,0.42994605895677285,0.7667452138636462,0.3891612271667124,0.2619425984490077,1,1
23328,24650,5,662,0.7639905433710219,1441,244,6.191694182091466,5.089220451671691,0.874586415318938,0.4820418527639766,0.1267912471387822,0.24093410553811187,1,1
8827,12190,18,4238,0.9709879889592015,2115,308,12.278562553372776,6.5394901417779145,0.6321927812406656,0.4883043825040068,0.574943156486451,0.832415223927105,1,1
27915,8428,10,4151,0.5705908102480306,6511,71,4.971627899362961,3.4354520379918174,0.9584929160587378,0.9440561180922684,0.2649358790015823,0.6098690720668507,1,1
15147,9681,21,3712,0.5739542616137009,2468,285,14.45695608751623,26.014736245575712,0.2841218127749787,0.834031243304199,0.09160528300808607,0.19778251613950104,1,1
12451,9893,3,2606,0.6975280064091811,3722,196,3.3283914468044857,30.269090871875644,0.9387893308547471,0.9479326070603005,0.3688590599949181,0.853871875272821,1,1
23343,15661,19,384,0.5954412039141805,4650,123,16.269981601489626,19.96560224081141,0.6068225898856967,0.8809843124241269,0.18819727896777183,0.4773192548285278,1,1
21635,17892,22,2124,0.3509124661040209,1971,156,15.366957926923108,38.50140438517324,0.7451788992133986,0.6073555073687671,0.7601774685899539,0.9409536813108327,1,1
28260,12643,23,4185,0.8183340960556719,1558,269,12.700321170033362,33.27487349217861,0.9021611170434469,0.4280208875809076,0.2890893262454219,0.3394962785330045,1,1
13959,12943,12,607,0.8310989065462293,1506,235,2.6123413478569892,47.33449978450242,0.5511971879918209,0.7529122344043122,0.45796232411720006,0.5494946467309751,1,1
8126,13472,14,2221,0.8280637469995331,3690,355,4.941388967427317,7.4810642150848965,0.8621807919496653,0.5752742798448988,0.7586887987656494,0.24713523862273612,1,1
27561,15992,9,930,0.5708132266306987,1720,253,15.679466328902754,3.7408362240975634,0.5416969395880553,0.6222636739787639,0.31497694925436853,0.47375008188649037,1,1
16795,24042,2,2671,0.68426526291915,5161,63,3.51257816599282,13.915774161761227,0.5991989276172377,0.6225630342041972,0.2865014990207643,0.25005691665793517,1,1
19641,26466,18,3600,0.5803830516330685,5366,21,4.072879589082332,1.89535917989167,0.4450985728973855,0.9493725578650961,0.1299245123146208,0.36114642354109183,1,1
29493,14126,13,3967,0.36026329601961327,2297,175,10.476054841966093,44.8327371097261,0.14563855184010288,0.39407194828325987,0.7506428516526122,0.3293858771469734,1,1
28530,9869,5,1026,0.709967322413708,6474,355,6.023927754626671,15.285727958344244,0.5535032333488666,0.47358640734063256,0.6405958226769909,0.34062984241861327,1,1
15196,26991,22,1948,0.42920682629376705,5473,136,5.1642490490748365,26.964217847658567,0.9774482302661811,0.739083437449563,0.1768087912175137,0.9243523646826315,1,1
19559,10669,14,1569,0.401226447418522,3371,140,11.00092162549498,15.949272745300869,0.7871859957322843,0.9156051621676118,0.26613954219866554,0.13267951291995564,1,1
11368,14538,10,618,0.8335194039659437,1013,46,7.64751516155748,12.553005233474703,0.7474984847534364,0.9374832971967941,0.7319294224655611,0.5223322965673982,1,1
11797,13065,8,3775,0.3560839695475876,2117,309,3.819238296699534,8.161142026819359,0.6433088027296295,0.7075634729695552,0.42982367664626003,0.6348589336246789,1,1
23114,25603,24,3078,0.9637654039095848,5017,10,10.325087164500163,16.057198255469373,0.3479086734872445,0.37211918005401384,0.44506742928470394,0.6616471682774042,1,1
21718,23918,6,3358,0.6797634330320492,6571,333,7.8857046540972755,29.924689729174805,0.16961519447837847,0.5822438619772633,0.5185155855611036,0.7413638349130373,1,1
9792,25363,6,4434,0.979130515651935,5112,174,13.619526775517194,46.6661963853138,0.22455160164268984,0.9380533069905145,0.6097310543262385,0.7468205969924224,1,1
19053,13171,18,1902,0.38711844638253334,4257,292,3.1954647982897217,27.230325897256023,0.006322089542650122,0.6699642150227791,0.751428436531464,0.9121775350705661,1,1
11476,28274,10,2556,0.7234589112741845,2532,342,11.740118525108569,26.037326106653243,0.6734804208983547,0.8150324986774299,0.6417800587760201,0.7423177614131531,1,1
11417,20696,7,1129,0.5735693030245832,3710,219,8.702139894563587,2.657361850941903,0.8118775585564337,0.5222837890876766,0.7476393587712171,0.8001358617971873,1,1
9645,5962,20,1155,0.8898287954011429,1204,73,8.200020938364668,40.48465373638156,0.26891135119805976,0.3660044610149796,0.6564878065217887,0.5524681029647274,1,1
22755,16851,17,2948,0.5811825505499432,2173,31,5.33274685213763,3.107544624885942,0.09185039964427189,0.7201505191860634,0.0371472484917331,0.6590223422498253,1,1
27414,22322,22,2158,0.5167120505967034,4199,229,2.0020294653447337,43.59291688286352,0.33572706782191786,0.884387842839309,0.09402769642955358,0.5064056693031151,1,1
27256,15979,3,1402,0.8988340013439445,2591,326,15.48687170701665,26.317571091765743,0.2920512294169779,0.9837719660096381,0.7079143405170673,0.3349544897837685,1,1
11072,22581,11,2781,0.589777978658087,5453,238,6.885766419568027,8.917930445999666,0.45087636077773185,0.8918413490168785,0.022157159236205627,0.36637561825165665,1,1
9854,8296,17,2120,0.3607733247107593,3348,55,12.738002155542477,22.23024742430356,0.26410205432101097,0.7045563918855202,0.6353397190559446,0.40645283184340897,1,1
28405,26588,6,2379,0.5997850245371736,4814,153,17.13519209631567,47.76427059211032,0.3397327053450291,0.7395856568323442,0.6798749855228099,0.3895468457027118,1,1
12662,17745,16,3458,0.7688942521670028,5163,79,10.822339918355173,15.338894046072372,0.9075547793492427,0.877464985517546,0.33237164966596194,0.5531869031988726,1,1
14514,8730,14,2740,0.5127901048360843,2277,310,8.052923891577795,13.664609121783197,0.3348353528896062,0.3626788459696743,0.28388380225857585,0.3104869665106118,1,1
29415,16921,14,3984,0.6264720591521007,4853,96,5.926513844753611,6.546277066997778,0.785518046729897,0.9590523828444573,0.15552337529443971,0.539145796501991,1,1
10708,3126,14,1555,0.3862976885006243,6132,72,16.91172257868364,29.065690393169426,0.6258337002244594,0.6899815973428681,0.03913509732989038,0.8788051144866991,0,0
19694,8602,16,3257,0.7263793865689325,5556,239,12.754267497843857,5.193668953656257,0.33753794563137385,0.9593134364735494,0.5963063650487949,0.44506925453273305,1,1
17524,20575,15,3951,0.834028751270652,5996,148,12.477142988733233,37.00237899879163,0.8177882697803505,0.8392916266117321,0.058981667557909304,0.28924915479229996,1,1
27891,22023,9,2539,0.6145200392967105,1392,80,8.53161236489707,44.20350517353623,0.5950760695962649,0.4474833143134088,0.7557357024071367,0.3948275112910844,1,1
14456,15581,12,2239,0.6189488849929344,6932,90,15.443303762312606,44.79794222712847,0.008618727598900366,0.4557662813693615,0.23739477022004954,0.8453542003287311,1,1
12212,18997,19,569,0.4065007990943465,1471,231,13.275591085656536,6.072063885239576,0.06872820157239978,0.5763334246481365,0.6353954540753854,0.9004432349074291,1,1
21224,20750,5,4364,0.47924215328766884,602,60,6.172523984386766,27.238342075589532,0.7526395594523189,0.5189523340389103,0.04774612082944856,0.8536838591931354,1,1
15970,12211,11,4075,0.4489921940018641,1607,84,11.393047890413293,5.564163180401831,0.44652778958519435,0.6311512059504167,0.4290229477214976,0.3442454696514299,1,1
24920,25837,2,1412,0.6582801719433843,6551,28,8.598200250920883,27.88475864976197,0.40550779174354057,0.7364984773602495,0.2792796296724392,0.42966868662055435,1,1
9625,17997,6,948,0.68872354620848,5645,231,1.608737686690265,39.30408750485031,0.14582718419580798,0.6294108796715147,0.02400088414250945,0.9286937508537088,1,1
18314,9671,14,1479,0.9573216840219264,3746,32,14.825786619779656,26.276137628254382,0.15731859396127024,0.38610917421262,0.5246394835273372,0.3752744640675252,1,1
15973,26067,2,2442,0.3968681627374297,6354,125,3.526700757175063,41.98652982701401,0.7977524500959006,0.9744042336965774,0.7545301767267959,0.21718090190552916,1,1
16577,15271,24,316,0.7339155028192301,4212,97,9.914249349043134,38.67869467792075,0.8290171339614553,0.6220781658888637,0.008602213762452583,0.3397800736644081,1,1
16070,23923,9,416,0.6869590574900744,6041,345,7.0477321858994575,13.997772447176635,0.5600025406387292,0.8946880027659011,0.21634954094419234,0.919380896623946,1,1
16666,11876,4,1845,0.6803891826789307,6273,116,7.144469179811179,30.61480729547476,0.2951278098056874,0.39733074704713733,0.5628845941580519,0.4534941329113835,1,1
11600,5887,4,3451,0.9088219439250089,3917,349,9.376520576327831,1.3483699443781774,0.9327008166678302,0.8684415230186764,0.6970029792333039,0.8937996489405041,1,1
14783,12654,8,2993,0.4815446212451113,6945,35,17.950881216325794,19.613970048468627,0.6239623909952267,0.4609789681352352,0.1526233388000625,0.18846988226681663,1,1
21226,7086,5,4389,0.3760948955784777,5917,147,8.23826473041935,12.184127885861873,0.7966421194517882,0.7848191635180557,0.056573427631015076,0.7511472363817024,0,0
17146,21645,4,1576,0.7802537648858832,5674,302,4.5084322919734445,45.04446825934385,0.0032829202882154185,0.7735562856032577,0.00691312026965667,0.17934188768897857,1,1
12971,7180,16,3540,0.5709007770470272,4651,231,11.624504577814587,20.05328355098852,0.4503196008753605,0.9322762996907901,0.17216513732494737,0.2678713659918426,1,1
21490,5841,9,4088,0.3612575463760157,5610,254,5.398747182652101,31.741028135856588,0.8709490863199558,0.5552330754244726,0.05705383364339803,0.6236869051433486,1,1
25589,9040,4,671,0.5108793646658648,4159,54,3.2415607557636816,35.40313563585954,0.3382332832327213,0.4197342463460112,0.2875056712820784,0.4693064376144377,0,0
20951,22944,8,3107,0.5479691354987596,5426,218,2.3278738390878306,37.34098931803085,0.726551176872281,0.9033221224063203,0.3521006199630775,0.6666731149172581,1,1
20312,13304,19,455,0.7447765611419148,1419,273,1.8775410213247838,35.58143402482386,0.6576748251286455,0.5622096189698349,0.38393904470576495,0.9273953482396691,1,1
9990,7758,12,2961,0.4604549081915341,5052,292,8.614216697132552,14.590757866423534,0.15221836635429942,0.4988216249987003,0.11386344819568608,0.14480666771496872,1,1
13299,20010,12,764,0.6143547826901747,4727,199,8.540975367910995,33.24518174627344,0.7749038272544051,0.661173511672552,0.37119043906127164,0.26288267116130903,1,1
20997,19234,18,2073,0.6587842844274128,5088,258,4.561499101286223,26.803445666327313,0.11252679031279889,0.44352684160754546,0.0072413134046904306,0.6441903341581264,1,1
27956,8014,7,416,0.6439119304730181,6173,83,14.436314387224954,29.076515245483385,0.7279140965719407,0.5400565459660602,0.19153687049763654,0.8620474826618383,1,1
21472,4375,9,2403,0.9733220906667404,6483,248,3.6329653606779995,1.038287013511479,0.9909683367790943,0.5965796058013779,0.2952688394474559,0.7780007235372715,1,1
12380,4181,2,1674,0.37912271218578947,2657,95,16.60273367854849,13.138107244784258,0.9579814318117628,0.5274433878342843,0.09468126075485328,0.49574511271755695,0,1
12757,25092,11,3503,0.9586196393295355,1081,10,11.195003631113995,44.74213374563581,0.8002417430570047,0.6381660804755724,0.651203677853854,0.7336534738217719,1,1
27097,3490,20,3846,0.7224398169561813,1295,285,1.9556702057313387,14.63357591536911,0.5345174242297022,0.5961764302618399,0.16096991384652332,0.2768829268781717,1,1
18395,6729,4,4277,0.8592657375806965,3697,154,17.389048324754825,21.586729545733203,0.67482457582074,0.8457382599107837,0.6039117693170143,0.11167100283814803,1,1
24241,8974,5,1496,0.6254512755302882,2383,328,6.581030782506584,9.77367716319983,0.7281083903440927,0.9377815532318143,0.379114431564662,0.5845141527766026,1,1
13588,22918,12,3711,0.6404562440044674,3867,286,8.924586833034581,7.514319939473419,0.008401524278238703,0.4145908587186256,0.3837944745161315,0.7912579703438143,1,1
25350,22680,16,1096,0.9127689593701271,5798,195,6.19043343441011,10.80744152601914,0.10236622095295644,0.8769136278042823,0.5161554688845014,0.468427008473277,1,1
12944,21324,2,4192,0.9233980776268174,6544,278,13.518951417557329,27.02142445674773,0.5970591320788624,0.9463335729292387,0.035422169306399014,0.5838614548814407,1,1
21395,24398,10,450,0.5027608841160305,1309,77,9.513723641872387,44.194346615335085,0.0065345401429091066,0.7894324134199525,0.06300747200011428,0.45885401544439075,1,1
27816,4882,12,3549,0.4775148022941556,3433,322,3.684153830141293,16.331361455120945,0.9089056507734973,0.9877085927492406,0.2614747918180113,0.5369322148912291,1,1
25072,24292,20,411,0.6675905112767686,3768,72,3.2193652139309874,16.20017375377464,0.4896627132250778,0.5644275197855309,0.3334580004013778,0.8516943242171792,1,1
12243,5987,14,982,0.9261772973617226,5368,308,13.468694319855484,27.51460758368281,0.2577670756051217,0.8813983626143779,0.3439526377558558,0.5064190929073148,1,1
28085,8585,17,1461,0.5563072597799528,5720,67,5.411843181365979,17.76690773157736,0.3938211695975993,0.7811696029932089,0.5415097046603744,0.10635424849828426,1,1
29566,6159,5,2679,0.767289353817044,3484,138,3.7735906815347966,43.78955425524744,0.8507764106400029,0.5569944238063729,0.000564009468921789,0.7798713459865781,1,1
17916,7530,2,460,0.8032170801539846,1072,311,9.740555350464406,18.758858004186308,0.9271928737641157,0.8009929494466209,0.767284073663751,0.6250597401921301,1,1
28806,20065,21,1725,0.8483517855322598,1706,272,14.745627244349016,24.050785868414952,0.11623498047732006,0.676157976996837,0.1395899287815559,0.7208343363952562,1,1
17984,24638,14,3961,0.7109116530694164,5404,227,6.099915306906652,26.06929634660931,0.7779606339555767,0.47094329011015845,0.19890534104418942,0.8659241253895471,1,1
9759,4073,2,577,0.6075713140985406,5474,130,6.061121593063328,37.75718637113215,0.5782271182165303,0.46128299674205614,0.7245017476201308,0.3432821007959001,1,1
17181,16743,6,3691,0.9688902328313427,3580,269,15.259040794296219,27.503579152499533,0.5855027576644867,0.8065752619301427,0.0043931206956417945,0.5276094330769208,1,1
10482,21771,6,1856,0.7412516821138257,2960,11,3.9392576103849137,12.240289706924234,0.7794521218958264,0.8056354958827094,0.7930448652471632,0.6121110169439968,1,1
8951,5693,15,2215,0.8162817354452934,2241,210,11.676005264478029,6.827398711439264,0.22284468678595748,0.6896952070153174,0.02876586850168268,0.3935824898213298,1,1
10079,12562,24,3407,0.5707890212453621,4505,183,17.25772246921266,45.07540369438131,0.5310449679749583,0.6709060270577581,0.09643641559484771,0.8191570795007477,1,1
10717,7340,15,602,0.7787674758419713,5425,187,15.381501968025574,38.673460748038046,0.3193526154508092,0.46522460524087156,0.19208537003911053,0.6929312529148794,1,1
28908,5156,9,3073,0.5149905037850406,3113,232,2.5199513573655317,2.0793648835790397,0.09451234497651484,0.6247431187227551,0.3509773120903259,0.7233964462410936,0,0
17692,19184,5,3545,0.5068620272183271,2215,240,6.778529463266819,39.61186226320674,0.10507944555660387,0.9076944134599046,0.41476122697247386,0.7868061781201038,1,1
15311,10966,8,1300,0.8074222091580329,6747,150,3.8491786822781697,28.75809631352413,0.13647147062515075,0.8970254759008965,0.0837747769349318,0.3193715541148458,1,1
26449,5580,21,4134,0.6836926312082785,5745,62,17.162470521837804,25.388029046642338,0.614899848904838,0.7729880971571832,0.05893911889682313,0.7337955212152308,1,1
8768,10257,20,4306,0.7872970306703294,2069,300,17.76803584266434,1.5747714141072688,0.10583019837731,0.9883082739006293,0.02548722912461443,0.7577358306177554,1,1
13490,5159,16,2018,0.5224406340787786,1176,245,5.377384838910626,37.70061065006751,0.5701038425901735,0.9216341418813571,0.2054005605393625,0.8160336646533786,1,1
23534,19172,23,4130,0.7331829382763074,5540,349,12.550034239674417,10.309055669338756,0.5882970579772597,0.44294747108358523,0.737226378876194,0.5152571559264374,1,1
14645,16900,5,3481,0.634117535809992,2333,291,15.386923578777454,35.21511702012172,0.9038965101218911,0.6054472979799699,0.31187401511032253,0.5285611731696862,1,1
29467,14440,20,3182,0.7320545835811378,6913,167,5.355724692838862,1.7458076261934115,0.6263765963255142,0.4344399902459356,0.6112059136756395,0.18345148708599493,1,1
13232,17678,10,1298,0.5361630286363004,3013,30,4.596730466296128,38.42862153431075,0.9855878408815013,0.64829735451469,0.15215055563116062,0.8243028149954954,1,1
19485,17436,22,584,0.8078886167354393,1300,110,1.684981883580125,2.082855012686906,0.03099257994083482,0.8468850078366925,0.05174338058128339,0.5534649604057653,1,1
13797,15021,14,720,0.865794794342058,1641,244,8.297380539535176,12.086966491408395,0.7041461366451189,0.44970477435440603,0.44342383078693026,0.6052695133975856,1,1
29310,9772,15,2460,0.5163465432689431,5711,344,16.340718129512823,13.609075988097532,0.02648007805304331,0.9134701007487381,0.6576739202964016,0.2032245580132042,1,1
27719,4627,24,3365,0.5423971583076109,6231,336,16.399164209429756,8.402905991025541,0.7293775778747036,0.7141968329859241,0.718767933330836,0.6115491521203845,1,1
20342,14664,15,2575,0.7731387326202195,3552,46,3.6077616038987688,23.609735221182344,0.38585020920403545,0.8293244510702369,0.43696368282808074,0.13569009758084005,1,1
16038,11219,23,1794,0.7951745115542683,2531,137,4.871815928718517,14.333334101985319,0.6113077653925896,0.3788997197488642,0.2352258272248248,0.8847274516445529,1,1
24002,26464,11,4184,0.800623798014368,2008,321,8.232780960419804,47.68453485918106,0.3095380720883377,0.4100564181445579,0.08760939618980866,0.8340068512022075,1,1
21087,21369,17,2843,0.7869270430565356,1610,48,14.380304995201081,28.25853328817563,0.15910503915264906,0.7473511592945026,0.5342582833909039,0.26516981008654095,1,1
12873,12713,6,4426,0.6013969388496248,4829,39,11.595549478273522,27.624457777549303,0.7235125180892824,0.886442824274424,0.22434945369446818,0.604730566148137,1,1
9481,11488,24,2141,0.6027063516183542,1412,351,9.97852076808357,11.380872615003396,0.9046203802700867,0.9092736540961391,0.6751699395585581,0.6122942524274338,1,1
18093,5181,7,1021,0.513083279132404,5743,5,11.266876089672952,20.208403619600833,0.18358244370003496,0.7905563681709322,0.4840968947626304,0.7829175524966768,1,1
27835,14594,3,1701,0.4503735679336723,5822,230,3.087294947737895,6.826965734920001,0.9207030012036006,0.4786007808942998,0.6871028506837807,0.7433823083394588,1,1
22422,21680,14,745,0.7932495228140196,1555,303,9.381450097205965,36.838874855768154,0.14018210920454377,0.4748138973828459,0.4533224080041211,0.9442567332402962,1,1
24438,10164,14,3091,0.4096408230222802,6170,292,17.869044277395616,16.564484569213413,0.7356618825495312,0.9140721583085785,0.6173938901635547,0.398214575564382,1,1
15643,21981,20,4067,0.9501870635435402,4689,240,2.959361424494949,36.34239416948088,0.959445158179006,0.4224706467310563,0.23544412072887894,0.20593758404506785,1,1
27846,3901,19,2851,0.8790792343497289,6141,37,10.067570180975626,18.469711996685344,0.1473708817562377,0.7890853530294248,0.4024470323060652,0.5874509619589706,1,1
23708,25444,20,2267,0.8988036735726439,2250,99,6.3782128173466806,47.47159028539774,0.43509004675535334,0.691444376983517,0.015525098322327936,0.7493929229567078,1,1
19271,12290,2,4188,0.9302680413537218,3671,209,10.408569398222323,9.042716245967224,0.33745748235839945,0.6197088615277347,0.4862653946588445,0.34292434945979433,1,1
25216,21061,9,3031,0.6115071812628736,6887,113,10.96800954055682,1.0716230125165709,0.38847775018409814,0.6318141223448676,0.42699147804836257,0.3007754118292906,1,1
20600,5881,23,2929,0.8918884629442566,4653,326,11.028302818971351,28.95680044478413,0.7531397391317766,0.954932712150522,0.6042258579441626,0.7820864059877314,1,1
18998,16058,17,2264,0.45115923218665555,3512,34,15.561444957629629,45.788800404128395,0.6611889325555593,0.9013236479340775,0.5831647723888526,0.7406639479664393,1,1
22295,8622,3,1357,0.3638507485492708,3928,270,7.930832342115405,31.41154058058103,0.9686869644628192,0.9035896728843175,0.5020936014679264,0.2728831725766086,1,1
18682,27436,9,1057,0.852330492584864,4062,27,10.019843683997182,5.0290055691645055,0.18547950335642227,0.6102357172119182,0.04534833089669386,0.8388800133960321,1,1
24380,4378,7,2095,0.39786985471804115,6963,101,1.680318582967851,26.402577975912596,0.5432608693258801,0.41846797359187665,0.7224077658088618,0.21452000467028526,0,1
16519,20632,17,1943,0.9826557870885898,5638,43,14.527584926066151,43.745885998473184,0.44912614541902673,0.98861723719529,0.014415352725837494,0.19285385148102385,1,1
27694,8650,24,323,0.7818697149449958,856,177,5.781547171701573,1.3057851903605986,0.9188561089257496,0.44301957584350815,0.642614128338049,0.39844115098972377,1,1
11300,15433,12,1539,0.8322078145549475,6760,252,14.973157896668521,8.844874003376543,0.01061923247695995,0.679972691410341,0.3834770810139759,0.8535527040148384,1,1
14722,25463,18,4450,0.5073144680178342,5755,166,5.883037995275234,39.28439313682297,0.9891704007670942,0.5193562807029709,0.6543948503117039,0.6911241433603287,1,1
15218,12456,24,3397,0.7812738521086005,4891,184,1.6780101883311218,43.0136340091417,0.4797343143725288,0.6768754314559413,0.37205589897015356,0.4355107951685496,1,1
28059,10036,20,1604,0.3776607598431726,5120,107,4.054716750191871,34.23654918080873,0.6255396472335975,0.5451572442256948,0.5175502440574512,0.23366328493409136,1,1
11054,9487,12,2842,0.8862084607511046,5720,213,17.76376789244077,47.60332769107158,0.3600525558057155,0.924007449997414,0.290612404625597,0.7064550358142477,1,1
21575,20442,9,4012,0.45855941954020635,2117,26,6.776720558141811,5.240148690568758,0.8525266696954988,0.9697386212536702,0.594942988909063,0.6092751365650657,1,1
15970,21432,23,4255,0.7963091627736132,2123,9,3.2955943832103283,26.646796244318335,0.5619879451183827,0.6124411408882451,0.2033409400915982,0.9395304744087611,1,1
10143,25499,5,1605,0.49366752078894616,5724,143,3.4595202598248838,33.19475196443655,0.6628109362497648,0.39492136996963867,0.5754847295001219,0.7507255425423631,1,1
29591,7248,12,3474,0.3938100284326673,2165,218,6.620654781944193,34.02430185734713,0.6489047080606765,0.7745351035811083,0.154706120861772,0.18680536294720068,0,0
17503,21860,9,3928,0.6581559542716123,6145,164,2.12114317842659,38.29377692117659,0.36398213989773254,0.5910403609910196,0.5777341469381804,0.7189828004990364,1,1
23149,7603,10,1081,0.45834317457458523,3699,143,9.939561704012236,44.12842411967101,0.07599099580661584,0.9810199398121133,0.23493704419373396,0.3188299886889827,0,0
26922,22937,3,866,0.8168441525289918,4996,149,5.026725105573783,17.99714794400439,0.8077062260940501,0.40719985784634904,0.2229054176389889,0.917611344129105,1,1
20175,15632,17,4432,0.5020421397654303,2095,164,10.06862558304839,3.0192794619588845,0.2897159191843175,0.42624092204490416,0.6491951499828854,0.11638257485307914,1,1
28931,3220,7,938,0.5691824359909304,2489,87,3.822609608537133,18.03476998060504,0.8489302284777045,0.79763079307939,0.6509541093520532,0.3025980017702698,1,1
16356,17226,22,4000,0.7131611208092626,3286,159,8.592644278788624,32.56589387920004,0.6086430087908263,0.8355357455064062,0.5531218956202852,0.5241486200350511,1,1
29389,7818,22,4467,0.5323796976494795,1028,292,11.365628163620535,11.032436104681246,0.353703958097478,0.6515016987459605,0.7391269046059494,0.16720814038578052,1,1
23070,26576,20,2699,0.5919123943743754,3104,321,2.522998982578782,39.06872872325939,0.5942471489736227,0.5274493455616871,0.12495495467605383,0.39245340919256866,1,1
8822,24007,9,2970,0.8719979334658474,3695,285,8.079363602642466,11.328929512973048,0.6454926923614376,0.5482784314434894,0.21545705617048327,0.5226497272301349,1,1
25327,10349,15,1472,0.4646943037190564,2907,68,6.491643046329848,1.4729799118681468,0.7066834077586723,0.5663026985096133,0.2352112692960814,0.47989326480069583,1,1
22289,8618,17,2020,0.40260901726843756,563,196,5.465936972062462,24.87979638850823,0.8223381345070713,0.4941804740104787,0.24422906992080967,0.4914974413072907,1,1
14150,12856,13,404,0.5601489824851323,4460,160,11.474821330394192,35.14369385597014,0.1597549422179847,0.8944112308143036,0.26242558710744296,0.8471695941484508,1,1
12425,26593,6,1982,0.621601130888882,3312,95,11.21094276512922,17.4338010052312,0.9441443847686166,0.3916494128350704,0.5576073416954693,0.5294972425305203,1,1
24032,7576,20,2149,0.6973019405674032,3321,146,11.906546810181943,36.198102578228976,0.41084061442751085,0.6106578074101213,0.2166065146602712,0.8998898232020124,1,1
10198,21255,19,1162,0.5883511655520045,4527,46,4.121564062136603,21.605003703687387,0.8604502983763773,0.8284660126982352,0.22873772388038516,0.2255719286494669,1,1
28626,27299,10,3745,0.8555434881425953,601,253,6.214202540228408,9.070587013416565,0.22047959536778516,0.352448303645905,0.45633166681276116,0.3382176743801292,1,1
28079,18207,3,2865,0.3751644721078229,3848,299,4.959699836918799,5.256244508550881,0.029028972204714787,0.9119408107397942,0.15468708405142576,0.6580384089148437,1,1
11452,4462,21,598,0.6263312244470771,3798,262,10.418309482464391,34.39759675064533,0.5733440436228507,0.8020276559227932,0.29191000523769806,0.34065419461693924,1,1
17106,24905,13,3208,0.594643785380099,3594,341,9.10758387195867,19.128595017335257,0.32466627907243895,0.3969593323738035,0.04635231089288468,0.39518465900194377,1,1
21859,18905,3,4437,0.7644502341163898,3391,5,6.949846670280376,43.900367092417206,0.9844620049479493,0.9227978169564404,0.7620376864504057,0.8658739683064524,1,1
25692,27920,11,1070,0.9684168012143334,3635,113,14.469244346329146,26.391987752975638,0.10445345471538292,0.6618751952837234,0.25384614167858904,0.5577752985842781,1,1
28561,19252,2,2839,0.6766402602424717,1680,129,3.0505667827383163,17.37632365637302,0.04730286600352174,0.7674331736897994,0.6800337068648687,0.3844616425654195,1,1
16705,11236,5,1762,0.9816011820427011,6414,68,17.585795364468098,17.402573568516985,0.04501781855313325,0.9145013596920588,0.42395647525599867,0.7602050112072758,1,1
18112,10813,13,4154,0.5434396127444463,6009,210,3.422977283952759,7.17757962927451,0.21687369522379452,0.9139439006012577,0.18256972583016173,0.16006504094267274,1,1
27978,5068,10,3418,0.369755604827175,3386,342,14.255668407378096,28.90809021869036,0.5791911163653384,0.611596235844801,0.15474205920231904,0.5791132186752806,0,1
12841,8753,5,2432,0.4560244271849041,3228,248,7.575798121153725,28.36185536428514,0.5055633736446917,0.5021212704159579,0.5559685959064113,0.18471926382458648,1,1
23358,10237,10,2009,0.6028799262557231,3192,82,15.776826780674792,38.59970352101519,0.3500758048335615,0.514749788381553,0.7718950461069136,0.2503231817419611,1,1
9409,17175,7,1290,0.5524537018806734,898,115,2.723804154938674,10.456257235952576,0.08879310741690927,0.8402026152855858,0.14645577642333815,0.15307863614607783,1,1
12566,26400,2,1010,0.4121146438293617,904,146,7.682908218173574,14.667113196363887,0.2337370947943188,0.9448354310426499,0.09233697335739627,0.8664305744653804,1,1
19382,9191,11,338,0.6269024689220588,3373,220,7.034816207253899,5.57018454749234,0.18414706478471687,0.396227630920736,0.30967947632794435,0.14097378995266105,1,1
28875,20898,15,1575,0.5663940938621201,3768,20,17.887091130721334,14.881083506638616,0.7456668371560484,0.35961262596736876,0.3150484375562207,0.538953980749159,1,1
25939,21982,23,1736,0.4284763010927606,3194,58,17.76155841567882,21.120799440456835,0.7799463830013141,0.876678439342554,0.6450023789535622,0.291230791686484,1,1
22596,17622,19,3293,0.5395149635916217,2582,145,4.631765317995402,46.30933507983724,0.7770140130618197,0.5974256660825974,0.3751114355863645,0.4260503386426435,1,1
8804,4001,7,1769,0.91731907542745,2967,340,11.89412485152259,31.69410213512093,0.9690405444141487,0.526927516773223,0.0499689506818469,0.519607756977856,1,1
21221,20417,19,2399,0.5433112739131777,4972,83,10.336070428530514,37.795074699622184,0.884237946334032,0.47055926247413876,0.7365341533661598,0.48255112009120893,1,1
9279,17877,21,673,0.806931470874913,4815,153,4.047162605472189,16.29896460536304,0.49780474717850487,0.5717475902900765,0.29855031484046307,0.735874111391006,1,1
21192,13232,17,4325,0.7417101309809636,2421,131,4.26836515072298,7.792102201980534,0.41493602090916515,0.971739577137925,0.5348253843953623,0.875100827317707,1,1
15083,26283,16,1413,0.6233959439413579,4459,162,17.822653519912652,13.0658372699265,0.9157685177094618,0.975331055707966,0.5339906172441321,0.355231381971994,1,1
19093,27849,17,3026,0.5029764075543482,2040,283,8.970044894745389,13.053981476968092,0.6112252520481467,0.5621686569962908,0.0450736628580974,0.12085942258265006,1,1
25771,24435,9,2698,0.586169407581405,6202,42,3.5757213180012126,28.406420429791076,0.29439866702559525,0.9667616757050337,0.002883727325832197,0.8598536203788576,1,1
20880,7476,14,3534,0.7289486166214674,2889,161,5.044035639197696,17.04914322538635,0.5644640277151673,0.5419126078333548,0.07042962267534163,0.931966455844485,1,1
23517,19862,24,1565,0.5744820574395871,5348,337,5.927743109601069,41.2977466236641,0.9921494226961263,0.8968679009709264,0.7652249063721018,0.4683484982169348,1,1
27063,3515,12,3423,0.48753371748750834,6482,292,9.930134844757218,47.46159240411541,0.8494700601523623,0.4856826938590461,0.6351943592348901,0.4874205457468437,1,1
10106,15478,8,953,0.42453615929064453,2963,116,7.036544136854103,17.13502504738208,0.2812797160595416,0.8789520565580742,0.10560982138032804,0.22253269391333375,1,1
24086,4191,18,4458,0.9130508402621218,3868,194,9.007694467183697,34.1378328632895,0.9529544259172169,0.5763874544365973,0.4918958919190557,0.5041949325815873,1,1
28607,13860,19,808,0.6318003044812196,3485,110,4.247242593172485,31.901869350257332,0.9814621114791159,0.4752630527634888,0.4895790004074336,0.3578468505838278,1,1
12831,16448,23,2639,0.7501333259154752,1179,95,6.891023394693852,10.13973692341723,0.2311669594154152,0.9482591407511237,0.0004472751223397076,0.9452230574057157,1,1
27152,9297,24,3462,0.6638626311275553,1247,358,2.6602237798429416,44.1464039565698,0.8955921185013412,0.4870779727543487,0.34325141479295795,0.2571207695756473,1,1
11186,28987,20,1987,0.9084425717490966,3353,305,16.180219512351506,10.37380159785486,0.8832027176988321,0.9847745444859147,0.5694203764814224,0.4217987222105892,1,1
10573,19655,14,1688,0.7000383055668549,1821,53,4.7794158732815415,35.63698518847584,0.03975357323404061,0.4194872911286335,0.14943427769389742,0.6240266846988132,1,1
20808,11334,16,2497,0.6577001074874325,4248,165,13.98885223457419,17.337653186892684,0.6696891930616871,0.35641330136973265,0.6807230655957625,0.3933550190490387,1,1
10599,27162,24,4211,0.941744633869896,6955,8,7.267604505355209,18.252833649421653,0.3052807130311693,0.9073078694893332,0.5282439152794651,0.5032600081942232,1,1
12033,9008,23,3228,0.810601341469027,6362,202,9.32755576250659,22.406105485781136,0.6746126264918758,0.725426821317428,0.005539437651641954,0.9274610882547449,1,1
16428,10987,23,815,0.42139194070198865,4650,324,6.305807151110243,41.63187496859156,0.9135586941902435,0.6198408333280202,0.6839313440890868,0.5318606696431785,1,1
9304,6332,2,3958,0.46373085516596096,5289,258,12.991280973271603,7.5918412510269695,0.49877924798951845,0.40245691234054026,0.015520023617281976,0.8737723727027449,1,1
25685,3787,17,2133,0.8537586322812428,1033,94,15.435015918032672,3.5647701582334337,0.41441283078865276,0.7179312198282841,0.7103430433278846,0.13662043843348753,1,1
26925,9222,6,329,0.8849448455551707,2318,316,6.223458048203204,19.895918488947725,0.9215312711874173,0.6019843745509756,0.26697508605589376,0.2018455923165604,1,1
26435,12873,4,3514,0.6989221306177897,4700,24,5.496591120449276,3.6124996596781402,0.9741149177385326,0.659518024312757,0.5589202041775828,0.9028348555401495,1,1
16633,20006,24,625,0.704851345834649,2841,81,12.7437643801543,33.317241503699705,0.062236327793802726,0.7534507912974133,0.6299447749693923,0.20942144493488057,1,1
19372,23225,11,4066,0.7544370962249245,5506,224,4.720025499367394,36.735278526279025,0.9228480691482073,0.7595575076035603,0.22501505596581906,0.7260685160823821,1,1
16996,6676,20,4411,0.6310340955408893,2922,166,12.057356132561242,41.171482553403166,0.08276853352188884,0.9647835144659451,0.28514946672558106,0.4791030635293271,1,1
24458,5572,6,410,0.7853274390296985,5045,347,3.0580633149449863,35.96058553772905,0.33728621338358966,0.7692341846011806,0.4076333946578661,0.445736079819962,1,1
13475,9915,8,406,0.41942800484250603,1968,119,11.732263139351339,44.06851550355592,0.7625741224303267,0.5672186497166277,0.46615322543832677,0.6603372246346668,1,1
15184,8033,15,2726,0.9652187151151272,6011,98,9.971211111172147,36.17015276799144,0.7770369819396953,0.5609650097696501,0.23363352486173783,0.7184607014700036,1,1
20875,10788,4,2831,0.8300990872287499,5407,137,3.379444307009088,44.99555507428487,0.7258218906791662,0.6553830098608975,0.7939162950762126,0.8921738882428502,1,1
9622,18689,14,3444,0.7539514905657645,4985,176,12.210209975265895,10.076207327840068,0.03911248806106837,0.5159697279156371,0.5896037385778176,0.3183526655439153,1,1
23988,14452,14,1098,0.5524461164860677,1735,118,8.86819309106225,24.49356724478332,0.1329660480240933,0.5909209460008249,0.2193216078560231,0.693368321012204,1,1
16041,24598,11,2737,0.45301151197230666,3214,13,5.082398338481914,47.71473818613071,0.9362164982197485,0.8889521740350936,0.5123457530141445,0.3909429450217591,1,1
24725,7712,3,2311,0.6119794968505246,2208,303,7.330838569085925,33.034174579507635,0.08146138839589079,0.9002474258350062,0.3482969609140919,0.7099682831505308,1,1
26458,3066,7,725,0.7734091139673974,6340,264,9.619684743042338,42.2961325454951,0.07854591697311664,0.7517871860482178,0.6882631132360517,0.22079870703232057,1,1
15992,18855,9,3344,0.755574235790791,1645,174,3.010644749862303,2.428508310144196,0.8356459377578702,0.7230182028762133,0.26316005662145603,0.48891116727094996,1,1
23646,15478,5,3588,0.5948903392419658,6784,325,17.300556471617845,41.972621232716556,0.6412657532228861,0.6233438923094586,0.15028319052259498,0.25608526852487495,1,1
25029,10533,13,3214,0.7425032920532031,1975,102,12.4817755775,33.79252202488859,0.35165605584517956,0.7569753059640618,0.03690900702802953,0.38597929530677566,1,1
12263,18103,16,1539,0.8707989091632304,4423,173,3.191827191246984,9.0255053974224,0.1657104870716264,0.8658741412681535,0.7874473854942247,0.7082849963431012,1,1
22060,7616,9,3691,0.3668222542960685,3421,315,15.077226041419582,2.207004951909039,0.8841704198928149,0.8222221170617474,0.28737733889103984,0.2983473720545706,1,1
23156,16277,8,4297,0.6383974706753764,2355,222,6.822156360611399,13.216549171905687,0.9885377576285121,0.37269409003371895,0.17641477472180248,0.6821513182444396,1,1
16646,20524,15,3306,0.8354753462187463,3724,347,11.347192355767534,44.041347872660204,0.049971728442829155,0.8179231991076055,0.3934147787419948,0.5215491649403639,1,1
19664,8730,24,3339,0.6995324610965614,4464,350,6.072856886062959,32.40224811891346,0.5541133820902018,0.8107665069920011,0.23331145763590577,0.17823107349812112,1,1
10969,13724,20,898,0.7669446962746047,6345,48,13.60119809109102,44.21504790131624,0.26130358490581507,0.41335394348076965,0.186320027458747,0.4286904824337139,1,1
11028,14772,15,2387,0.6806728912674189,3879,265,13.429648087501688,21.969086777230192,0.8323868335497041,0.4461583133370407,0.49310760015938127,0.8388252725162139,1,1
27065,26849,23,1484,0.984799708596679,6179,289,10.608717038394897,45.02147347605633,0.3460730917748057,0.8542614471554093,0.05987872593089501,0.940897263262895,1,1
11629,19268,14,3050,0.3849577833529845,5915,130,5.475272275781038,22.759111325915264,0.7146292891863398,0.7077533300778251,0.4071943597065147,0.4135829327200946,1,1
28609,28763,22,2884,0.6642686859343214,5438,264,5.686112823950401,10.599972047661721,0.5395234215262771,0.8758425539748239,0.30994504107574933,0.14664352153589313,1,1
11067,23855,2,3813,0.4085065914332913,2104,359,7.817236145466558,8.115492816669025,0.5415233815949703,0.4682362463398295,0.426023438998119,0.21065960816019175,1,1
13941,15940,20,4354,0.45226275975268504,5901,218,3.8927007620387077,47.70915521264708,0.8579994311804214,0.3695934494120556,0.25635249851111636,0.7699261518527734,1,1
25770,22723,2,4236,0.5951445442676876,3779,309,7.071319267650239,16.69154508930483,0.4704044259245642,0.4536427229895543,0.4562567367398489,0.6574190122112267,1,1
27250,19932,5,1999,0.44954565856031187,5547,204,12.791850920597156,8.522492189926622,0.8455995341444806,0.6396448289811323,0.06545483549966749,0.3422601993385651,1,1
29172,27059,11,2875,0.9667597862122567,1051,240,15.20894712098045,1.3951962518653516,0.3634268280375754,0.6849073635903371,0.30092716488748944,0.4326037783013016,1,1
19555,27648,4,435,0.9559454571041018,2504,345,6.987607793140463,14.421769626892253,0.17478294246430504,0.8989287181137067,0.18999888659690845,0.789477696558736,1,1
29874,17643,21,2325,0.5651101735811864,5715,140,5.354239261197005,42.78845874931933,0.4554773776566151,0.8083683391053207,0.3504717706041177,0.45114345491418795,1,1
21081,3198,10,3835,0.7594385357041149,6617,120,15.238602542529716,26.09843807183318,0.4983557813770222,0.9838500099386109,0.3186688855518333,0.74240723006068,1,1
28508,19955,4,3190,0.6916021251800231,5692,159,16.1966164518677,30.72444742167288,0.47838319763779147,0.40038053848023286,0.5049469293733532,0.3509248461760309,1,1
28234,20174,7,3057,0.8719756675300919,2336,345,8.265355134649061,44.35238188285505,0.8083304118792822,0.4333414864255496,0.5030061825276321,0.7160900288057305,1,1
29799,12830,7,4073,0.751565190282843,6404,321,1.9439185385189586,25.103476151030375,0.5646789414600971,0.40398758004516455,0.3306917979429339,0.4964378266396191,1,1
14819,16798,24,680,0.3501615708739597,6300,346,12.966866744753506,40.39915275507289,0.8884440717588029,0.6946131498100081,0.14529852559723652,0.5635511394113442,1,1
19046,20558,13,1828,0.8384316067902329,6976,22,14.436548397021637,16.22016406958862,0.5141854949159421,0.5207908933160486,0.4655309188856196,0.6089231454978143,1,1
25717,14469,24,3928,0.8279827976295155,1624,8,1.7974001772132637,46.92378755353734,0.22471508288200426,0.7875250816621471,0.7732122959910444,0.4829884903247498,1,1
28534,3178,2,1148,0.6762225315625479,1882,169,11.318009080134967,4.704252055085263,0.12949584026275263,0.4349221686122594,0.14835417951058893,0.49621527674261545,0,0
10711,21628,17,4427,0.9278681428691544,2270,131,11.208084511028888,35.06698769912344,0.8683628209446209,0.4160424957197608,0.05524734317169218,0.3258523275887304,1,1
12853,23470,6,2227,0.931405571641857,4363,217,7.748680494340582,32.04661547773384,0.05617279890221172,0.6445059007954865,0.21164894839362125,0.9378997213939819,1,1
29792,20118,10,2465,0.6853034730908142,3900,52,13.871160876538822,10.008560774988396,0.11760961191976227,0.5905749460885272,0.33033626778740816,0.8699427976414703,1,1
15715,25616,11,2421,0.7391124679657841,6237,50,8.564954128886951,19.27566794578719,0.06365851891764107,0.8806655462368633,0.2449507374560941,0.5482754034759676,1,1
16942,3798,14,3218,0.9877741260317903,534,50,12.666803204557507,15.702968488519302,0.42373419718182026,0.8860346080275191,0.6677677675861394,0.1294350006730161,1,1
23507,10601,16,772,0.5412449502793072,2704,52,10.032435526480008,5.441164811627282,0.5326156163935934,0.4251543474390241,0.3944221379896625,0.24316377522674013,1,1
23826,28363,13,2087,0.5577550350793455,5499,191,5.599665977596925,28.485037078689537,0.019874731022600733,0.8698865790989091,0.19690230532743858,0.8258449297206936,1,1
9762,5795,6,413,0.46697529770463764,3844,124,11.507264239667174,47.702482741562775,0.5155861668916043,0.7110655887223175,0.7601592455167999,0.8911902621177992,1,1
23850,15496,6,1636,0.9233548410610355,3514,136,13.658990164956387,27.300642629509294,0.39375947129062605,0.672277295281088,0.10005025577699991,0.23709828888827683,1,1
20112,7588,19,638,0.8264725695675303,4991,23,17.56944361171056,26.627215623330013,0.7736451824558981,0.41064856079655343,0.09832915350243487,0.7243408579032767,1,1
20652,10297,13,2585,0.4176114232769548,4802,279,7.771797622239823,2.8947442456637704,0.8299566217462232,0.8233636921565335,0.1962278873676594,0.6295698131396253,1,1
14122,6084,4,1496,0.978331104766698,2280,236,2.5637969869947934,7.543350498093451,0.6849674363862054,0.3881656207343334,0.06141769732260034,0.35787722445845416,1,1
8481,14110,8,378,0.8178154932231143,2128,46,17.801525150152305,25.121297187806267,0.4734955353166239,0.527722732575744,0.6013221477038505,0.47067769308271723,1,1
22536,3731,18,2952,0.8943341501471836,1829,96,11.792809880521348,47.30339251665136,0.21614859504198813,0.4110761822489748,0.2502486673413106,0.6756790132691944,0,0
8153,4129,20,2940,0.3808165050708486,6245,265,17.116432559652694,42.200563566707366,0.8471148673025601,0.6896912702981911,0.5838703935250699,0.18610152673237257,1,1
15617,4605,19,1556,0.6731749881229873,2059,52,3.213146919183469,16.989828704538873,0.34166914004441684,0.7629472375741391,0.6101899741576381,0.2606862541370981,1,1
9524,14970,2,1127,0.7971029035053051,1304,286,7.143558357862552,26.521199948721993,0.3562918871949492,0.9201472937474718,0.19001484059890297,0.128317726428728,1,1
10120,13937,6,3018,0.6974858141259784,3009,78,3.709955531399951,26.977004445944424,0.9160115471870448,0.8196780294376087,0.41469091098998734,0.8668714666013134,1,1
23048,14362,3,3110,0.7766543780475376,4847,220,15.285917550603981,33.21194879982261,0.975597255597913,0.9651068153048107,0.415673740976916,0.5878117611051081,1,1
10343,5933,2,3685,0.8734394006979024,1790,225,16.025655233583716,33.32575593823951,0.8981309563845041,0.837007893046045,0.6970915298696547,0.5449133204374145,1,1
13136,18187,8,2265,0.5895757202945255,4804,113,9.771643047937838,38.12024695414077,0.9982347235610811,0.5407667861071691,0.020504680002508824,0.7003045445240305,1,1
9240,28791,12,2727,0.8931479523959742,5550,139,4.579002591423502,2.1736381674650724,0.8689088439014774,0.700454278760426,0.25344027491904936,0.9400976901326472,1,1
8060,27900,12,3141,0.45426630704978604,3086,347,3.597462989155191,45.35296895995995,0.7043575176200818,0.6430813691648101,0.705991504277617,0.2464016951716147,1,1
17130,8074,19,913,0.5233670752168799,6623,242,11.204707816323412,4.29291616149459,0.29381939957147285,0.7122199831279004,0.18944257817331797,0.21314011490107335,1,1
26023,17037,18,862,0.3777411967534885,5430,159,9.85520935565746,23.379525239416175,0.9529570488998762,0.7161371772239311,0.10950399179716347,0.35057223517347,1,1
20312,10099,3,484,0.5832331592545608,3050,333,12.964020189066515,44.22022598887501,0.8766268316137537,0.7993446947001768,0.4609112759604561,0.8683525358045335,1,1
21350,20874,8,2492,0.593142108687437,1455,60,6.535919833229855,23.92043497386075,0.24074679241565322,0.4031480413731611,0.2447014095448064,0.4497415197247321,1,1
20418,3893,8,4365,0.8653731822126406,5109,202,8.139071917901976,3.990931208956491,0.48916247324182693,0.8279168824843208,0.3738355946158387,0.7744722444166281,1,1
9252,4390,11,545,0.7680036289853798,1079,319,1.8524577185440967,11.774280931161142,0.07005566062555013,0.4419959124692846,0.6560102125157893,0.2724889358873953,1,1
28587,22773,23,4386,0.6295024372196266,2437,42,11.567360243746228,28.197337502315868,0.9533088632672171,0.36677267514880996,0.4165575800664503,0.5195646260061045,1,1
16363,7239,22,2534,0.7673529463191988,5767,345,8.481868102216884,5.129496041251546,0.5727683277214559,0.6820995468553358,0.4127118261282976,0.2083499582744912,1,1
17650,23863,4,1165,0.3837813443300423,2497,343,16.67611645792189,20.912862757812935,0.24520054592816543,0.7221452548238059,0.22254614055631292,0.45096364002611977,1,1
27933,21647,13,2387,0.4653737830517607,2165,221,12.08947391212928,16.46738351099603,0.2923993136238757,0.3723046848748985,0.6342924515819571,0.3229396718324825,1,1
28581,6432,4,900,0.7512466273547231,2630,235,8.078459108919947,39.314758507739256,0.9806563726298596,0.6798375134592147,0.5918516992383476,0.5670168564692734,1,1
26706,5371,12,3333,0.7604747643041934,6799,346,5.849221484410281,6.176201101766113,0.6156142918041977,0.6921249333539019,0.18729641172686382,0.763345281113914,1,1
24314,23696,13,2356,0.8454461815727534,4240,261,16.437201553026043,33.091527157462956,0.42068312410640374,0.3835967368095879,0.25600361576971065,0.8976148156458239,1,1
12090,4515,5,2431,0.6079198457943054,3000,213,1.768373722937814,20.10968633116773,0.4998454617855381,0.8054145824733927,0.630902554393233,0.34126636407515565,1,1
14960,18906,17,832,0.8124346218343399,2142,205,6.894055709664471,28.624281982199445,0.09855007237734337,0.4845854091420079,0.286174241460072,0.7316619413529397,1,1
11004,9326,21,2342,0.7877474128385212,5807,141,17.067842132502577,10.659993280265603,0.075022760072876,0.8584538968481894,0.3228476927144791,0.8527534866897275,1,1
29520,17605,19,657,0.9665717621567034,5212,132,12.291544615195972,29.656073183796398,0.5927077433003849,0.5489261630719309,0.29152981700452196,0.2061240954927805,1,1
24713,26472,5,677,0.48768334491179466,1997,57,10.289864676174435,32.6769531885573,0.5120040364403164,0.6558512201370987,0.12930602121427492,0.5980423938894333,1,1
11640,8586,23,2519,0.7030749208016893,5102,348,4.858322845687052,4.300883539070658,0.35915319130344114,0.9207845628280749,0.27271722806632637,0.6200693623086996,1,1
28491,5917,7,3607,0.7351292429507004,3704,88,15.250683775197388,39.74418057639804,0.5661139525113645,0.8659548587856305,0.6423482424830467,0.3315273369572424,1,1
9341,25115,22,2896,0.9891346463579013,5890,213,4.869284532780806,41.47894330574734,0.07267594943717226,0.8503926902946913,0.39286028350167146,0.11913737566781323,1,1
19855,27070,16,1083,0.4787578509866571,1121,337,5.596183270100624,3.9870406170913513,0.9439911714315463,0.45267788647386975,0.36657398662077567,0.3181975045111528,1,1
8338,18901,2,2679,0.684859532779067,3644,289,4.665543857385611,29.34981194057243,0.29371168778422185,0.3808111274877496,0.12508094102066378,0.5970244161550697,1,1
13895,20551,4,3903,0.5715585969367288,2451,40,4.109466099397112,28.918540357694667,0.07177879067199888,0.7376857284355867,0.14205587082442275,0.2669763055514477,1,1
20254,27686,6,1282,0.6865714998905599,1959,219,17.22965618365025,1.585545357816836,0.16950427257410405,0.6128426511928626,0.03436013148009529,0.34424340266691345,1,1
27092,24493,23,4242,0.4985623053459878,792,31,11.433521336331589,17.090281455929713,0.09547391448251685,0.9318094569155033,0.011164425218578966,0.7017340910775889,1,1
19344,23711,18,2890,0.3804719221935924,1154,150,12.02431267816655,46.53951178754614,0.17860450435968123,0.5737396886803852,0.3904112304583057,0.4385682528351432,1,1
9750,25194,15,1342,0.7164418904945209,3484,22,17.24637018369993,27.10618535663092,0.4167540548266119,0.6127509446386703,0.327385884170372,0.15561157887968108,1,1
29988,23039,10,2838,0.5649467621509325,4343,122,5.304488409571784,44.860954728850736,0.7380508939355208,0.6866403475513085,0.2203020574492583,0.43929100158714585,1,1
10421,6793,4,1161,0.46644249711899755,3304,141,1.597639386861919,32.755297886237045,0.2723483474550398,0.8596964260045517,0.7920372322811321,0.9498036201415065,1,1
15119,12947,14,2176,0.5573187622899416,3214,71,11.381580217909804,2.334354356493992,0.4359266219416439,0.5217113946245135,0.3183969565236046,0.3218938080083971,1,1
13319,18859,4,2135,0.38153932892655673,6703,318,9.879440078198618,4.652520308274426,0.9287572878882363,0.9527652205839194,0.6310775193052929,0.32546804918265565,1,1
23896,26122,12,3826,0.9582830298176661,2121,34,9.381231227071853,34.942410902268875,0.29582173932597544,0.6955495121417845,0.16843647466524542,0.24440345246049192,1,1
29771,4577,3,1985,0.7219346655828867,6970,77,2.521023485562286,27.06468614734391,0.7947197532647098,0.8882254471516219,0.19763296688699974,0.3308917752960212,1,1
19918,12488,16,3701,0.8714519560620959,4514,127,8.998175298483943,6.976128236194158,0.15781687248236642,0.686395829411852,0.4547130937477947,0.5885403079023361,1,1
28377,21604,14,1922,0.6207956464305474,3753,232,6.244732823996532,29.860945882619966,0.17832174625724762,0.8440756452736085,0.0032226157617547993,0.919911812215237,1,1
21849,12164,20,2957,0.9281213872423588,3346,342,6.0303171742011665,39.08350594670522,0.45615287347626565,0.3829092815899486,0.013940369527120034,0.6165409814316659,1,1
12873,4030,23,2232,0.6593236617934422,5380,277,5.1692960729550315,36.390174216232765,0.23410225046638633,0.8614959882771287,0.11377497691962253,0.44837045343610316,1,1
12806,18881,17,807,0.7173250062084284,5362,250,6.986717935950417,12.569635621507148,0.9030280737942602,0.6853340350783631,0.17849683282477047,0.4311885847127106,1,1
16592,13785,19,3778,0.6647481472401003,4005,43,7.326695739866305,13.135163432834064,0.05075229112347779,0.6376259764394128,0.42227961263981745,0.1205920019196795,1,1
20182,9691,8,2956,0.819298109355297,1018,174,6.594800309972959,46.48837683979934,0.5972725661438396,0.4214301866315954,0.5489835446529011,0.10216095686991522,1,1
27541,23376,14,1421,0.7126598896653199,3185,319,17.6494198093719,42.70802570117766,0.6042293961495199,0.8246000249014482,0.24950293119042055,0.7776145149326011,1,1
24774,20297,5,589,0.5238233110914545,6726,106,16.890062910906536,15.961853778250983,0.06602592751944769,0.43394473760264884,0.19125674880302734,0.5166365631375398,1,1
20045,9358,10,3129,0.4431453000464936,527,298,10.979416642160226,39.730561014443396,0.7325642148708913,0.4730834001945555,0.658248942794657,0.12822800107818869,1,1
12430,21565,11,2509,0.7379196088851057,765,247,17.687404833770113,8.601710897429635,0.468897544512196,0.4309108836541749,0.13022158774454065,0.3431229880718092,1,1
16820,22581,10,1700,0.6630751753901032,1806,161,17.854767170266637,10.251531762348527,0.7230733734948085,0.35420838893673995,0.5426612440463041,0.4031796012947687,1,1
12232,25424,8,866,0.41142444588551225,4553,269,7.373005215285492,9.51621453073123,0.8269249859350699,0.7736248192429975,0.7450644131326967,0.7657955564862988,1,1
19122,4462,16,1773,0.6031951781076917,5575,261,8.845594504705783,5.122876425635212,0.32289935199069386,0.5233401886538281,0.18576872819419243,0.4692286977194905,1,1
23023,18511,9,2287,0.6794569100802903,6319,347,17.32451932024698,41.1698714595837,0.48448588293548767,0.4456610938821128,0.06957229241291972,0.7709051486022656,1,1
16007,13570,20,4087,0.8792116696483776,3954,127,11.542332288428328,28.20392421561504,0.2607607797680114,0.5547823888091729,0.7838071152128084,0.6386739432384757,1,1
25905,18897,12,4165,0.3987046757333519,1310,51,5.013329866814996,13.170936347215113,0.201513463522335,0.6694142025898734,0.21661903689700132,0.12816577545368465,1,1
17018,14646,6,3560,0.5730370228774418,5176,336,12.874781027552256,40.88678653819692,0.0005947580426574062,0.6721840133659431,0.2205305672480039,0.9233853984592038,1,1
9500,18474,3,3847,0.8764999185346466,3890,14,4.894812003760444,38.72439769146255,0.9636315120798373,0.585005445332454,0.38701783307039767,0.25421808117402844,1,1
14737,10037,11,3551,0.7649913163338105,6457,148,7.099402770585455,5.744721352004513,0.44092846932964824,0.6667566534665146,0.18484612723691696,0.33427662745187803,1,1
11294,12499,17,2016,0.5355733259544235,1110,303,5.2547426910733,31.274550565543677,0.013069773058874024,0.6234985329887962,0.7942978843468553,0.7878999242431263,1,1
29469,24378,24,1312,0.8910144780944911,4788,156,5.542173562908396,34.92617927171122,0.008938577568048167,0.8765057580700708,0.03437270869563518,0.2613638844743409,1,1
26803,16386,14,1610,0.6657078915601231,2774,140,1.5768170958519072,34.643884838340306,0.28835256855119507,0.3689529391943564,0.3611784631458466,0.4409246161511886,1,1
27426,28765,9,917,0.6689452104386947,5046,79,16.031695731290956,34.987707269135065,0.013937678710118417,0.90553928532675,0.43867738805040024,0.8352425354303034,1,1
12497,24692,10,2282,0.975015897088246,5801,30,6.3838431720505975,8.964515925504756,0.3745146176585483,0.5061057636343202,0.3735606863577992,0.6416814347714225,1,1
25850,9221,12,2528,0.9561545620712821,5527,11,2.925177262126109,15.80906335063216,0.06293850143894786,0.8119406176232002,0.4164183782902961,0.3567685095633929,1,1
27945,26474,12,768,0.5794609173567,5946,83,2.935292193737961,40.67638989970973,0.03925159115030974,0.6092253544579238,0.7900633153736516,0.6474422632969116,1,1
8614,10769,24,4416,0.43997064234437266,6224,19,10.674301561605711,43.224412260694834,0.66938139407455,0.538373097283063,0.7015212670960994,0.7907308042068754,1,1
29776,20071,17,1439,0.5584267086579802,702,211,17.883189083809963,14.121877668548903,0.9068412894428847,0.7438223187199261,0.2467549434368893,0.443305890208176,1,1
17374,17356,11,1736,0.36950928659928833,901,93,3.892870709958162,2.0819172603543645,0.4093865833022793,0.8420860280723867,0.4411816393526176,0.5859234818047246,1,1
27607,24045,13,836,0.36329144749465037,2527,101,3.143759385669381,41.40904651680708,0.8367704302759326,0.6379593299863064,0.0002488100230406687,0.9397385321242515,1,1
10667,28783,7,1251,0.6031341672009083,6263,220,8.732014026634495,18.723316377778882,0.02926546113574713,0.6485944595619078,0.32765520109897495,0.9198784165958973,1,1
21409,21278,13,3113,0.9522526865262299,4350,263,10.794965688373125,16.48478713011701,0.7776900559701825,0.38766815025131485,0.13109937828957471,0.532681715146686,1,1
24514,10389,11,3306,0.907668698388613,6265,333,6.357275921486018,17.308984945365406,0.06279999232289091,0.9413574276018201,0.5690884726205278,0.18172006803417978,1,1
10983,7922,19,4294,0.6773234137072788,1389,291,6.491614526478796,20.53773192647915,0.8384394231973517,0.8920138857256057,0.1768716621068892,0.6955797754914781,1,1
28662,16639,19,2140,0.7117448839493317,678,79,8.503862280507667,18.778531217781293,0.882366344872064,0.6047153840271589,0.5991165164092868,0.3283276690181687,1,1
20651,25706,5,1150,0.35379743791747614,6317,246,6.683402649984999,27.62225225927734,0.7859738423823143,0.8395683924227574,0.2505278671840583,0.6690536889208637,1,1
16230,13003,10,2271,0.48792073973360994,2479,21,16.602971128880526,4.710193089414939,0.820749024411289,0.5504986724534139,0.7406628970491007,0.39899225848546716,1,1
14640,22567,8,1491,0.36585544123800556,3010,181,2.192250426295378,46.66238913250021,0.5614845663323189,0.8174699475281759,0.356333281361077,0.7109446727096699,1,1
19779,23181,19,4220,0.832905300925048,3382,263,5.370407637859532,45.01319862019158,0.26488494258265194,0.6806826986009986,0.6716141757390793,0.41222417454128424,1,1
29852,8178,9,2362,0.4432133094569585,4484,127,14.84112113775245,44.917112390928466,0.6432310026609667,0.6448907022206409,0.5025328024312106,0.9000159857726201,0,1
23317,18240,12,3346,0.9061901455851629,6165,315,15.260309056971787,42.32604833184993,0.4395416490763614,0.3861747182451934,0.7819185719227763,0.21617194158911426,1,1
25304,6968,8,3858,0.7617275607525045,5521,115,3.340658802909319,32.0353362025413,0.005336560919045996,0.9678700299576722,0.5941782005696677,0.15814411155388935,1,1
15564,5716,10,604,0.49682795297005655,6022,260,17.567096925209825,11.392102449176322,0.476825706434835,0.885941740722189,0.5821626578491086,0.7640192326624584,1,1
23520,19574,9,3147,0.4509410029332798,2544,238,12.940355023335297,3.3257238958794977,0.6511879245505455,0.8577683635113258,0.21189278595945488,0.4411270661066037,1,1
21737,16511,4,2735,0.751679808590754,6012,44,5.9977854237293275,5.668090044743031,0.013883659691320771,0.5451463664983835,0.40388780077803227,0.49573925149118436,1,1
17323,20719,18,3104,0.926535667380687,3483,126,9.0246247694385,16.227647521883462,0.6213603361081577,0.5353377180311896,0.2320909509485108,0.8937446711862276,1,1
23229,11181,3,2284,0.8097505401052042,6943,219,6.402787222871458,24.682502198301915,0.6525319062168563,0.7168435818205755,0.015434749614722954,0.601432610253152,1,1
19713,15995,16,4236,0.5730698570261616,850,300,3.9753671225979197,47.68289434568532,0.15810757823889676,0.8915828455847351,0.5684682661209868,0.661145051032091,1,1
16502,14298,15,1012,0.7259255009719341,4782,290,6.304438068357101,21.46584411434616,0.4310741851565095,0.9481621799479375,0.18866919976341495,0.11654603744626554,1,1
27625,19762,19,3195,0.5488874850383496,3918,285,11.071516968578704,25.65836625309471,0.9643326008891325,0.5221145766449955,0.31785922427423,0.6699372460515494,1,1
8545,23213,17,1981,0.9894557227383417,6028,11,15.128499964785233,33.67239061783979,0.8841892277997825,0.7387454722044271,0.22771102973909302,0.43009999554245026,1,1
12346,9380,21,1633,0.8292570806155848,4330,96,7.498229735678024,9.494496611046424,0.41082142285825274,0.8132977919318178,0.15970868517092038,0.49118229314520867,1,1
17996,3615,23,3498,0.7432042494443223,6714,127,7.240375419039388,44.842869073426016,0.3498462680241555,0.4948909729172633,0.05369545950700277,0.7868426011506761,0,0
23775,21714,5,474,0.6208858513701307,2467,341,9.222011567841824,25.864626474608507,0.12408068097685598,0.6107799233423515,0.27031192701702905,0.5452245537795545,1,1
21919,21138,21,3505,0.7456174657661166,4904,100,12.135167399411714,13.984048243283123,0.03518908454015979,0.46998353517673,0.06539593881696204,0.9388401881187386,1,1
11810,3463,7,1716,0.5686342799790942,2724,5,13.901668330133104,44.9501223579255,0.2974627774420787,0.7972992497717339,0.43225531232257836,0.7772894594851739,0,0
15206,12158,7,2287,0.36847349725313966,5022,95,6.892191829191319,30.396179072270655,0.9402833470822384,0.9028224873889266,0.015699283009177025,0.7193028160130035,1,1
17005,23651,12,2072,0.602856654308245,3287,11,11.174815719114793,23.733417368712892,0.9586134513336673,0.9116219869130593,0.7520159037142878,0.6003836585894317,1,1
24371,6158,18,1374,0.9455077245311149,5126,124,7.924453881134561,28.267327768156385,0.8125193405762763,0.7788568771153325,0.7731800155621413,0.4505372135848661,1,1
20316,23008,4,891,0.7508327006552742,4843,354,13.320597530995869,36.170204288545655,0.3508248135198595,0.5721775105115925,0.2437230786370952,0.144941483598907,1,1
26416,16434,14,3278,0.403731649965377,6852,133,4.217136188530843,8.263286173568808,0.1436264328821112,0.7730658411867228,0.20815571264517596,0.1157215213159586,1,1
16436,7938,23,4282,0.9163959125728166,4811,183,5.739260273346385,41.64703024305159,0.5955334756056793,0.9031307053893238,0.08352415976144095,0.13974495154382632,1,1
20984,8417,4,2710,0.5220799035785695,5308,102,8.52999692740537,46.09682008401601,0.6465050072061814,0.7505477337189013,0.7239351412645351,0.9150109263244853,1,1
8271,25388,17,1147,0.5060124755729456,937,47,16.175344033702565,27.6489836322535,0.4245735692456041,0.614250841789354,0.46949114023992344,0.37473029763277754,1,1
27895,11881,16,793,0.5401382200194054,6388,187,10.959875524286389,33.06672979948711,0.6916467955586403,0.9386737604601593,0.4880999383984852,0.6955180599835271,1,1
26155,8603,12,845,0.7194094311206127,6237,189,17.429035963193293,41.41217359977332,0.7466818856517353,0.8845386196924329,0.7166851700815985,0.6051674136646651,1,1
18616,5212,19,2586,0.698600379797745,2858,57,3.204081807137883,18.616099676575523,0.78306166357478,0.9147585537585996,0.7286294350852789,0.585917553022076,1,1
12361,25504,16,2997,0.6645048029586442,4354,232,9.092894325240426,47.66309435947272,0.5022981113575072,0.9280428934657884,0.6626733357684088,0.5923553293074282,1,1
15069,25202,6,4137,0.8092235926480813,882,165,8.41479574574884,32.983564357424186,0.7916407775597334,0.6020398769026004,0.6187532488797289,0.3569514498649846,1,1
25304,19766,17,1840,0.5525841480543737,5576,239,11.403401910698479,20.92793882282516,0.025476426269456787,0.9001689648046944,0.701792977839987,0.8535526636735059,1,1
11430,21640,17,1183,0.8505212938063559,5890,204,14.89741604367504,32.83488482507648,0.6804043667388696,0.7150237895978866,0.7007764853476182,0.881325292737812,1,1
28819,14695,18,4256,0.4622058741623034,4716,5,15.383892422120493,25.518961528131513,0.23563395705047985,0.37442174307458564,0.2949158850175196,0.6478469174682477,1,1
20676,20796,10,3394,0.8508773050092859,906,18,12.558211043640886,6.247153862303163,0.27052029168765324,0.7569352681728753,0.7787129759831873,0.8343568378383764,1,1
18816,12775,24,2665,0.774838467360181,4840,217,12.085350010051634,38.40566932415797,0.09130170660673231,0.651196111548477,0.5673057705283114,0.15098386438165604,1,1
28144,17559,4,3647,0.7872533181104553,565,281,17.158987443739324,27.525652271887807,0.1923922635931793,0.5260989818798704,0.29616754721012967,0.1853325631431628,1,1
10050,9146,21,3371,0.6581941741614463,3489,38,7.830842127034006,38.404741220072765,0.9920082330020029,0.9710452096301053,0.35363961382040715,0.5752062909046598,1,1
19692,3371,14,3975,0.7768809809157534,727,274,15.240924684110057,8.280861197270893,0.4153901305634753,0.3852453493075034,0.549704846625177,0.8195309846786073,1,1
9165,25190,23,1252,0.40107010979805274,5477,172,16.704811497022853,26.302786369636458,0.9277653986886855,0.9553615300525226,0.2888791277077433,0.3681149910036956,1,1
10033,8565,4,3600,0.894992714911595,2684,174,9.61039753037575,37.0313407940069,0.16289952819279807,0.45193091880616837,0.661246169616013,0.5658475287347519,1,1
8145,11802,8,4035,0.38555022943209344,2741,86,13.530192546954455,47.45031467676752,0.20405884209851954,0.5912724347523406,0.11845089695318106,0.10846645176146871,1,1
22269,11307,7,3479,0.44519456631775833,5301,320,7.72082763506995,42.56667199010716,0.5578133538150712,0.6170305122683835,0.7260754389687702,0.9386355103085161,1,1
28772,10437,10,3263,0.7191454134382312,5253,141,4.1215037342241665,41.62443247185005,0.3495325408790825,0.8178531319429209,0.24095800946928725,0.751933738065401,1,1
15832,3446,13,4327,0.8232233314922826,2012,237,11.177314044295017,12.630626492880706,0.6439152085747961,0.4879898935914909,0.12217022827450474,0.40720627453988856,1,1
22286,4391,16,3547,0.3988010011816022,1429,119,4.741782239017276,40.38527628032523,0.42204657572043036,0.9811051796656252,0.6864194251568186,0.9355609060576984,1,1
10632,14516,22,3657,0.9392894810382847,4536,256,9.050385658263838,8.956220044519265,0.811597237465462,0.8293675857689746,0.19157059114863026,0.1785637909031913,1,1
12494,20724,21,3004,0.9731088952324471,6323,293,15.902508669917498,10.311060233776375,0.4315590711710837,0.855569688542115,0.674716590439681,0.49454940056503205,1,1
23152,18454,4,1337,0.737808110724935,3103,53,2.9193000948007284,6.175486955943185,0.5723491824382639,0.41811441453753245,0.23701152275894088,0.15002359225147632,1,1
17155,22323,11,370,0.6579958114411754,1680,8,2.002070838466719,41.307036943548,0.32107320002372874,0.6548396860860481,0.7470914301233255,0.3847202682681251,1,1
18426,14891,2,3174,0.8244927822590398,5553,180,11.506884481801146,6.087961333211978,0.7040409874386541,0.9551899843061049,0.175262111841049,0.2864595528561821,1,1
18233,17998,20,405,0.5601487054894114,1539,276,6.962511888815769,7.491239548015471,0.6547342089657141,0.5228422857931562,0.055719992857601056,0.36906822520395777,1,1
9828,8969,20,1069,0.6656892378272681,1601,30,8.395972164277602,12.556696053872134,0.39700103277405774,0.44304553916855016,0.7492249306739112,0.9052979186388446,1,1
20260,12265,24,2309,0.9363366571612168,2599,74,8.194224712862471,27.91513322867013,0.27603210279059653,0.6606524542490805,0.13250059379492232,0.4631089472178541,1,1
17130,18861,24,3240,0.9616194721545814,1013,297,2.9292337786577987,42.36846870911894,0.614104374820299,0.9454515645767733,0.7553060333778202,0.3761316895713108,1,1
12805,24197,14,2492,0.9433242342727584,5339,238,1.5588461392133102,20.656723297011702,0.9431516492110077,0.6615459996356015,0.6591818800946693,0.644656523043824,1,1
8806,22953,13,3795,0.5179667628568577,3632,235,16.323983507260362,26.675439612013903,0.13264302402660155,0.6090939538685818,0.06554031177330799,0.6808638124066286,1,1
16202,8454,2,1233,0.49878018573872857,6001,267,5.0936762549118155,8.82500179799089,0.7991166183455605,0.766174359496817,0.35610815915434846,0.936203536366734,1,1
9868,6150,20,874,0.5405052837947611,2332,290,8.530303365760759,13.499455227196206,0.5429917728080906,0.9496057592643529,0.0587197265080925,0.5641491064490816,1,1
22561,18386,17,4230,0.6324391119286146,5138,78,17.536775645072797,7.294510836831422,0.5255596951738591,0.38139676749060225,0.2638292516894491,0.7396790972437859,1,1
23512,9414,24,4387,0.5510671441868567,2957,125,15.141582602730262,20.266185708753216,0.9616841475759792,0.4481731491050823,0.2812024625919894,0.4248402663703623,1,1
22899,7657,24,2831,0.5894961892729971,2702,10,3.280859111834586,28.745775957875043,0.6058747975685568,0.43496275842832666,0.4797066642620589,0.24537774930714448,1,1
24220,26331,16,2719,0.7472076493572861,3180,28,9.890564021607664,14.348917911572345,0.830517827748518,0.404613108671466,0.78071645427449,0.46536011502715313,1,1
23934,13486,17,369,0.8380164333401445,2598,198,13.546303937167764,40.761805212015254,0.5144772488756966,0.5433478916149733,0.13581075208604726,0.4559594628877832,1,1
13429,27327,12,1602,0.8207572468914669,3666,172,13.023480952487006,47.11820249731181,0.24985336725508933,0.4967577811969984,0.2633207717990497,0.45752146793913206,1,1
17076,23046,7,4114,0.8712310829306572,6307,345,14.05389056467376,6.647278058785307,0.6944902714581096,0.7011624103739746,0.46968199537162447,0.6911076459220515,1,1
11564,23866,12,2649,0.37059801805785736,2427,214,9.048001805652582,1.8394226327202348,0.9231769044440039,0.5594652299044501,0.13713668425567774,0.4450509645825226,1,1
9389,24181,4,554,0.38054962539440385,4950,137,4.402728333949654,38.11951464755484,0.8412300956100756,0.6093330313330407,0.5685677298069753,0.9110383199774851,1,1
19593,17894,16,2007,0.8552050948407227,3616,349,9.170395324669649,9.96020585675721,0.19836360624008464,0.95279340191988,0.3229277727090965,0.9353372300266294,1,1
15274,24452,2,1133,0.6911704462877644,5824,296,12.190139611359317,17.597889855060373,0.3168891190621502,0.44961961041241993,0.7596578365082537,0.5448572150034102,1,1
25208,8480,8,3064,0.720010031207757,6350,178,11.54176942898527,19.528867258963086,0.5168806739736777,0.5986126891486734,0.503896756172581,0.5746774078313202,1,1
26649,11033,2,2771,0.38365559053720133,3387,155,2.6636138875120228,44.080171278344395,0.5716032952360652,0.5145323779320203,0.290464568968076,0.4464824159818678,0,1
25320,3983,18,4042,0.5134008327496133,6899,92,2.5717151623561643,31.965396141009613,0.19381411445852825,0.7014662287089614,0.575578496855003,0.4022545444252309,1,1
18745,24991,10,2335,0.7585467551267058,4843,305,17.426754214061,2.908646044235865,0.23001234001516457,0.8212551849898524,0.6710036623919611,0.937527555561975,1,1
22199,11543,24,2267,0.8998764096708327,5128,270,4.004790008156222,1.6960813135652661,0.7588310690354364,0.8728722389874336,0.6403838112236016,0.13455833838285441,1,1
28229,12916,14,399,0.9368693741960976,6684,314,6.358630656193412,10.379700583923167,0.7303174167149424,0.6797898844911139,0.21021151530294704,0.4485732978285467,1,1
23876,13143,12,2152,0.6702684773344523,4030,74,14.16596895557673,15.954081221017436,0.8392088146288911,0.8971466185772432,0.3335866817190873,0.2286393291052287,1,1
26180,28855,21,3483,0.6991035089524464,1289,209,8.259671751082386,23.77262020207015,0.9329298072802311,0.8524483250414832,0.361742128824404,0.7173382280798671,1,1
16245,18581,7,2655,0.8831517638841542,1800,345,4.494170078790539,40.37845237851621,0.3082611189026917,0.4504825993175926,0.31070671373790043,0.2652788251514989,1,1
15214,4907,2,411,0.6940797444783069,2447,36,9.209334308111394,15.796434533633695,0.8595949565705794,0.5070744057727969,0.248690866284654,0.8519488691378225,1,1
8726,26308,8,3458,0.6807894563438831,2742,47,10.887674517595537,18.697249305767798,0.6660117912761864,0.7799011381333893,0.6021982394250782,0.4183062798731496,1,1
27120,12216,13,482,0.9292537841670103,1594,122,8.970649053088248,16.47888271045391,0.9577704238917994,0.9738681726339891,0.009779394745208858,0.8795764229621426,1,1
21832,11737,23,4152,0.8555569414757632,1858,19,16.662610245289798,1.4213707935465638,0.2720741560234159,0.590723008384,0.23483538308701668,0.9385781505724616,1,1
19362,16757,21,464,0.9318064168712284,4156,326,6.197538369141821,45.89447233855163,0.2696715016395256,0.49707701801263404,0.1132938055783229,0.7554957017862506,1,1
26297,7174,24,2437,0.4896781150599384,807,119,12.411980651544571,7.532806554414268,0.7042934486927267,0.9062428379491705,0.10301545271995778,0.6296843417820314,1,1
18106,28464,20,2323,0.6856003114594282,1950,341,3.352862903263312,14.52037147555261,0.9284107740382763,0.4777516541074448,0.2215669335179829,0.22741641499684,1,1
15657,18708,18,754,0.8891821622997491,2623,24,7.972710051456438,7.0772551985327645,0.8245558247864346,0.7963412953919113,0.6097224728920388,0.8931012856961855,1,1
26850,26649,5,2585,0.4211346095789497,5382,182,13.726388651152066,24.055528339365964,0.7270395577933562,0.3719194050277533,0.775537495262747,0.7603366583665396,1,1
22551,12297,4,841,0.8585837787481355,3342,266,5.20947951972618,44.81180740229746,0.3873091980573883,0.36214752966265834,0.41169477323287906,0.3448389119227227,1,1
15906,4990,2,2965,0.46710296538551643,6144,83,11.231222253297808,5.732933728397855,0.717767334701974,0.6390026969242654,0.2711774540615343,0.49822664420808993,0,0
29260,8596,19,2749,0.8671960031906055,6494,124,4.031710981949495,21.722155408659315,0.8010955764308144,0.770185681631938,0.6633363730488696,0.1575152550217205,1,1
15287,19374,22,4233,0.7416806000363956,2164,30,3.194577907462623,2.051617751264187,0.7532856797906043,0.4411580505336118,0.05368274021459954,0.6601502740475634,1,1
8892,23382,16,3186,0.47367103455031495,6873,26,10.133340357263204,37.23221640514896,0.676810798286123,0.8388847699209843,0.07453435350322257,0.20647496839694596,1,1
18222,6775,9,4204,0.6529466747729926,6728,205,12.637681435419474,31.137628747057974,0.04713125169070298,0.4323913487436618,0.2762930517994134,0.6538015921600652,1,1
12675,28496,2,1988,0.7864193065348938,5781,68,3.3705565928689767,33.88583719423606,0.6597149331148087,0.6915729970378718,0.3587267995770808,0.6708206121482081,1,1
9933,24029,21,1937,0.7556658565654671,4448,218,16.643308164153098,23.19980896209944,0.4782946554829104,0.5473114830573315,0.6382702954250994,0.37593469408331104,1,1
25764,21445,15,4382,0.6234382055882908,1894,318,5.225242334508203,43.658752389151076,0.9615692715496855,0.8314420971412514,0.7402111514686318,0.906363277223084,1,1
19873,23871,5,2190,0.9255945785093932,4572,297,3.4795925846284503,20.249200191012648,0.607189883377071,0.8646347222808858,0.4250212279934271,0.7621181299931442,1,1
25674,18706,6,3505,0.6823285852722203,4134,82,4.844531987778474,25.161998514992618,0.6082272562352993,0.3922983933199815,0.3965157356570199,0.5222236067773663,1,1
26024,17645,24,777,0.6737550710583606,714,220,4.297945532775392,33.67859344671958,0.9940551873697498,0.47326692435677753,0.17040881526322738,0.8807838091936375,1,1
21239,16668,14,2666,0.3898403775625307,3572,228,2.9961317351136585,25.466350131486617,0.09358778978090543,0.9212922301244132,0.36094523495998665,0.8274667743633923,1,1
18874,18960,16,2826,0.9401570494704877,4554,32,14.664347373848672,9.898775452067413,0.2763162851003529,0.6159922154245547,0.7389153850192361,0.6883854918936707,1,1
25602,14357,7,666,0.46335460395415873,4972,309,9.676373283277831,15.902319048110863,0.6560794389690257,0.6551109538387491,0.3143196290186972,0.2300205172074554,1,1
13016,7435,2,2136,0.6881406037993947,2959,205,7.9105707662482665,5.337840002523848,0.31523625603437466,0.45753525866404254,0.16854599024076997,0.5225128366921676,1,1
21774,22028,24,2015,0.8642832648961984,4206,71,17.185360795238196,21.332834369212996,0.3461501479291219,0.9867326697606353,0.2698360233641145,0.834759441677524,1,1
17752,18804,20,312,0.4878900972516117,3771,130,7.621638386569048,29.641428375057416,0.8926449397971086,0.9407505170171686,0.4116756901081388,0.6175578148212281,1,1
25338,20429,14,835,0.6875189055813382,1706,353,4.255049979778625,6.5709073806496106,0.5793539050397966,0.35129578942863593,0.47886802447965676,0.5636847280681345,1,1
23585,17626,7,3539,0.5040383419029382,909,199,6.021707716788838,30.63759470909606,0.10286558280415459,0.7024701969010464,0.3459439037121354,0.9119405702535595,1,1
15291,10951,16,2617,0.8362047985919435,3969,178,5.442947804211841,42.96499056834914,0.3108625857326218,0.9082511255060189,0.606828943632242,0.11406585558051449,1,1
8974,9449,17,4342,0.7111783474388165,715,91,9.72923111279453,16.87301545031942,0.07605837649941805,0.6255415079897345,0.4675627056853654,0.11023942719355737,1,1
12133,22065,24,675,0.8978245506528918,5347,347,6.30983454525047,11.435555522284533,0.5561299334471452,0.6295611254890783,0.5320385072093499,0.8588974421178771,1,1
22663,6199,17,2024,0.922517121841525,848,315,10.01500934107497,42.971285000569445,0.17326819637598967,0.5927821803048251,0.6903351396889844,0.132756632771442,1,1
29754,9768,11,556,0.7651894287650547,4151,158,12.543341511622017,33.521426087184786,0.8571151500251062,0.368450134499407,0.6925508562181223,0.3826621566494277,1,1
11972,12130,23,2564,0.8142503975417245,3378,214,14.325429964268753,5.9535587986580305,0.5773140264564999,0.8557813349463698,0.16280664984167847,0.8854216595239802,1,1
13295,26824,10,749,0.7015008639275928,4165,17,13.217603390909309,20.181261746901427,0.05937564193109468,0.6423425301703006,0.4986757958661199,0.6874797047429788,1,1
21913,11633,10,1193,0.596034389163125,5249,168,4.892246821529955,32.68221118846379,0.30087566362431895,0.6898820085783846,0.5733126888333281,0.650935069984352,1,1
17105,21934,18,3512,0.7647954707333342,3569,259,3.4123453675054374,27.996042123846372,0.6163376672361268,0.5136384747562486,0.11668236260868091,0.6584485678822994,1,1
16228,7225,18,1484,0.9313047190318905,4494,68,10.45042762517064,30.071714609444033,0.33549831819382825,0.8518358349227645,0.6742158696471348,0.3699965320217323,1,1
17903,19980,18,3523,0.6166754434761204,3612,311,4.782044554934395,27.655353176774526,0.5131766685939557,0.8579990698908467,0.14437588960906506,0.550953552360694,1,1
11020,9054,13,1608,0.551222416879229,6370,80,2.9014064092299687,38.50888416932984,0.9093622946827357,0.7038693227851259,0.6394235386198858,0.6354771044398351,1,1
16987,4505,14,1216,0.5985996406736473,502,26,10.197056659160383,16.060066969457996,0.3500359705062783,0.9289618725121048,0.12917260529875954,0.3598580268378707,1,1
28420,12053,13,447,0.6286544833354237,1617,64,6.892104054278625,34.29773035127006,0.335872862469788,0.4241659076650508,0.593422829448801,0.7760593284335072,1,1
29452,18749,15,2414,0.39707905854573833,1582,60,13.976458696985313,47.58073379723136,0.8197568413126988,0.8534410653719036,0.11851838310933101,0.373486104950689,1,1
20880,13832,11,4316,0.6690027778783965,5002,172,6.6841619040488975,19.328066315715475,0.3187565229167699,0.7074938510852253,0.303063448686775,0.160727530475451,1,1
13233,19344,24,4240,0.6663611187520382,6661,209,17.648832761420927,38.17927078407527,0.07795834414039227,0.49784842690332753,0.11481290677765754,0.2712363877164966,1,1
17516,25852,20,4371,0.7266040496899349,2017,357,14.015632655801683,12.56713414540004,0.1809449542374949,0.43467442089721275,0.21657207706130377,0.44714885564982965,1,1
22559,26620,3,3095,0.5822048195016521,5346,263,2.4519381545662253,14.249145477350318,0.948800250796301,0.5426445058066165,0.7876118218827877,0.8718475049225436,1,1
24701,17783,5,742,0.7423888614115774,2395,195,9.896400215878558,44.938602086626524,0.9332927925777214,0.8980421875849293,0.08614052485550694,0.4533974380916226,1,1
10396,4551,20,3244,0.91205843857549,4079,59,10.78323827003282,2.219102743688373,0.2248120907781478,0.854076383792727,0.32517186113431057,0.17633323133793644,1,1
26546,18154,8,4236,0.9615014339169051,3133,344,12.972494726246362,11.219085208458976,0.5535018730986858,0.7628847525235456,0.5415354727084183,0.26698825163922596,1,1
27129,16799,16,698,0.7235118183302718,5483,288,9.71364715105701,23.697272797164146,0.13736810042300285,0.40780928498155355,0.07567885631782865,0.562797363365661,1,1
9591,9852,16,1451,0.37725821054100034,2879,268,9.476819373840456,19.886838220096763,0.6746776285115358,0.9610916094357144,0.0872263899356267,0.25100760399784267,1,1
19303,4449,7,4092,0.9703110382509498,1512,263,7.57098709268061,30.57097736804647,0.18530579600981067,0.5454816847202606,0.11461029801909968,0.15436142033679484,1,1
14183,25337,4,3295,0.801751718973604,4764,354,5.979112834336367,10.05793636693795,0.04979042292160396,0.7384799893408374,0.5159891024264186,0.7076041955715464,1,1
28314,27840,7,2516,0.5650167350743374,3323,93,17.112303497616118,4.315709205320973,0.8248968072087993,0.8639851973154778,0.7274695343833653,0.7666952860011701,1,1
9312,27426,17,2007,0.44418092861678293,6291,226,6.7403450489671375,18.358669696823583,0.3254003827236257,0.4350277340536051,0.6607915631749213,0.8230382499288209,1,1
28695,5659,3,3631,0.44178791183121596,1348,354,2.546451855575456,25.644696380776505,0.10852240356009701,0.7674059150437588,0.7864441914859934,0.8173440371552622,1,1
15314,10509,8,2287,0.4573564199293457,2204,93,4.260198198341302,27.414086342990835,0.8339039508622252,0.370669437890696,0.462510307679515,0.42237064305641947,1,1
26767,27277,12,2868,0.379166413832845,5536,63,15.64506449468128,29.27019560649594,0.7623974775461484,0.4151451593627783,0.7691818436945487,0.7242994847785076,1,1
27623,26829,8,460,0.9273786807378633,4593,156,11.179452075535835,26.787113800793083,0.6837584504319681,0.8128119260333708,0.24394733217236164,0.5960080305611327,1,1
10139,5721,5,4204,0.6960916690094952,705,32,14.349879064721582,12.550342635645817,0.9112487098445292,0.44925257956658826,0.3372036750768526,0.11985965655825949,1,1
22688,15444,21,3873,0.7979740241368558,2392,229,14.844895511304957,36.933837590543085,0.4892260868706352,0.6338443029154421,0.31683309437290375,0.4413583932516866,1,1
26088,12637,8,3477,0.8799894459317168,1020,322,15.083401246982708,5.125672301751733,0.1280564975867977,0.5089328324975162,0.03788598422312344,0.14494711534986227,1,1
14924,13490,5,2125,0.8565862440532481,4076,55,10.585126177786044,10.3226323389526,0.061346409895119525,0.619586885548763,0.6637642148324467,0.17085264712425385,1,1
8362,5925,13,4224,0.9148675991864585,5613,267,4.42248982903523,35.75076642389836,0.3184410179596586,0.39942095378654136,0.01977455095389491,0.14760208007187234,1,1
26988,12824,6,1923,0.9690429584159692,2851,283,3.945840411896339,14.14712830294683,0.08683083013741622,0.8331363481862333,0.5839010008680094,0.9168045575538586,1,1
21481,26488,24,1476,0.6310051934348413,6758,50,10.970742936189355,24.193251755642045,0.5355094403470854,0.4005863535322332,0.32565182612421123,0.8175708421806519,1,1
28670,9240,20,4020,0.95821469866777,2634,338,7.547486835813661,16.37829382021127,0.014499017823157878,0.8862652783107008,0.004998172861527284,0.4732388058751531,1,1
11738,19896,6,3520,0.8129055669394025,5338,110,10.707795980555161,24.82811694595215,0.44376330150937593,0.7740696730685191,0.23195752229023958,0.31079784759989015,1,1
10469,3215,20,3559,0.3952276417971702,2975,288,9.724884429924769,17.292822597526158,0.17846028985358542,0.6166147684251413,0.27690215673506186,0.16158320509458707,0,0
29179,10299,22,430,0.786341197575901,6317,28,11.43626831500955,47.72777552558437,0.36826804386715817,0.9045513878211148,0.7717619768480124,0.4665168137701644,1,1
24106,14523,4,3862,0.7894986621471032,5045,11,2.029844547153328,17.801446699832894,0.6750340747706891,0.4691240183528502,0.5288632780859649,0.6102999488989448,1,1
24940,13364,12,1799,0.9297507608272173,1285,339,2.0418052303970353,30.471322617689335,0.35096377105070153,0.5193211055454883,0.4348572732049123,0.7775378246450009,1,1
17017,6153,8,3088,0.588676564780859,4597,7,13.406320319000395,42.75213122959124,0.34133988720021524,0.43775914346189226,0.10164045136212643,0.1438268382509979,0,0
10808,26834,18,4008,0.7243433601739634,5697,262,4.686599523074877,30.98294473514327,0.990750732839502,0.5942039637056223,0.31288347161025354,0.4551895148891657,1,1
24370,4706,10,2007,0.3578000326475152,5943,267,12.26127462616893,27.595290990151604,0.7188147227262862,0.9815092382298161,0.028611482880294404,0.9303288287884868,1,1
29534,13298,22,2069,0.562528154996055,3290,125,10.518502528058999,27.753784373541787,0.5138617118500514,0.4530575217924446,0.6093483347778941,0.20261245510072518,1,1
22870,4567,10,1618,0.3898359847416198,5717,212,17.699608778176287,24.33365341339912,0.5793756509975795,0.8818249509541111,0.1302213617549983,0.44025448556800895,1,1
20713,13400,11,3679,0.683998702569534,2657,25,15.284197001570528,38.95627886600939,0.6201826315188109,0.767203245870766,0.4755485607571209,0.3337970250733409,1,1
15561,13345,14,3073,0.8731664963244501,1178,144,8.316719601967264,3.3699316829849524,0.02457539894084193,0.3601210435915901,0.5595132306050549,0.21393345209536319,1,1
10719,4128,16,3290,0.48212332296260413,4028,284,11.670811531537222,42.6011056726784,0.08026459052524759,0.9547297234801281,0.2932073021655885,0.813103835004839,1,1
19700,22894,23,3344,0.6875622691569783,4059,293,3.4352760442202883,28.55573435154521,0.6491893513566518,0.9714984097439902,0.5060745216795535,0.692547928792379,1,1
11741,10867,6,675,0.4805655273668909,6428,210,7.875369708879286,40.89704139902017,0.3644688588483137,0.9419364491913877,0.6113862893173461,0.44982301159981963,1,1
17766,21749,4,3336,0.42724061942159386,870,47,13.609147727982926,1.4884570195778015,0.05544404023192506,0.6711133809325016,0.14729903608479056,0.41370719033129555,1,1
11998,8583,9,960,0.6770379468379791,3437,342,11.774081138122785,41.855990986196026,0.2975132460516261,0.4910401167845625,0.4806882630699878,0.8035864455481968,1,1
26787,7897,21,1703,0.40065511740782567,5641,122,9.493776852226404,6.646463401143543,0.13028342042139018,0.6004093935811081,0.5871065083526952,0.17716626880397857,1,1
24077,25102,11,1040,0.7259069639283131,1221,9,4.41273021686904,34.89724630044276,0.9163138422263213,0.7430825897063879,0.28563847153330074,0.22480828838362724,1,1
8294,9001,14,603,0.3700559748331048,4900,211,14.751907781599487,20.576505465728655,0.20292539255311504,0.5924552837871678,0.1299929264932362,0.8705675068795073,1,1
18177,14113,4,1385,0.41829758199576034,1423,127,6.007248972791019,33.01040238160245,0.14369119739405245,0.803229856556597,0.22889281689953878,0.7946256559431195,1,1
29727,7567,23,3479,0.701998390711909,5891,331,15.037904847421506,30.524917670836118,0.6261688170886166,0.8591683505769718,0.7464597334718632,0.7586460981855484,1,1
17882,12271,9,1510,0.7285007442553049,1335,349,11.591549536117393,8.679637712160366,0.5219119302768327,0.48401145513475685,0.28595836381274964,0.630379535658243,1,1
9136,17348,10,3334,0.3685516352600052,2993,146,7.650068561154993,25.186846929034935,0.575932454035792,0.6091628213009923,0.08616047020710563,0.34858254383737886,1,1
10064,14703,23,528,0.7169611443209973,3479,236,2.1699861623398595,14.029832240143415,0.43594814804031523,0.9629564006566783,0.0661812061194631,0.8945686144713554,1,1
15009,16329,22,3419,0.8866416162071277,2825,168,5.334910931682218,27.340531613856584,0.46716931093212954,0.5098763528080883,0.14439605259507501,0.5180884984744709,1,1
20987,5741,13,2154,0.8122823534681305,4424,39,16.169670270554704,35.68615430348367,0.7787975558471295,0.5717263927004346,0.10200986855180139,0.3385266014897419,1,1
12543,22404,12,567,0.43395846650931114,2924,339,14.996576674279337,4.819145485346382,0.2199221848256674,0.3728227224652622,0.39603492796570905,0.41073841562101476,1,1
9007,9256,3,3074,0.7291837744407135,6875,15,10.985079663412616,25.24083390595819,0.3965293028312341,0.5627142663063048,0.2780411553404871,0.11431486291654443,1,1
13445,3228,19,3149,0.7802416000474965,5021,79,9.194320655375094,30.028601575826148,0.9578253849279492,0.5873960947866257,0.6731245237466114,0.31688520255383884,1,1
18706,27746,10,2434,0.3738279691214667,3626,304,12.177854208946801,14.88227031906905,0.18998570118604519,0.4138947581611663,0.7048628259449742,0.25976269235807914,1,1
22749,19678,3,3759,0.8974225079575185,6588,202,9.193094109414474,45.791163691412336,0.29377359504186706,0.3509230399903726,0.37862351031022384,0.21522314576051527,1,1
19718,7284,3,2569,0.9300111342654913,6422,345,12.131029871865815,25.454232798820986,0.19156692428599054,0.7182595099959744,0.7108216836516756,0.12731899420313103,1,1
29736,28001,4,1289,0.8942894549518455,6677,268,6.572167644392605,9.578303222758839,0.020495496358135634,0.54297702485038,0.3603693109848079,0.29284412690484085,1,1
17439,16264,17,1237,0.8777641395130324,2876,339,15.33520409553934,6.066048304566349,0.26982992504167036,0.3614072558464589,0.5135696991562869,0.187990910359844,1,1
21281,16390,20,739,0.8267777270149717,953,228,13.0816452421769,26.457998810772178,0.04646744596223917,0.9003643545389949,0.13002786611820066,0.1383693214819126,1,1
9435,26185,5,2658,0.7553965000204544,3959,126,6.944597869056914,18.636203912965662,0.15468512640663334,0.7240221933226502,0.04206604945750039,0.21672392023363463,1,1
8571,3918,24,2307,0.7843212831924812,5359,78,15.20599089458678,10.049713595114078,0.36268207006761466,0.4595477443147651,0.12806814112383788,0.2720428589976931,1,1
10382,14445,19,3645,0.8660929877343891,4001,32,9.541151759077453,2.4428288789314054,0.020721217068958242,0.9037578386822249,0.20147618867632514,0.4535679763457945,1,1
13084,3498,21,4430,0.7739990133512349,4047,175,4.381541268168115,27.630203761780358,0.7529565659307166,0.5122950211027074,0.6007855144322763,0.5961413333046202,1,1
24661,5809,19,4043,0.5597452522765254,1648,220,2.78225562305819,29.13421113118211,0.7955890137695468,0.49556526818320384,0.13880419396917648,0.3739259830683188,1,1
21507,7961,11,818,0.5906151053832664,1022,323,13.043494836014137,7.664722255529019,0.4114138024183629,0.9225657964782522,0.10452375642882564,0.22007050315701782,1,1
15059,12017,12,568,0.924116779758267,5077,105,15.774493269432176,29.281688339204305,0.9846659793742694,0.46485304285406315,0.742087503303559,0.8992752548016509,1,1
26271,6779,18,4485,0.3609581349101836,6960,250,14.82279281180997,45.742719471257125,0.6789939148076991,0.9125509076282077,0.5510419378751535,0.5376256553878173,1,1
20771,13050,24,1688,0.7972451719963405,621,97,12.318241998665506,46.97989366951775,0.743721747980749,0.8639029127985927,0.37864446858262446,0.7305982827913797,1,1
25649,5118,21,1994,0.9610576335521379,4118,67,3.8326884174786726,42.75916801817924,0.19230042366613342,0.5482576261307093,0.07597471457260685,0.6902698700785399,1,1
15491,9391,17,3573,0.8019860287731031,5176,270,3.0517272536147835,38.932693299279805,0.8374376228217134,0.37201413193800675,0.681432729257085,0.3421622435585473,1,1
22527,3145,21,1689,0.9861036724683405,4222,210,7.192988779693469,10.840288325526569,0.9450463980215061,0.40284678627284287,0.08660674463109155,0.5758826365743842,1,1
25424,16929,14,4165,0.7900287395381317,3583,84,15.606029691579685,8.352453577308715,0.23631016657379178,0.42009809137252957,0.4888372253942846,0.6118394984742365,1,1
22859,27326,3,3329,0.37199233869879106,2672,41,17.36864846005996,21.91253730741166,0.6864642943863801,0.9201112545027059,0.5341411940971895,0.3990223704707947,1,1
16073,17917,3,2635,0.8792863242540311,6430,15,5.482454104976676,30.122692311971964,0.7469410486633313,0.6085830259439844,0.3201110441199898,0.6701515806614227,1,1
17077,7565,15,3974,0.5321631436411642,3206,119,14.07457856459838,40.98189814839377,0.30516917180954906,0.37081904466335636,0.7289733800036602,0.7720750687232394,1,1
27136,19576,5,800,0.6354766244252421,5696,94,10.968842078968894,11.902262933429673,0.4750090025722964,0.706191015715635,0.04056048936721553,0.4095789681016402,1,1
28953,24571,18,1961,0.5497388261805325,5313,236,2.0248215567860552,23.54345132445563,0.0975390935807241,0.48311504038847464,0.6544935246389514,0.11267806581103318,1,1
19383,9637,14,2399,0.5218746279741948,3807,23,10.458119773893507,31.429691371971757,0.17309480395950794,0.5004806672691321,0.4430355186065598,0.3969355469862511,1,1
24378,11243,5,402,0.6260996503486627,4142,56,14.79801664932436,21.9429111631177,0.06157052364719473,0.4529387103475703,0.4889629795260927,0.1992932629466173,1,1
10353,5410,4,3046,0.5924009270020312,3317,278,6.056025925176438,22.34710282272636,0.5601654905452937,0.837693735935179,0.7894604499858803,0.23226670580588157,1,1
12799,4820,13,3576,0.7553366923792573,5001,98,16.306466795512605,11.580506568329115,0.6252628972772694,0.35039225203537444,0.4661182424942581,0.41105705540339865,1,1
25070,22348,23,3385,0.8704167686320068,5862,36,5.398296713431509,47.37306253082057,0.916119583433733,0.6309498648939809,0.6376223884499145,0.2764779334785964,1,1
29195,5521,24,3837,0.5401367380398341,1984,155,2.761806688626896,23.334084320149838,0.5421848106236015,0.40559754649758933,0.12282461257581662,0.8946556103788748,0,0
19939,21952,9,1627,0.4867815378060911,776,144,4.138998605752807,26.03887143405812,0.26061137080809993,0.7035197446429142,0.6474316736878543,0.6548824839868745,1,1
29730,8882,3,2774,0.776812973357019,6088,62,15.310547333895153,11.272286690480966,0.05947354659111881,0.5714351015432593,0.6088583257793332,0.5406095355275835,0,0
29427,4867,7,1979,0.7790048421317002,1748,25,8.385547664152217,25.164425761595474,0.8849530527508368,0.368145011696914,0.7744880586941479,0.10826569127493443,1,1
10428,10465,23,4046,0.9267239931431499,1624,153,14.649601799757352,13.001429251112416,0.4788580785280534,0.6450235079392281,0.7485685079754565,0.18807508175891385,1,1
29510,26986,11,2862,0.36020523933011894,3401,225,10.26534550632832,10.509803815022924,0.7373219894423212,0.7151747186334736,0.17118923640912442,0.77020616970714,1,1
19296,14461,13,4463,0.8959460237545663,2157,225,9.429225559108119,13.95894579431792,0.014649348595588974,0.508498580264139,0.37194650341146257,0.43128219858358263,1,1
15813,22583,22,3617,0.6834413906869484,2253,246,14.814066999625679,1.1297034797482064,0.4881389226644176,0.8399276141254776,0.7291865425382827,0.13866921670078758,1,1
22414,9103,11,2736,0.7476333370701432,5102,223,8.487545593254204,27.797102264079143,0.3257226231664986,0.5874712101083412,0.5126120557661157,0.801725229723691,1,1
19801,15197,11,607,0.40847772195930543,4158,33,14.733540062595077,19.21156025957363,0.030331272613826843,0.8295817690521692,0.3709603154182961,0.3572491112177756,1,1
19745,18424,24,4296,0.6268735570381092,3902,51,3.1609257218968523,43.23838390211473,0.7756728070724583,0.7205700665656113,0.08715100928066458,0.4283512786780891,1,1
21025,19053,4,1389,0.49547354063265525,4832,62,11.999128456397733,2.913237159788496,0.5129016528936132,0.9063219635116063,0.28140605378898365,0.9282137100448742,1,1
11356,3240,21,2694,0.5127040192528058,1251,279,13.092686433107747,3.030414140220255,0.3331802429911309,0.7000318662286538,0.5321919593228633,0.11318582987930996,1,1
22288,22824,11,4304,0.6726208733926575,664,144,16.335107036338755,42.63605531369142,0.8057984839073993,0.4688014037252518,0.6215315855603977,0.7131257341736833,1,1
14540,7631,10,966,0.8699718082579919,2192,27,5.2013446588172165,6.9522981836040385,0.44692345185016646,0.8764583643383592,0.3577335312074021,0.9065515498650222,1,1
24422,12599,21,4463,0.826019795292708,2456,67,11.469628021532051,1.1015248938280848,0.0034979563683013026,0.8511425601118658,0.04467559440886637,0.15428064500004382,1,1
11342,14694,20,2534,0.7282399738150105,4360,56,8.64873330087218,9.408951594511647,0.9444476320383255,0.972307721429969,0.5065377458156244,0.836165470710375,1,1
17078,27658,15,1536,0.6952276433622189,3275,270,7.815732316476479,39.722180229587394,0.2556827404623855,0.40989242822882366,0.7372691137799067,0.45380543950563246,1,1
10844,8077,3,1923,0.6234758676700736,3789,346,3.260773660997298,38.727561889724804,0.8305755220633414,0.7283879438757435,0.3971285991243867,0.8462970384471727,1,1
18396,6768,6,1674,0.9725343830792872,2268,171,3.7148499548165472,16.986213909642196,0.816415384081273,0.6646681497238287,0.7427397610314344,0.36203340395685935,1,1
25482,12142,21,3611,0.7085232347099093,2923,155,15.310309613886163,32.39745311121304,0.1623739313607313,0.7793581539073058,0.2832805789300336,0.9352633124249388,1,1
26207,10995,9,476,0.5125384949198222,6051,15,13.870931633371773,24.840736244783905,0.4740026812147766,0.977315102798867,0.7090926159491354,0.6499919982206889,1,1
21998,28186,8,1653,0.49725810690562533,6726,99,7.8086286498031585,43.522544522757585,0.040198978498492965,0.6906541293540837,0.6290718021057471,0.6330268063717535,1,1
21261,25813,7,3228,0.7412659396960908,5026,76,15.170028592928908,3.651903344618849,0.354551672888462,0.7888727263657147,0.7693932399520023,0.7850178754491122,1,1
27539,16276,12,925,0.6846096174789944,4196,52,2.8326420495890443,39.219419050621696,0.73097884336962,0.5722166039821074,0.6328169881683424,0.4710981591957283,1,1
11093,22989,13,2954,0.35492659389101616,1282,352,11.808769631047282,9.018137463090623,0.23706947011035762,0.5413411121098768,0.25718379970437494,0.31986918729211755,1,1
19722,15746,19,3908,0.8812418382052988,4278,276,15.824904869785758,19.40618217929269,0.11712793074230998,0.5645898020375469,0.7204540218394541,0.32349066381122393,1,1
28162,14475,20,4015,0.8006383067087581,1454,99,15.341259812015615,10.021986117433997,0.5071235509350089,0.37470905190204246,0.5357848611689112,0.3810131882026756,1,1
27280,21557,11,694,0.7735707453939862,2492,237,7.650915539040687,34.02287725092453,0.5369863843736321,0.5322340130640607,0.1296554605929898,0.6247497393880829,1,1
19645,9568,22,1468,0.3940196209265017,2159,52,13.796358575440319,32.88133044840311,0.6758289313211581,0.46068569203660936,0.03677206379148812,0.8126312710200528,1,1
23083,5601,15,497,0.5817157441103945,640,212,8.55322440107798,26.751187279854264,0.7591377468025907,0.6427539070947563,0.2926764833186282,0.5246411966636222,1,1
8988,22041,4,1268,0.9486446468689832,1219,231,15.362279712434164,33.81366272977179,0.6958095312646552,0.6449278488951881,0.629491319785342,0.4429309957981762,1,1
28500,9080,19,4208,0.9020571144584728,2150,81,10.25757217755788,31.05954468841967,0.8454122082948506,0.8397470919849623,0.4945716763575354,0.7747705778873964,1,1
14446,16854,16,3455,0.5327474802365014,4073,353,14.12014131023318,37.4927766171606,0.22290646428203986,0.6714666546508985,0.4217017277834736,0.34621772078091106,1,1
24335,26709,7,2804,0.45051768582344875,3974,223,2.7964311078125834,12.25211261065579,0.5697667462164961,0.6463722165268742,0.0029821076722065243,0.6856799786830077,1,1
28563,5159,11,1576,0.6374162925878892,6572,85,11.235428531546237,21.158892902213864,0.36009535742132515,0.4982408394883145,0.3484005616789939,0.18993443761752085,1,1
24133,23214,13,4467,0.577731442347303,1515,41,10.579688928244089,8.12644687964875,0.9621123570016422,0.8955872064925935,0.12617871098019906,0.19625252631130236,1,1
9682,11313,8,1569,0.7866248810918343,4883,106,11.564615908630142,21.190897518349118,0.4402795234148238,0.4082405796382202,0.3636539176905503,0.6474471552499834,1,1
13626,7368,18,1664,0.9685182784539645,6998,195,12.978086530607237,33.979512316756036,0.9597139331335567,0.9786694175867432,0.7934162575902692,0.1703379371342612,1,1
15424,4317,2,1223,0.5823209279888393,842,33,16.648798005563343,33.49538455686452,0.769065654059106,0.6546879973449589,0.7036310584959432,0.23179348935783478,1,1
20857,23877,19,770,0.3898234704974349,6792,318,14.463754349304512,34.343064454862315,0.718463862068699,0.46903167974126314,0.24850448328526487,0.6307136985863078,1,1
20155,16272,16,3316,0.9244729653391266,6853,257,5.124026858675927,15.512073846284757,0.4915637119218269,0.5767699556918291,0.4748059143703454,0.47247314253612704,1,1
25317,4230,20,2354,0.3742878273535173,3683,255,15.127288443319584,32.12405676817342,0.44337813425560213,0.3598369169336248,0.4016761867311342,0.5771019849473811,0,1
27982,20517,2,2351,0.9597701741781332,3201,230,3.514314680649078,18.270917020680095,0.5265481875184069,0.45657451472527155,0.10403760417174626,0.9304014757005613,1,1
19425,26991,6,3254,0.7753308339257854,1475,98,11.766276663638648,45.39112616693735,0.29363306292695324,0.5646174843601134,0.7918452126521476,0.6371668822421656,1,1
9980,4301,16,1448,0.9526810934028475,3083,90,16.065437836058063,17.13821919637592,0.9045099398384667,0.7048257784012719,0.3401401252906327,0.6022231836135842,1,1
23522,18927,4,3386,0.47778219945534606,3620,114,3.168513894545915,29.341857000086236,0.7943306552653664,0.4328677405727068,0.4045272296574635,0.42311736918441634,1,1
27440,4910,2,1259,0.37604786896243686,2323,221,15.519928779619299,36.25684856703227,0.8013958543250439,0.782616509557194,0.518079449848752,0.6362459557495012,0,1
16984,27466,9,929,0.6624543860969547,4926,200,14.677242114799052,43.60114916423804,0.4331535954494361,0.8903369535930751,0.15323562650449435,0.11104959684392954,1,1
25175,17904,13,1074,0.6383989853248802,4960,301,9.812294658344667,21.582644362333813,0.07108894824421708,0.7162973507032997,0.1777812818876824,0.5737222119412314,1,1
23883,11107,23,659,0.562155054883125,510,48,6.596810437874168,17.942800085788594,0.6830773179262786,0.5400169262241434,0.15404674015714992,0.15856275643399897,1,1
13390,27354,20,817,0.9629001436087664,5104,94,8.189730763180474,21.211324239879684,0.3744135839714118,0.4276910883109577,0.3075724347732227,0.28714640989762913,1,1
26639,21300,13,1643,0.8764535885833166,3127,159,17.482859239053496,16.2137285228397,0.8704303124508254,0.3599424403097267,0.15974156516617627,0.5786528518585713,1,1
27994,26380,14,2269,0.7734124936803797,1968,113,4.828009676505465,31.734451033163758,0.7803384384498635,0.8183534931189036,0.7411167743539114,0.6677579662329219,1,1
9607,5757,2,3527,0.4542293066482097,1613,63,11.063470749193272,44.83768790840345,0.14532814198975608,0.7522267957201432,0.5714512370801927,0.42707705934060636,1,1
29563,9464,20,3199,0.8199669812598558,1121,114,2.8734723399982833,6.925337305000237,0.6017157305385142,0.6548213798626392,0.7182684553783808,0.4561329285909844,1,1
14573,19562,7,1234,0.8152879710078234,1400,110,5.095235559121342,27.363337044197376,0.6922139259271843,0.4152771534208882,0.6787873042481586,0.5233190449418015,1,1
25368,12088,9,2286,0.6220436311142448,4247,225,14.09472040322959,43.18949009193556,0.5681375798243614,0.4824961160089383,0.5625215612507453,0.7452134165828801,1,1
13776,25746,5,676,0.9418629822169687,4564,267,6.492884165948698,5.7053835988328245,0.5140421761552613,0.871710274359451,0.19419695126012748,0.11498360585164218,1,1
11676,18124,6,3860,0.45686584462656665,1971,86,17.76514016428512,24.2116743060152,0.22786307500594127,0.6571049395330364,0.4922550914291695,0.4800077989417746,1,1
11380,17260,23,2074,0.5210960399434651,3603,276,9.76348121104836,41.665791005440965,0.23590684442118437,0.9662130301563985,0.14903908850821387,0.11213255822080251,1,1
16711,12743,8,1805,0.3904635771204055,826,53,10.022898867577757,43.32125395046787,0.7680081386425546,0.9899821743155087,0.1059808388082221,0.37127058153786563,1,1
16782,11683,24,2954,0.8590886132336559,573,36,2.0991931990396315,25.174551574187074,0.01868978556355716,0.8624525608739761,0.5060601935620851,0.5418713281162406,1,1
25434,3060,5,1310,0.7479260071010543,750,93,17.28269136802489,2.1727385699827204,0.7789100627055763,0.5152375103405404,0.49970047483064794,0.16793139111735925,0,1
21997,12269,21,3777,0.5515617956359997,2997,23,4.374851774592896,5.965041386107618,0.5267987365391391,0.49791357579527784,0.12529771361559067,0.5124314987799163,1,1
28017,26065,5,1530,0.45484074470036184,5501,7,10.382619880372303,28.575687026337985,0.936222652384836,0.5123259650712464,0.28194215795834515,0.8858878180816828,1,1
14342,5895,16,1477,0.3756945728183938,2902,64,8.028631064319072,6.821354503918212,0.997321547722923,0.9815424504425937,0.05302493908546327,0.6825409870484652,1,1
25343,18323,22,4157,0.4567171639205994,5128,246,8.357147562285995,8.022635514829727,0.6634845651089614,0.5646179059637066,0.572586490948842,0.7649147710952864,1,1
14059,15352,6,2395,0.6401021736561012,795,33,12.114452739595789,37.289503595759356,0.412257194420137,0.8021259159326009,0.7899965211180351,0.5933520854841077,1,1
16884,14875,10,1972,0.5081932601667879,797,79,12.424463172025877,36.282526753048515,0.47508590856069444,0.963771334279271,0.5919249243400274,0.8619051330401427,1,1
13655,19969,3,2228,0.5157485935564587,5947,74,4.045762145158598,40.61031969299718,0.20421542765150769,0.8745415339319168,0.675321735660353,0.22483889822155623,1,1
20091,8823,8,4139,0.9103688746673372,801,87,9.743179776511221,5.969551415786967,0.09923432399148102,0.7324664378436176,0.38107459382777553,0.4823181282239496,1,1
28857,14962,18,3478,0.6796881110151044,5107,177,14.54287791084064,10.312809411550433,0.5787633933021351,0.4581379357899085,0.07646726493340027,0.607478249225111,1,1
27330,3534,17,2853,0.8167212628021854,1084,201,8.814226978611789,40.14918720335658,0.8054950979666007,0.4619604765941417,0.5812852180042424,0.8424540403398608,1,1
23251,22846,18,2745,0.3728550073780116,4124,350,4.2357737686385715,34.89111760879623,0.2617665177292132,0.6651507747637653,0.20521616010465174,0.3618087086427979,1,1
8526,7011,21,851,0.5837045476339384,5713,151,6.6680795620853965,38.879938007917886,0.41965281024534984,0.9592444773595156,0.3106351626060237,0.10095878110089941,1,1
11224,22782,24,3197,0.6566683823330828,6775,277,5.004262807733658,47.51804672067234,0.5547736617769807,0.928875965280419,0.5624793999694747,0.9282519943866607,1,1
23069,5155,3,1339,0.4693067873345182,2134,39,3.5759882205948115,41.628285489318,0.9078978199700573,0.4563629154908269,0.7238276209564659,0.1220807085129351,0,1
19536,25350,12,1184,0.4269225865251447,5505,117,7.730088602683337,25.461772789938735,0.13863122766205604,0.5341406366558982,0.38899923919939977,0.22951171815377408,1,1
21547,26713,3,3351,0.9069944182398992,6529,210,10.42544801276824,15.606104685471099,0.23688316872966264,0.7268392419558241,0.7692844584765294,0.4587393800310422,1,1
26259,9957,2,3897,0.9512362413438697,552,162,2.7004001670644238,27.774799569010952,0.9185304517857847,0.6555555150418975,0.4159228226352033,0.5219143410481812,1,1
9763,12196,3,2855,0.40043628674906073,6115,257,11.463085641765026,31.013567861019265,0.039535593154691795,0.4263921980009679,0.0980083587705125,0.8092960638148071,1,1
16712,13691,24,1389,0.5733719760271636,2776,126,17.884903262798524,16.759670639202184,0.6561156340598586,0.5863565996789244,0.4147469966603179,0.4806452574283143,1,1
13797,24709,10,758,0.9633028020124632,3187,52,17.408061378331382,37.23404076177989,0.6395258832179516,0.9610171952993898,0.6885021647503738,0.5653147661532316,1,1
17208,16327,23,2307,0.4032235092047775,3344,189,15.181362452986122,5.359428254920677,0.38325443363256395,0.9589230238364818,0.43043610649945596,0.2699998902243018,1,1
13109,27902,3,2220,0.7619304786423848,5386,277,5.89462836123965,37.631463982040366,0.4681646790071181,0.7080325638570186,0.5982042782899337,0.5837848942689156,1,1
24500,24087,16,1303,0.9722216774188835,6123,105,1.8697253419095605,2.503930378051578,0.8549179514805613,0.7565672349934256,0.43836608948630035,0.396126181537633,1,1
10433,5706,11,3383,0.9760631478920797,5090,19,15.253438097567042,24.404404853910037,0.16498206334677912,0.49202001974973286,0.4368436482983203,0.18392243908447448,1,1
29847,3001,16,2414,0.6515829317783957,5448,132,2.419383827648768,41.48751378371352,0.2315674782789271,0.824849744909204,0.22780872103781225,0.9044934576463468,0,1
24967,12225,11,2889,0.4541594289807236,3218,214,4.892863344267711,5.065277879005685,0.5123504114398905,0.38359755976632404,0.16100838764459732,0.16943164262687962,1,1
28172,27700,24,2443,0.47933396158556085,4435,116,10.483478054871942,25.333730015225974,0.40974542300003014,0.4912366004249158,0.2231350366757231,0.676197090824416,1,1
12167,20488,18,2541,0.9193448928796125,5690,274,4.443237645870119,8.491397631181869,0.5743724975451836,0.35376556010560534,0.3526703127390506,0.8719641799886358,1,1
25773,17820,10,2386,0.933477122771031,6832,146,15.257507466427592,43.05634025286396,0.9208391860937958,0.596848805600812,0.6476720885653587,0.25232395608958724,1,1
16357,13891,19,1238,0.739042972079075,1162,177,14.32313498828718,40.12023977058062,0.9171020177378366,0.8941671671693386,0.6631928858430883,0.30155001620966826,1,1
14154,4861,5,4270,0.8403528956607432,507,357,13.97019684466462,44.89411043479392,0.23001833971499175,0.9788041453503805,0.13070225285817447,0.46270075037104974,1,1
29804,8269,10,4299,0.8235560009410612,6975,170,14.966105662310014,42.1241700519144,0.3021446128488404,0.7773638242435565,0.4422839313234468,0.3503334729581825,1,1
16920,26327,17,3708,0.7735658227130284,4183,123,5.1250793743660985,35.61800556370156,0.1620686812970299,0.8267146786729167,0.33282217837074235,0.7451781687766237,1,1
26427,14112,5,1070,0.879457251118041,3587,207,13.526724206470863,9.689792192659631,0.9277903714639264,0.5181597300575616,0.4567485805105307,0.3874303691805846,1,1
28581,18699,17,548,0.7886602387458055,5261,15,7.362144792764118,15.217622936438332,0.3978641301981952,0.6830129238328415,0.5180987096136213,0.937960209355811,1,1
27880,11320,20,672,0.6917614756783995,1168,253,12.502938532878591,24.352192440476347,0.4497051448836772,0.8214098552482335,0.22368959417508477,0.8299691476334742,1,1
25162,19821,2,3226,0.5016520720564204,3664,308,3.513358522414384,28.678148731192014,0.8026407807774596,0.6682565286187386,0.7353939055532732,0.8610425137166922,1,1
8213,24230,24,4157,0.8260884122359162,1785,252,13.142178571064496,37.76261957972086,0.5129734728102919,0.4066696909529894,0.7483585240016141,0.1541146424773519,1,1
11762,13740,7,1001,0.6530002354164957,4120,158,17.539777510362864,11.667102524791865,0.11975548222151211,0.8241530836251578,0.0842861940394232,0.2498621905147215,1,1
21399,6129,11,2485,0.5386666777648059,660,327,2.219406027758818,7.029037524907274,0.4378487094426966,0.49052121079984123,0.5624147848929753,0.2439631458810077,1,1
17768,28797,17,1241,0.8632456164747362,2898,29,3.0481768692568982,23.682678017900898,0.6305240432786318,0.4125265094000997,0.02658564935595873,0.6711699509492973,1,1
18640,27465,5,4214,0.7958967042259382,3745,346,3.540006661077229,8.418546311027267,0.7192090877570364,0.6559570872482445,0.037251038325827504,0.1101246680488922,1,1
14731,20285,23,1093,0.949897320399808,6960,225,8.604304431531471,33.6056297094899,0.645351852782894,0.3977498097917524,0.7662399312664175,0.7854622699796017,1,1
27501,17380,23,977,0.45588264961208175,5532,114,6.297873051395386,28.054651834310715,0.11918071923236329,0.7528439468682584,0.5558825078962525,0.5649891156615511,1,1
13791,14360,14,1861,0.7654811421673556,517,94,14.814182533421446,35.832066459887585,0.3043445251618183,0.7599028802004769,0.2596333038784399,0.5813660768492845,1,1
23822,8398,17,4353,0.5063132595764326,3033,269,9.317489446815866,3.9815183037900956,0.7335646449632153,0.5142892628051259,0.5359021341967125,0.5567359589048599,1,1
16783,26062,21,752,0.9282931105930506,4946,44,9.494866154361116,46.34078534087758,0.8801901943360747,0.9673020299568599,0.6766680405229453,0.5550440062647813,1,1
21621,8529,7,2766,0.413679625124234,3075,267,13.331128671868337,1.0002602237596858,0.047186415062259734,0.8776490155177535,0.6967227811290431,0.2682031634385177,1,1
24019,25988,12,3956,0.7699435561247214,5467,162,7.472488211839805,16.295793505636134,0.04222910806997715,0.42013565305582556,0.01641582321933228,0.3407027635461768,1,1
10720,6918,4,4446,0.8562948617779391,6054,122,7.327919582437648,32.942835288213274,0.6434045293390623,0.8290477614970209,0.6545824059282115,0.5144748391584542,1,1
16905,20451,21,4054,0.5771474178334126,2817,260,13.989285395853427,3.1216774715195874,0.548046154163281,0.575967800070294,0.6825621720479461,0.6761678228940793,1,1
17127,19410,11,509,0.9606483708056379,3418,200,14.37068880630662,4.917430323807526,0.15533905051771402,0.8301846538553337,0.47645616391882095,0.33116069601566955,1,1
24385,9937,2,2226,0.8944676381350638,5687,318,1.737579746791522,4.604027549726354,0.5482915816969604,0.8625086671056696,0.3839230748400179,0.7852146862478808,1,1
14368,26648,21,4266,0.5385557117983382,1553,315,3.8725428513720948,28.33095715588603,0.9744873435008509,0.4468819558786954,0.08879913375810125,0.7890041926138747,1,1
22056,10118,12,2177,0.3548262993382391,815,18,5.016119988949916,43.10848980681129,0.630900220396625,0.7735788702962576,0.19169107173511934,0.33279749608261333,0,0
20236,19931,13,926,0.539860592715559,6440,122,7.301407734504959,27.10553795247631,0.4491411560497186,0.9021471747131575,0.3923880957323392,0.5760549784709875,1,1
26333,13860,15,3026,0.5300387011012753,5332,221,6.308893376627226,29.367853557144567,0.8275324879395753,0.5569591193924309,0.6920637689388083,0.3965844263539532,1,1
22451,28142,9,1758,0.9195773488005817,2711,209,12.530580798406563,17.262077606775502,0.21282248565215156,0.40141011467581716,0.6425074854394585,0.26208287512176154,1,1
25301,28279,12,3124,0.9689575540830384,819,81,15.16423135774881,1.880834456810017,0.41432643082691323,0.36745118716108716,0.3967436647349891,0.7850999624264711,1,1
27558,8338,5,1550,0.3950815910209666,5633,176,4.669435208874399,2.0158917343071696,0.5277678918108474,0.42040061465390627,0.6285016182643832,0.9427590355605538,1,1
18433,15472,8,2463,0.6516286902613226,6922,30,10.789170999932148,42.75056842460283,0.5045398920507554,0.35269178962112885,0.6125867000131615,0.5808613014635045,1,1
23525,6140,11,1923,0.7009324790590692,5027,132,7.568968142837094,5.820904619823396,0.9209724692111524,0.55924540313141,0.4632122810932859,0.8768546991307391,1,1
8089,10996,20,2153,0.4094634632510101,3215,146,9.84533493826002,47.99010047519198,0.2926681072466758,0.5415702962959668,0.1762603627455734,0.6458434864130815,1,1
26093,18489,5,1053,0.5915985338480144,1133,28,11.742504389426,8.727862741030073,0.05650372072961962,0.4206184113199476,0.2784030150078796,0.580865146341858,1,1
18361,20974,3,2168,0.5529327471314884,2205,236,16.244397008253184,32.707818865893906,0.9163772045137419,0.7667154419857907,0.13125164015393453,0.508123148040323,1,1
24369,17201,22,481,0.6930760667693359,5632,181,4.672829019150132,45.60090719250257,0.21706765713834264,0.9848200690173503,0.005720405138207419,0.30035772168933783,1,1
11041,10776,19,1813,0.7731621758284404,5320,345,2.9356086864249957,18.027596049175234,0.3790279739767074,0.9265929055005366,0.06442034507314923,0.17161698059006988,1,1
8105,7943,15,1202,0.8002304707178026,1172,239,11.848996664248315,35.518359871155496,0.5308916245180771,0.5118243837933152,0.6077005075144998,0.47598553031431656,1,1
17078,15886,17,3644,0.437523215112568,2779,323,8.003159004748337,17.49026224178975,0.9758804705482135,0.8427882451017901,0.02678892061399818,0.5771134265165286,1,1
26279,11997,23,3753,0.8702865292445577,4047,30,4.187894439334311,15.332229667787932,0.5352684416285981,0.9495924885024122,0.31988211105130004,0.5330322060890605,1,1
14090,10798,12,3907,0.7842668990660857,970,270,3.4319382613549374,10.484791881045629,0.44774330654847905,0.930073111709151,0.7886242653375622,0.6912350400976607,1,1
14082,23175,11,2856,0.9190079467179005,3731,121,10.722011483421491,39.58394062424663,0.5836384795176467,0.9161116936392245,0.6361913742481762,0.26328396603240944,1,1
25018,20741,18,2439,0.6375750780386777,3107,62,6.457764809715227,13.09719198962995,0.9708081599171378,0.8533283277936597,0.6004940840313313,0.4010725320761902,1,1
9925,11092,15,2464,0.9220894481422026,3832,274,17.957535263168637,14.308433656575307,0.8179445987564404,0.5375145447110704,0.21976701437852286,0.45323218059672643,1,1
26440,6225,23,2912,0.9040954383078883,3120,333,8.19736351895678,47.95157788334254,0.1689681363119221,0.40348036237490703,0.5133841724886866,0.2585448097415652,1,1
14917,14810,5,2321,0.6305819727099325,5197,299,5.002729044625514,16.38359046593003,0.8032600149042091,0.6622043858214113,0.3989694781475064,0.8704945816213081,1,1
27528,17914,20,3121,0.5939317217875063,1882,126,11.876009244435084,20.8704009751063,0.8410990598038884,0.38506632598805557,0.4990595210546799,0.6792847388009796,1,1
8552,5460,3,2581,0.9469996895809644,6898,163,5.530205679893364,47.532606515417235,0.6906941039584663,0.9890231581024185,0.34865289519479764,0.17808299439101272,1,1
29767,11737,8,1870,0.8077054301046,6134,182,9.652419713314158,18.357116234619035,0.6572334591672643,0.5793181971614325,0.4247704322425119,0.7058783338871107,1,1
11911,16920,10,2272,0.9440770217203684,4875,148,9.462507031396623,18.209144340085746,0.44087700084780423,0.9633375477688922,0.7907169992141453,0.5656194651174208,1,1
11389,22112,20,4286,0.8600638584933203,6760,332,8.983700890309663,39.90257991205143,0.6416953871194537,0.8447974348165861,0.26345028400637177,0.5453493967741796,1,1
21629,26110,17,2544,0.7399503611465051,1685,311,14.635413988447986,15.660727318921527,0.7375749721522578,0.6132262103621119,0.17316221878746374,0.9413179088413587,1,1
10430,13754,23,2742,0.42414577728240926,2410,93,5.0741145241920345,11.987946871193136,0.12282024807429903,0.4257193041382653,0.3587955542645784,0.6254706979992419,1,1
8458,26865,17,1013,0.536547630450623,6609,243,16.421070533662757,20.890881993240146,0.2573299601834357,0.5018035778206182,0.41945640848724236,0.8622189640468667,1,1
21395,25814,19,3845,0.9700591405429706,6941,42,14.557118303023316,33.93011762708106,0.19408187896629403,0.7807485287356175,0.0685030689949807,0.8765165990902053,1,1
8207,13833,24,522,0.5544301431770908,1415,83,6.9965190100148416,3.0324221740254718,0.8412118369060143,0.8811585301624033,0.6447776177428561,0.18620583697972265,1,1
8899,6114,22,1163,0.4096831166626373,2117,349,4.479941353622285,18.574053279272636,0.6800025915317677,0.9768419147720434,0.3376422301559141,0.10710791792263441,1,1
19653,20000,22,1725,0.8028341477883647,5977,331,6.112327904361231,17.273510391454497,0.45077853957517655,0.4345837977687709,0.33054946706482613,0.4699768729889182,1,1
24405,18360,12,2604,0.8197627229079578,2183,350,6.988498073999793,12.50646232131553,0.8260557504884681,0.44980630104635905,0.5270718757466105,0.7538922338848691,1,1
16601,23028,8,953,0.5326929409837765,2925,256,10.68939728531627,31.751504787504214,0.7167813399925107,0.3771612650816937,0.618595466678906,0.8005665620309521,1,1
8894,25797,10,1459,0.5405100667816344,925,332,2.2650747854252273,14.629533779442836,0.9135930815452968,0.5166332963214008,0.7887522158225095,0.7693699396388162,1,1
8514,20587,5,2142,0.6500915107256217,2287,153,16.586925642558874,29.516383273376142,0.07680699609791575,0.8754831608392388,0.13881575879620414,0.48019476473706946,1,1
29288,12951,14,743,0.36394492784784355,3084,20,3.128135134908331,24.703831548367468,0.5091573815412352,0.4768843883077809,0.27644454676286084,0.7374695007560454,0,0
12109,5565,5,2765,0.8551667266311447,5148,327,6.108011002650574,11.207923928817234,0.7067479035762552,0.7006334399328441,0.13460581498921115,0.7109600458472528,1,1
21258,6174,20,3157,0.5529368238554404,668,325,3.3032427262239485,13.528604680982536,0.20749318680484574,0.6357006067238526,0.7046840225818071,0.36674636332008315,1,1
23313,22465,3,1580,0.8964083852812657,1014,273,5.7351016376733925,9.018202505408503,0.32712623197136403,0.558528795097687,0.43879459092974654,0.243412476203047,1,1
23349,5630,10,3339,0.8636834698240216,3935,122,15.32161800704534,3.6615730979950185,0.41897625131982663,0.745741704610857,0.681952076564227,0.6282059096386963,1,1
15179,6161,13,4095,0.7732973011960211,6302,196,11.650400887823498,30.101857765930845,0.7943256182705891,0.6714885051713251,0.7881802328378795,0.675523433354772,1,1
18326,7321,3,3937,0.5579199149435448,5025,321,5.250833213976431,32.62106861397372,0.49357620105719513,0.5642484310301326,0.4401653446675807,0.5827750872377218,1,1
19787,28245,7,4058,0.6804425994631488,3116,292,15.88401574168907,8.801999699607485,0.4928700328477893,0.7908645664768031,0.09452145535257356,0.2812026145173895,1,1
9560,16204,6,399,0.6346907248626937,6726,355,14.711748977104998,29.923442080245444,0.4308876185521453,0.5291796422646655,0.28901417671734153,0.33517232230213745,1,1
21612,25653,6,2386,0.5668844071991515,2877,301,13.93521315830608,47.15798278270617,0.22858908929631538,0.7616373374684677,0.02895143781493106,0.7022133307404386,1,1
25650,10099,21,2610,0.892807225154034,1190,198,15.485939523364262,4.49689846207764,0.9230715356127647,0.9626373557385925,0.6794407575489982,0.9182290094316362,1,1
28022,26760,23,3037,0.6594445277297057,3704,285,11.7242197450522,24.047431007446594,0.31780112065667543,0.8165292666761705,0.014309553285520239,0.9031102613225017,1,1
27811,14360,6,1907,0.8829427825901738,3004,305,9.773716443485332,35.45279604126113,0.5674656607699006,0.6177757181672499,0.47374799210395296,0.5417094244546988,1,1
12780,13313,5,3253,0.41733982345076753,852,254,7.669927931827925,3.162432297997164,0.1487797355223065,0.8284379655696159,0.08490662872588627,0.8535755535506481,1,1
26311,16502,10,4281,0.44025586470421485,6987,235,5.192106336727024,37.57885421788794,0.43424339209904717,0.8679147627520961,0.006046273115329815,0.12503352025953324,1,1
19894,23462,23,3494,0.9754849952723051,1617,7,10.697292351173765,47.03702814336564,0.9038035161692177,0.5585378988787042,0.20492035380912377,0.8319793033580238,1,1
10356,8801,11,3392,0.7261718160678974,1905,178,16.176623704282456,5.158929586039399,0.9954652385105921,0.8012846180213047,0.44148175443004983,0.5047281999195176,1,1
12790,17130,17,3262,0.6762525910393913,4439,244,11.300699518373362,39.64480555689849,0.3617518567334671,0.6280135654869854,0.06007032976364375,0.7642982346720703,1,1
24690,17271,11,2962,0.6848198804122314,5914,108,16.673513218390507,18.79333259206843,0.1539905463143355,0.873854388340396,0.4919103063841558,0.10474547314931704,1,1
28049,19075,11,1155,0.48777201538103027,6841,293,7.389136598287199,7.773461514398554,0.3144515267303951,0.5390416609122308,0.5375937769099245,0.8382766667136532,1,1
18181,7151,20,2446,0.8099705276812628,4674,248,12.969776546703711,24.180080832228345,0.32724176838701946,0.9501661888156369,0.7757584800907616,0.6057326790237433,1,1
15057,11911,11,1686,0.4042595991870428,1177,292,12.20298029563358,4.361380581717138,0.6445087942823177,0.717863639848943,0.7196296643104982,0.30419583851438353,1,1
24082,21984,7,2016,0.7169271763859348,1050,277,12.562158427035241,25.538766183857657,0.4961567244945603,0.5761141209188577,0.45343288206306814,0.3953605962701754,1,1
8661,25559,18,4451,0.7152920298149769,1319,124,12.143193201973078,1.9097690361903314,0.7684597282656305,0.6183976119755661,0.634691846967995,0.2705661738915469,1,1
12644,15861,6,2025,0.935080591445447,713,342,5.157302136462427,35.24473775861832,0.7013032844974811,0.5725911125209808,0.2909128653175936,0.46074489416900066,1,1
23711,3666,7,2253,0.6867569984671106,2166,263,3.869249821671958,23.934575233144663,0.2513087239252463,0.4435976549485794,0.46856977285084533,0.3805051265884448,1,1
10920,19667,16,484,0.4377201254234749,5264,74,17.647366227828968,22.570164063953488,0.7842556898857781,0.39383513400798026,0.32268333594920184,0.5543277004942097,1,1
24002,8840,20,821,0.716562085918824,5584,187,2.24736962590127,10.221000205877932,0.847461866914816,0.555938364888487,0.2696334093696461,0.7925667756089885,1,1
22025,6565,19,2611,0.4084496923938127,1393,251,9.21765203596646,17.97936832235399,0.5983901897540017,0.6435618822900415,0.5821115886999548,0.9349339754038191,1,1
16946,13426,5,1548,0.4804280545919498,4754,122,8.513825232840722,9.547863323818316,0.9276677092485761,0.5815628412390521,0.23733643542939672,0.31373899461809623,1,1
20732,23977,9,1958,0.3699094938799463,4576,35,7.4403128105487575,35.56333472517974,0.7829481227345503,0.3589084823470798,0.3044418160040618,0.1905320232888989,1,1
14236,20849,17,1302,0.6785078927740789,4405,153,14.402733584015706,10.354189073352282,0.595395906873199,0.7205639974095862,0.2937372568646236,0.43631716241722274,1,1
24309,27705,20,3527,0.4041008737878863,3286,20,13.798279757156513,29.987406371430605,0.9061659973133301,0.44268254713020205,0.6963227417489848,0.2220211347283904,1,1
21518,24118,21,3438,0.6504124022600506,2748,277,16.436211238244013,14.14155255018435,0.600358480240539,0.4850433782794342,0.13632357596080089,0.809104171771701,1,1
8352,25641,4,2228,0.9470848226074522,521,356,8.025544182084216,31.878163208396376,0.5211911273373402,0.4272790619399683,0.30518063357251723,0.5259561476059093,1,1
15005,10366,11,693,0.8106473043323725,3813,106,10.808962210836086,26.40138306930309,0.3562583404111027,0.6830769472182507,0.7102958333830578,0.62696802504735,1,1
22036,18630,3,1917,0.3995434715041875,6360,76,16.22306628114499,20.90161568767784,0.8828633305944453,0.41090194714497286,0.012243540702866706,0.22802067113493468,1,1
24542,23056,5,3941,0.4934942798136596,6525,197,17.89849303711384,32.631039170292155,0.12272717087282159,0.5140686394777042,0.7582935962624908,0.7371674934610816,1,1
8956,10382,7,960,0.7811439487317979,1761,326,17.493356979028356,20.538937365586772,0.4735027142174564,0.6390935792767956,0.7191203358363869,0.9275445401447163,1,1
10071,25971,12,4464,0.9226091910554776,1672,115,13.344423875934114,39.60441832102654,0.5374133318750218,0.45733368650999756,0.3342785171272922,0.5100274637684243,1,1
16595,19149,15,619,0.3710678955289304,5380,297,3.8632547038679634,35.2911275370575,0.5547491067697768,0.6355944714891731,0.5224202243729036,0.9180887090720469,1,1
23140,18871,17,2524,0.8699687243011801,6198,351,1.8825691945849388,26.410032742114815,0.6518898304852432,0.5693504804591308,0.7928533284976036,0.12950867976515598,1,1
20803,16273,22,883,0.7095608834165176,2554,344,15.11610288064854,42.22185208154186,0.5057956242538156,0.9007821935165476,0.44395870164942147,0.13036430674220212,1,1
11453,3992,20,3900,0.6994984481896913,5852,322,15.375543404115119,39.95650560899861,0.25681814763992705,0.8587380560821052,0.0775189531564867,0.9160109741454827,1,1
14675,9858,3,881,0.9630004369621491,2392,281,13.814954986347248,25.996451547163463,0.8569443961394998,0.9854269334179402,0.6829128108243293,0.6952257578163736,1,1
8955,5121,18,3996,0.8284925520619347,3315,110,6.118737518987132,4.217041603937483,0.6575253278355283,0.6885035090978864,0.10732129164576652,0.2603862679704041,1,1
14295,15388,10,2067,0.8940760755559116,5174,41,12.05699468337569,27.60182855336447,0.8581878137103062,0.7182541398768321,0.20581732448477041,0.4092935792286838,1,1
23921,21607,18,1856,0.5765571645085867,5696,295,6.718099289952025,17.69707850933342,0.2760434909803767,0.955853342794069,0.6988122824473892,0.5315901077389469,1,1
26096,23906,16,2098,0.7047929861301823,5084,185,8.935696060665258,26.385308311775503,0.6370568949028217,0.6057390174000118,0.20482336946994906,0.6972420752334328,1,1
23282,22572,8,1298,0.7438596335537733,5521,147,7.810178902178423,31.41513164338689,0.7141737450763951,0.7056369180852431,0.5960687445221992,0.815722576148945,1,1
12703,22621,23,1057,0.5558137218319776,6730,118,16.575061432035916,31.307413017980064,0.38340516036783845,0.5926147172643031,0.3581389430070903,0.17025794400621547,1,1
14563,7136,24,582,0.7149587999663356,2287,242,5.363595957273947,32.65563004534607,0.8122441182069012,0.6993508517747794,0.6077991565058544,0.6580880049655766,1,1
20003,19727,20,430,0.5014594428670168,2490,98,11.030579925466878,32.92562537711569,0.0025087748422967238,0.40169051681122525,0.1858817960313501,0.5052047015922515,1,1
18817,15653,4,1593,0.44176042948367333,4817,264,7.456195229058676,6.136226679534696,0.5949197502142216,0.851628219739988,0.3356524199671214,0.6079789341265737,1,1
19171,18479,2,360,0.5893409659374929,2960,111,12.440673346584724,10.0104795314928,0.6135684703521305,0.9805791663545881,0.25452907087325605,0.5322518656196069,1,1
20582,24088,5,2511,0.8231453623977196,3131,248,10.815291829428338,30.635427213490495,0.5338430930386354,0.3920738575613145,0.19923523358562784,0.4830890929330369,1,1
20201,7823,19,1848,0.936359774767288,6845,339,16.745631742538016,20.184102270358725,0.6300484869194495,0.8626654273481436,0.2515438925917408,0.2746858767527588,1,1
25778,7920,9,2081,0.6429369929588689,2768,27,3.1766005030700173,36.854027329370886,0.16722685702327023,0.5047102723168215,0.2583937591187775,0.5014855255051323,0,0
20473,22585,20,337,0.7614071604962762,6800,275,5.140573855986596,6.870736266353111,0.6847814818023757,0.476430114097268,0.7643025549250619,0.26120686733550413,1,1
17461,8471,24,3931,0.4159437638240643,6344,144,14.144741403212421,10.001580737765348,0.33578896283666526,0.7937570548950121,0.42658426609128236,0.1379197639735587,1,1
29116,20272,24,2964,0.9288568054734904,2676,86,7.584982858264916,27.24783819451423,0.4520537425759178,0.37824463907621225,0.369641750662026,0.41775081730581887,1,1
28098,12533,7,773,0.713906696684758,5862,348,4.235432472773945,24.53515690559124,0.33310936399626867,0.6464731822415106,0.4026548559228152,0.12121237793707847,1,1
23596,10127,2,358,0.8494164784801005,5791,160,9.804800777548898,13.520666236904427,0.4739362034994854,0.35092445818580564,0.7969047808587351,0.5781632185686997,1,1
8529,6720,9,2936,0.858442368589692,6122,339,12.260344016587872,20.192132444742448,0.6215692265117477,0.7048121783337433,0.5228712839130029,0.16153358533915071,1,1
27342,22267,2,2914,0.5141475368755878,6099,23,2.2396407835327268,2.6441200686626947,0.8383434708955511,0.6457322673482389,0.5627893131710303,0.4719205959438476,1,1
27975,18696,20,2914,0.6886716500363836,1376,73,6.311761174562838,2.740791075735584,0.483435057640221,0.9359088682756304,0.2508974636322597,0.9331214117689434,1,1
20765,23596,12,1711,0.9647070409990255,6913,136,14.855471871984708,5.461569132768968,0.32322382760360324,0.8109740177820258,0.3772301679742956,0.1083992925260973,1,1
21910,26345,22,384,0.40736610868532974,3992,260,10.084035349068206,28.109245300426345,0.4879418789253843,0.43064395000252237,0.1472523115993077,0.41182638250785353,1,1
19561,21799,16,1833,0.7871519347389205,4758,213,2.0837570503597798,41.59467148681822,0.6888036640705155,0.5769055742412462,0.5481515645525329,0.6722734275667653,1,1
17131,28693,24,4097,0.9658490099425101,1454,14,6.152191587032564,13.230494595200028,0.3467007167257956,0.9462110525944396,0.275595620602576,0.23507936892692005,1,1
8525,22385,12,2974,0.5423693491545741,4619,144,12.045820823660453,2.5951719970007514,0.41428207472340617,0.8142138542554174,0.598630692609495,0.5766235953346006,1,1
24385,21122,20,3173,0.9013266696987828,4788,139,4.789431248037408,34.305473796458685,0.5628398170087364,0.730336073591225,0.1705290481079505,0.31946180482327924,1,1
8374,4364,22,3420,0.9475408290612938,1377,259,15.151958202620337,41.201555233238125,0.29400926382735004,0.7078058181036171,0.3228024225612032,0.28935338784659187,1,1
20197,5708,11,1390,0.8281351740126881,4985,304,12.663502466880459,7.494120907365781,0.20908465954444178,0.6047830184984815,0.3769474719691271,0.8607360181340589,1,1
12648,15982,13,3134,0.4980501198764533,3044,262,9.277754505638587,19.130141709198806,0.14039228386326197,0.7245289361081456,0.13322028301616076,0.2727884071331362,1,1
10365,20308,2,2376,0.56376046004902,5559,98,16.60779238760195,8.460631507739624,0.3526099831260743,0.8438652255152579,0.05567287555299938,0.42006895415050716,1,1
25909,3151,8,3490,0.37291794842734766,2676,245,7.964712720256918,5.9987992386401645,0.048342906438057054,0.43162411286807517,0.25365415785477774,0.24415787914337359,0,0
9646,28161,18,1508,0.8821300699170274,3100,241,5.378711274307407,31.463921308295603,0.5834825267095015,0.9706916093747998,0.4359137148209448,0.3413045787906599,1,1
8013,27428,11,3877,0.8937511593670912,3607,169,12.413149376690564,46.474214380372175,0.1759093659975245,0.5031935162169436,0.5221431588541919,0.34914067810402016,1,1
12599,20296,7,2881,0.7549345983783633,4028,329,10.95937059325745,32.87378440417582,0.3773947923300428,0.63655531611992,0.34021707458290423,0.37775707019350657,1,1
10278,5321,18,4087,0.5756178248088648,2908,152,7.031590365365215,47.28628915195806,0.26922281539837256,0.36453799977458046,0.4002220904840364,0.6449068963027164,1,1
22296,16865,19,815,0.3991590576895491,5360,222,7.1704652618456235,21.416577975303696,0.6303899663417494,0.7022213906934307,0.43455437952772913,0.7312038316448043,1,1
11155,3495,6,2512,0.831956870345542,2473,112,8.07047009246268,43.199880074885925,0.8503456614668663,0.5943947822474392,0.4095286568388615,0.5340692616015525,1,1
16321,14987,19,3274,0.8149767639103507,4448,235,6.303786363409593,10.638958559316317,0.633301042988345,0.509843758254719,0.07226284441890041,0.6189045837827514,1,1
11814,5148,18,1232,0.9340656139128967,1738,74,13.21898320495522,6.541505249507276,0.5425049286733938,0.9807355224207077,0.32400082617170184,0.791278434935823,1,1
21125,3556,23,1963,0.8175404934434318,2834,225,12.247413683344888,34.01844239288451,0.6690837393220421,0.6240103313102556,0.163465138661726,0.9496265621393561,1,1
11216,16393,17,856,0.8803647630361612,1267,78,8.77283126701548,18.45619155054388,0.029990637760199834,0.6151496727000941,0.42698877943180347,0.48803008839216455,1,1
10113,4552,9,1971,0.8274109554585597,2916,183,8.064602150357413,15.931317329113776,0.12284466096211977,0.6463860892678247,0.6064610018250058,0.8959693212537488,1,1
28740,21504,14,1292,0.7536398005198826,6088,84,7.5233459444351345,32.55018716588993,0.09492723597104424,0.4243384186023432,0.46358903944443464,0.5168145790742306,1,1
18238,6085,17,1928,0.623258492282246,5494,358,6.177227302972184,16.67374996316594,0.09819716574878401,0.6015815102815649,0.17745748117348203,0.7646997896177872,1,1
21760,22888,12,1991,0.9273550775310577,4045,163,2.9139949420914797,27.910234095680504,0.260483715196548,0.5652987258275592,0.16620550847801463,0.5872395883760607,1,1
29927,3156,7,1404,0.7666198860207807,5680,173,5.925377311121259,15.074389994281304,0.5320522603832052,0.6476796536080347,0.029598504332569144,0.8514333414515909,1,1
28939,11926,4,1570,0.6049474060581818,2809,318,6.799822253435574,37.83660664592882,0.11468157865674711,0.8982375467784205,0.3411047057224725,0.4813977213742454,1,1
20588,26889,2,3202,0.4034203489164526,5383,165,10.536786103378164,15.682252003279823,0.9351162411893893,0.47338265251782835,0.34628922892994496,0.6914427511025949,1,1
11374,10162,19,1709,0.5360511077788045,4706,36,14.26751039978782,26.14472479132235,0.8542568026544154,0.7389531684605585,0.18914907626881874,0.4963679363354597,1,1
14430,24907,6,3946,0.6979851102913055,6448,125,8.029085389761523,2.0892759337595517,0.971644353832982,0.37408773744123397,0.6114067741458084,0.8284732911361881,1,1
27850,26927,14,1630,0.5264066368103645,4736,219,17.088488946559515,38.21134681784446,0.04250004508849059,0.5527472013440133,0.30918935728275604,0.9452133772710254,1,1
27465,11055,11,2354,0.49159062266745734,1244,7,15.15127439677918,30.155875416632874,0.8514024470893163,0.6525008762193232,0.5355211184603192,0.3068177431370251,1,1
19970,7654,6,1253,0.6875318490162221,3082,232,17.749230490081796,10.035142148666097,0.8037340754414894,0.3975386565104361,0.512056265779023,0.503188118726167,1,1
8629,25634,15,2142,0.4586850213732701,4674,52,15.957350177184448,11.122548676278182,0.9021058646024604,0.6981394781590405,0.48379236511629986,0.16906817779632904,1,1
24653,14468,18,3102,0.8622624405280662,2017,171,11.675978163604757,13.337167169726635,0.5279441676598087,0.5486083974861312,0.7264529283871788,0.21984612775172074,1,1
18831,26630,2,309,0.6599956168593011,3056,337,11.374908248975862,28.09691491599141,0.7878890707756734,0.9853984086990801,0.012712092630975303,0.8897776549087361,1,1
13724,3154,3,2909,0.7172721753360961,5566,15,3.6371810914445812,26.77086765537208,0.051286879342652414,0.7538204813988296,0.054429848674754935,0.5620717100173,0,0
19083,10950,8,421,0.444325291262303,4661,242,13.419587606710866,13.8715948231688,0.07587778948398882,0.5062721254500591,0.5777125202799899,0.4358486146421525,1,1
21149,18323,11,2860,0.5577288548027951,6129,282,11.403413150279077,33.62092772291917,0.11853224094958825,0.41571087708642274,0.282820735183315,0.6707601499114202,1,1
27816,20380,21,3337,0.6124573972871379,4483,245,9.864379706033748,42.78493479888537,0.914788863298208,0.3760606587977852,0.7892179162580338,0.5761370950720951,1,1
17472,7626,8,740,0.8672562115305619,1894,196,12.939233397195261,3.0452274497163083,0.06116934938844887,0.4080948892001354,0.17313017802604974,0.3454100645221419,1,1
14276,22289,17,3049,0.8429020947751376,786,16,8.826789406826897,20.60824197766603,0.10014952669911092,0.7852380972985173,0.146735230473403,0.29262233032116913,1,1
23635,17259,6,890,0.49270558386411606,3747,57,10.143684429736721,28.895445571606064,0.930410402629527,0.8971950566363776,0.4705774596752943,0.6017037875077393,1,1
13895,17873,13,1668,0.744354612228485,4718,59,8.07281302925373,28.562454566238973,0.10739258183227818,0.4503091934150898,0.22354022311093688,0.2600256845296941,1,1
21994,16016,18,2289,0.5058120689740784,3102,313,13.336619740616381,1.9181613085070057,0.8697562987253739,0.6073660502737628,0.27239438805521704,0.2182962856563581,1,1
18552,12369,17,1661,0.982478179641757,5599,25,15.964081014040154,10.896605094884437,0.7892707880622863,0.5767106196453706,0.7368194591862748,0.37062942809700183,1,1
24959,3153,21,4073,0.9593592820037572,503,23,15.373941495687943,3.9060439016697117,0.040281988532154256,0.7624915783603665,0.02099413491818121,0.8321399036719481,0,0
14099,10853,17,2364,0.7104894211331971,6435,348,14.469416988816235,27.741358409846903,0.02184739688963,0.4669138443031485,0.4250075359337725,0.1312965247844045,1,1
17499,15379,20,2715,0.7972976460122515,911,354,1.7274971249850901,31.333324720464955,0.5343883835135932,0.9601243586864073,0.267919542415628,0.8082763155792858,1,1
27576,18792,16,3251,0.8629154446135329,4845,326,16.54602765397808,8.507881680903445,0.9971754037667673,0.8162760844100201,0.27679358076263133,0.627827760795466,1,1
11178,25865,13,3068,0.8114389888287385,4227,319,6.035449391936,16.65152260907741,0.8788301600989865,0.9612460024861729,0.1982470479106529,0.134316843923438,1,1
27118,8599,22,3716,0.7978903622927493,6106,63,16.151570058895704,16.500775938672987,0.31002543337128463,0.5275163167701545,0.10788006942253246,0.6117330789300478,1,1
14116,21100,11,1876,0.9634745650876979,2417,155,4.749973700974712,39.53070958471982,0.3863092341154034,0.7261380082294756,0.027585329380047253,0.4621164940395286,1,1
23563,17785,23,414,0.7317319080366613,1856,263,8.754154898508165,10.148992012869266,0.38790599623810107,0.8186514797506148,0.7901564049919632,0.8149584668895418,1,1
11568,14049,3,1668,0.7572337099641956,657,62,13.865080106394077,26.77076370230595,0.7341788159050148,0.8050119825713496,0.5282928200907367,0.8711189040635888,1,1
17847,3786,8,438,0.8935320002804359,2100,220,12.064602597073348,37.79796908754157,0.3411327526623835,0.3636615036341526,0.62176424532829,0.3435191870179741,1,1
22135,7368,14,3673,0.7787301554293804,3384,66,8.362711977485592,39.99017506616125,0.14779706137526072,0.9889050646335265,0.052001839439951694,0.7665445076977019,1,1
26587,27480,4,1615,0.8190768780912143,6206,150,12.697293636214592,32.328606431382454,0.7471074085835504,0.9439583825720225,0.011869930803821661,0.3633324049227986,1,1
25774,17923,16,373,0.49986795916585114,3989,243,10.557666915769552,15.077804356308496,0.4580156182451046,0.42664133201447085,0.48023094985555553,0.35129013873801485,1,1
9742,7272,2,4146,0.5876108314336453,6059,297,6.049649059486283,39.68318901695624,0.07677872368646699,0.697882735548909,0.5790651113868147,0.26374258959910357,1,1
26309,23151,4,783,0.4442728612556115,5573,186,12.164435850702807,35.88180327370595,0.7900522684920608,0.5513161314044263,0.31589301298029204,0.6767156740400551,1,1
8619,28218,11,4411,0.6736898830942755,2882,99,4.870076924684636,34.110049289975656,0.5853112639502293,0.9124921701915434,0.3102040869471421,0.32243265717275393,1,1
25658,8994,16,1849,0.6416655364353576,5857,82,12.95080669027623,4.164763747595337,0.4893693252687843,0.7964125635764187,0.30758361706204607,0.49512959071948237,1,1
25340,26600,23,1659,0.9881842011388524,652,146,1.5513294807835063,3.0334493906228284,0.6733431671472798,0.4930509803087315,0.12220467836881675,0.7903088743543591,1,1
9939,28241,7,2196,0.7411735378019472,2129,109,10.5547464770692,33.68216899197424,0.5053676828203663,0.3716711330350661,0.6031308089605885,0.7731259154512835,1,1
28337,22810,21,810,0.853324686844431,3296,265,8.117615854676327,45.40535565799474,0.6484201479884992,0.5367147536734554,0.1721541858723109,0.8271262179010813,1,1
24001,23167,16,722,0.5637693892848987,3381,99,6.5012122677321305,37.36502461896191,0.8674885453653216,0.37440785459701637,0.2595283967810329,0.23690483630859163,1,1
8968,24811,22,2732,0.8821890120593897,4302,227,10.009181459371518,40.079351625203365,0.6135143681111254,0.44043885631895185,0.5370077900524669,0.598858847939991,1,1
22846,10011,8,2206,0.7436543785521174,3305,194,12.147641936842152,26.614167199940148,0.6596004978542749,0.7571283466327752,8.376863851484729e-05,0.8776138681162929,1,1
8281,27436,22,1258,0.7960750922230007,4580,133,17.42765239252217,15.315548772139476,0.6138560694206747,0.8268544435955358,0.6130057487679835,0.13574257335673873,1,1
23360,23085,6,1124,0.5384356978876508,3970,323,15.245564083153612,32.853634148043554,0.5311797776332966,0.6495308160036859,0.7192757986134064,0.7753477570486158,1,1
14262,17086,5,364,0.7011285706851693,1555,199,13.332973070882877,34.46263114815655,0.17197241097547156,0.7341842372442423,0.04129390021061435,0.3093016320590485,1,1
9058,12261,23,3648,0.7557836629847094,3079,24,9.402954042705915,32.741824669618325,0.3356776435588654,0.44976642321024607,0.47329904516822774,0.6692055559633281,1,1
28677,21733,19,1100,0.7270205925226119,4648,303,7.9703779744618455,45.49532566580806,0.6931089673581222,0.5527489091409326,0.3267671758514723,0.7097942874247335,1,1
18724,10011,4,577,0.9357239753117226,3265,244,2.036739300668954,18.257414563434153,0.42547610670177716,0.8062456622577625,0.0627707131147778,0.8867473845469828,1,1
13178,26439,18,2017,0.9248945052752342,6350,239,7.425098900474295,2.8639043309218244,0.40612901191102324,0.5835303142944608,0.5457847898562354,0.5324795090595202,1,1
14980,4212,19,2713,0.9714297970411971,1828,89,15.498222788098174,43.69688457959824,0.7592692841305579,0.5732391830961853,0.4898548981338691,0.8209964418769615,1,1
17200,26349,19,1538,0.7771539238444731,4544,98,7.836405602608784,8.54345858614182,0.005568860623661243,0.4741552876966692,0.5141282617731345,0.1385203107096782,1,1
9229,17141,3,1786,0.9720250432804382,2892,46,9.116152484525417,33.77396195120933,0.6789944802453385,0.7306879206817544,0.6507962920296354,0.45746136321872044,1,1
28969,12344,14,3598,0.8827859200204217,3653,354,5.985267996410928,42.040608669316164,0.4892265104900153,0.8681047078522868,0.22953518048786262,0.4735910893685855,1,1
16467,9704,23,3295,0.5233325698175739,500,78,6.023190520420552,15.576645706687852,0.3767625812463521,0.6504448183076068,0.5416544571475055,0.5575367044670848,1,1
27124,18896,16,392,0.6235588285128302,666,119,2.5208840547138482,40.02951632018154,0.3405366115735896,0.4239451241414971,0.5946541556666218,0.5091394035526811,1,1
10289,26817,6,3831,0.5025711630009663,6960,194,11.627764772726714,16.606731934757875,0.17287549531516955,0.8865551564220476,0.13505197167995117,0.9227672927505116,1,1
9239,21895,4,2140,0.35268618293156173,3754,129,8.893145150248216,38.33012262710374,0.3342520827486031,0.39569414694498134,0.7656535000499534,0.16675863522086598,1,1
13370,3143,6,3827,0.4703512020140215,5560,10,11.498353323598112,4.282003559765109,0.39141847211037284,0.6519055188487684,0.2719848357505063,0.32526416263975727,0,0
24170,13681,6,1921,0.3525987752236004,2385,46,10.52363385047607,31.796420937533604,0.4374489194248349,0.5170894951406376,0.5709665811853423,0.9233344642321124,1,1
8125,10367,6,1861,0.8106966152643136,4868,62,14.680935690403384,32.825489787203416,0.6723006386775275,0.9492436200448542,0.603216101028706,0.4785071642776746,1,1
20504,6228,4,1716,0.6223419505415677,6288,14,13.8916965531393,24.09701401380495,0.45357101942300493,0.8220276466870653,0.40322473544510057,0.5854838343167773,1,1
23398,7582,4,3264,0.5500478253298293,1399,93,14.22898857677501,33.293270601547405,0.7962843042233506,0.712501749099469,0.10297384490467998,0.16887171266218892,1,1
29726,16147,21,4490,0.8375013703009202,2748,338,9.737443614537646,44.389632516030524,0.6397379973783744,0.7773634820411879,0.22053034593406134,0.3414432479680431,1,1
14638,14397,24,1430,0.8827915357565728,3763,115,7.339042297339853,35.491176773506716,0.18959707949408933,0.6909454481999939,0.18739756186298095,0.13370394386228848,1,1
14570,9031,19,1713,0.9741917047359232,3912,43,16.90170374379372,46.180913362279014,0.27717317277051345,0.44446460494042234,0.4149138639340706,0.21687911611461994,1,1
11249,7243,21,3897,0.7608886941921543,4077,171,2.39545126632314,22.084778751047374,0.07924918644138546,0.8038231551977846,0.20901509679760563,0.6383175951199735,1,1
17110,16647,5,4044,0.645378533465633,2687,15,4.0182515795288,25.829664390085984,0.9457217549233222,0.6653113294524744,0.43741638156623835,0.7490790942752746,1,1
15595,14496,2,2418,0.545369153028759,6949,114,8.423385020914555,13.39571877017222,0.8865504812292666,0.7559579336465498,0.23056540350962643,0.8395721453647969,1,1
21605,12549,17,963,0.4922836538971048,1719,20,11.630301267372184,47.323278386640816,0.08479622545093712,0.37892906494545275,0.0007833069415200456,0.3137447234642915,1,1
20115,18146,9,2934,0.48627260830886476,3632,37,1.6353061843109071,3.5914265525798017,0.57407601584746,0.440902267240482,0.2906053870260892,0.3829342653626,1,1
14294,22097,18,3074,0.6118811998206712,859,237,13.368826518633842,17.855159627990083,0.9604018188608185,0.7271971045964738,0.48548068255132215,0.5839886208245587,1,1
13757,7185,9,4269,0.9847432673842751,6950,192,10.718987956033594,14.991766744124805,0.7471427899461557,0.6440344979730876,0.6189574212298503,0.17113298394775348,1,1
20595,28933,8,3790,0.3505463663599381,2539,228,9.497595518169266,19.166050517018604,0.49181219397067266,0.49519914813033855,0.022691568783979932,0.78571052116056,1,1
9969,15486,9,1871,0.4762117742278405,6976,63,8.487668140659824,44.13273944443368,0.24110298890663484,0.5040869891414751,0.20665040054127415,0.5107982499024961,1,1
18985,10328,22,1823,0.47057150873828724,4437,55,10.071536023720304,18.297780081220196,0.2790370750812956,0.7542613200358033,0.7883696960381341,0.9206814197904427,1,1
25275,24017,13,1287,0.8089564707406671,3654,275,4.169464618948835,44.09790267690003,0.7362379546713607,0.3877388972346073,0.20945231082444,0.19971860767185345,1,1
12470,22576,17,3538,0.5755902256627595,833,47,3.2937436980702115,20.896926498170526,0.7805752732438467,0.6279253403030869,0.6217581252307478,0.21329682380061304,1,1
18225,19684,13,4145,0.6426469149387652,1230,31,6.279018399405334,41.17413215334979,0.5286933243514326,0.68478624302503,0.4074988947260355,0.3962906914995107,1,1
17556,20107,20,3993,0.4451194435007392,1997,60,13.206829067757857,25.52225462953143,0.12094870151670478,0.5472112657550938,0.0977391872442829,0.2757478694718853,1,1
17206,25078,11,398,0.6091981048812465,1917,125,11.206750083285689,15.633583641130802,0.9338683736265946,0.8751518902350952,0.5147201031960428,0.6921016264751187,1,1
17991,6010,8,2588,0.41604787961973505,4263,117,9.422029790713708,22.1194405514907,0.8447627345667349,0.3863325328440598,0.7730726818034961,0.9047888889556965,1,1
15519,8555,13,1814,0.6911477042486932,2243,320,10.930095937283346,20.94591071197556,0.14053877902742284,0.9041009825580485,0.7094632261991988,0.17641883346184944,1,1
21669,3067,21,933,0.4126805538450278,6196,119,10.727757215149163,13.215960918020892,0.05672758362885222,0.8128883154481733,0.5522342302709652,0.3059008831456005,0,0
12612,15185,6,878,0.85592536395082,5999,113,6.566191770583768,14.613020309619618,0.5358676827497336,0.635602802517246,0.40971861355496497,0.30221342582774824,1,1
20373,21890,17,4259,0.7126250992259133,4616,179,3.108023129537976,9.763334301619558,0.284142617729526,0.941659129736005,0.25546640443963853,0.5327121043678804,1,1
25582,4537,10,572,0.8133394392150508,2473,116,16.296909082940335,16.792026188757593,0.28324970941456795,0.7994325097566187,0.28557330125315156,0.4842216260389798,1,1
23552,19781,8,4254,0.6178504874577176,1378,104,11.398535833294591,30.34707275271104,0.08722159275041175,0.945869023781788,0.27696539270967024,0.7178362752919485,1,1
22646,14549,21,4227,0.5941544276750255,4772,12,13.012841994734053,19.168233929352667,0.9533858352713874,0.6524574588259623,0.7376655846149806,0.7227365377007328,1,1
13238,8680,23,752,0.41285368899127267,5982,139,9.155954202054758,34.47919091353574,0.8301664596598446,0.6399027846370471,0.16904996722274968,0.586841293937272,1,1
23577,28739,15,1475,0.6852675885074064,6665,255,13.981929569613282,47.3879739753338,0.11383459187591682,0.6896752841255543,0.3024238733471718,0.6023689203132104,1,1
23504,24209,12,713,0.6792813855085389,3384,341,11.14420485564801,18.723750735770796,0.8765987676508302,0.3918730905509137,0.3455705884990196,0.8159689314034976,1,1
11719,11747,8,1850,0.6495853084477474,3507,244,2.387718514603639,22.744043062211997,0.682956055963137,0.9314363208554471,0.32712079630021673,0.4373959720895755,1,1
8302,25432,11,2246,0.8239317533967675,3095,226,16.186601083995903,8.713177376560587,0.3254411318286087,0.7773389130507845,0.0033585982724156694,0.1104915060516659,1,1
20144,18116,10,491,0.8828028160207069,2797,149,6.541346422000133,19.434118431627855,0.8712505544151318,0.7452548338619959,0.2167788615324726,0.2810757454398439,1,1
25370,23045,5,340,0.8305053919670452,1160,8,3.7751978274520357,35.16112518716193,0.5980221877819584,0.9429366633411607,0.3988548420444949,0.130057794084991,1,1
18055,5941,17,2159,0.44207407539638005,3644,286,2.9526766271212104,11.218025587895754,0.8486698443343861,0.9859277936693674,0.6083946521149471,0.4344717893791885,1,1
12440,13849,11,1632,0.7481180859405492,3662,338,13.387265178394829,9.556540286795773,0.4692679244872524,0.45457177002142524,0.4555791883044698,0.404160281615218,1,1
29293,10067,20,3749,0.40140678764130133,5795,332,13.115478052271937,18.689619061512012,0.5006510401618275,0.829358070339215,0.30788960366769436,0.18383544435440596,1,1
11072,24475,18,435,0.7945582639619049,4721,201,13.052675059418966,39.47652582873338,0.2910100294109561,0.7211649116725671,0.5321127015189616,0.7417717522373454,1,1
21598,13151,10,2241,0.5943770217991211,4485,132,16.609920749245838,30.311887916439723,0.38769269194470823,0.645038200697779,0.532714566299928,0.5701016239047625,1,1
22287,20985,14,1865,0.4347993320104234,1769,265,7.25755986296125,46.0062307465705,0.5677520691282214,0.9756720650541731,0.1983397461990447,0.29184644984365216,1,1
21965,20864,2,688,0.9017125484647218,5206,95,10.758695429922232,43.5134004415984,0.9470592237086173,0.8941683271392724,0.08301931773812106,0.7452571644857683,1,1
27508,25614,3,1858,0.7429653369849198,1794,329,11.721677119406767,8.10344825069239,0.6001177599681348,0.7959199898198203,0.6425468066771527,0.667741513235696,1,1
17519,28678,14,2421,0.5770239794864176,1509,263,17.661450171346633,2.9999804065390876,0.14737819178039357,0.5949127470016893,0.423825903466954,0.2628558688290471,1,1
21380,22660,10,1328,0.3696653949763197,2591,98,6.653711371356765,19.757452507153445,0.006996185476486727,0.776266114658998,0.14121980955775185,0.9354550810436694,1,1
19865,18126,8,3834,0.6938785657623108,2257,261,17.279464798415017,25.53773550447606,0.85098785550868,0.6902842390780183,0.2096568526230442,0.25081215597719797,1,1
16125,18613,17,381,0.9408645622311889,2464,140,3.9541164958592927,25.231818915279582,0.36432542336615303,0.5095958078353272,0.6131395940672297,0.7559452243645409,1,1
11291,9447,20,1075,0.7316830929295141,5143,17,14.106024024459392,7.303041585239599,0.3149659396398329,0.6382440468132314,0.5226179076856445,0.9230435106435945,1,1
12033,8499,8,3338,0.9718563869564756,1691,202,11.94261735033681,6.8664193112666885,0.8007311229423819,0.48581565958509587,0.7561332512288869,0.716676853179915,1,1
13105,9273,7,3187,0.43732871569309345,1553,182,14.978784614987793,3.2024555216225727,0.9453642990898354,0.6702689876513181,0.37195793187847254,0.6659105089476548,1,1
25087,4299,19,2178,0.7137152669406956,3341,116,1.9733119650574777,40.990416524603816,0.7480450883519564,0.8109523686048771,0.041749303897906036,0.8678232297959272,1,1
16133,25202,20,2571,0.8608000307241148,6216,268,2.789162208494421,45.5439744892044,0.1738473129114323,0.3734535832442425,0.5603382939381059,0.3287623648028214,1,1
24958,9701,12,1907,0.6863460679204583,2904,83,2.649980362890907,6.437195950244669,0.39137829359104226,0.8398430139639372,0.20392860397500634,0.3355823878959455,1,1
13704,7994,13,3439,0.4082824678319824,4062,260,11.283831015705248,11.016751321808245,0.7593985524347406,0.3627961548853397,0.2590836427660638,0.64498633039873,1,1
15848,18627,11,905,0.7230470409902193,4204,78,11.448445114996376,5.223555582540786,0.9069258146705733,0.6810577298939682,0.15731860301341438,0.8498171127378156,1,1
29592,10489,14,3714,0.7415122597391819,2322,165,16.450730674357107,42.24260204361924,0.9986000639496602,0.7170250925761046,0.2471483196404175,0.6247680261090323,1,1
20975,11269,13,3965,0.8163739190242256,1771,205,9.215457989554341,46.05931047620333,0.5115609071381858,0.8371958141617861,0.6635843804907876,0.9304914428630856,1,1
14924,5831,22,2444,0.8371753697059032,2219,312,2.6228094075819053,13.304439105881833,0.8225248183419498,0.8370584469381228,0.4613706440086951,0.2894669629617398,1,1
28212,14602,11,4065,0.8432945204547886,752,37,4.957235126771504,15.26844000696262,0.046631642777384075,0.6171714853394599,0.087322994617898,0.8019976624290559,1,1
27614,22105,21,1676,0.7746044119289383,3268,77,1.633206064494408,18.04547516740816,0.28582474975496797,0.39247840697499814,0.4692829387132519,0.8881741010135061,1,1
8488,14819,19,3762,0.4881191593079412,2059,356,14.315789664618682,24.61579669089437,0.3715134033474893,0.793840097776523,0.5068506844430377,0.46295203825956055,1,1
15114,20916,5,647,0.6087108837372668,1236,297,14.95739070853278,33.075665996311564,0.9755238452818941,0.6770310447311476,0.7078589530342955,0.9176851477224803,1,1
23740,27813,6,300,0.8467231824732151,6642,202,17.966016868688243,24.706357412967336,0.003393648214860545,0.563157412264385,0.6877163548780985,0.27182547738724233,1,1
11173,24637,6,362,0.9601932693765205,5495,329,8.301208409376056,45.69707433878334,0.3080207377625931,0.5003192209619138,0.050300092991830164,0.909908843273343,1,1
9667,4996,13,2083,0.40052605749543807,2428,320,1.8184231941262765,5.694992550510437,0.9304122596129039,0.42664525639070444,0.6933584759811173,0.8673868505373329,1,1
12114,24695,4,4114,0.6927434737902047,6766,244,5.3730430445911415,38.534459076927966,0.30667823504401126,0.5388911982135074,0.04070778720749688,0.15622399133834308,1,1
11553,14619,9,525,0.5500142536475561,5913,78,11.198186316444382,16.72070526823314,0.22506676581457685,0.6434333600801876,0.12329758737011405,0.5431318668190709,1,1
15761,19661,23,1342,0.494252092362771,2690,35,17.37205895637015,18.744741340067737,0.7300885114359835,0.6556698676347215,0.08924000166074011,0.5495131937724984,1,1
9000,6089,3,1144,0.6737188374526176,1502,18,3.209046099268106,34.31498385438059,0.7453388929998653,0.7229529161054631,0.1453577924978137,0.14842741286485323,1,1
23638,3523,19,2980,0.7378971779561835,3485,209,3.505954832652256,44.68072416409581,0.4721778826475085,0.5819798843865923,0.642609595388552,0.13360148609135747,1,1
25772,23659,10,4419,0.35625422810846796,2422,320,13.079023257102559,34.661436592018106,0.9469174698654234,0.9387346363128297,0.5488954757227517,0.10433226369235978,1,1
13450,15410,14,1534,0.8493322062087623,6567,72,12.508916407855567,37.46544704283164,0.20270707954184186,0.6673565523728755,0.5495699498626585,0.5458325169060637,1,1
11712,24749,8,2284,0.8747245640060465,4252,132,5.633354862645246,36.28662438146355,0.9134158339795975,0.6211840256758115,0.7377020949431757,0.4942432633737911,1,1
9367,18732,11,1578,0.9679269277234771,6700,30,14.916889051739563,16.08599448123507,0.7555080765252957,0.3808274997449491,0.313480825951975,0.8993911645229324,1,1
16189,22506,10,1894,0.46561198926380476,4637,188,3.624849465378143,36.57573035956565,0.3682083408540474,0.7333696525650456,0.002629954489770814,0.39096036847938587,1,1
17013,11167,23,2851,0.7305136399110067,4202,141,16.774740438816536,37.87247573033068,0.8069086197233739,0.7358361190826999,0.5118147616551803,0.6594932862016479,1,1
24838,8190,16,2252,0.6230402390248925,3692,295,4.817026850484953,26.0698150705741,0.13320217641375387,0.7233053632196499,0.6944595091405191,0.10642890244451629,1,1
27156,7575,6,1995,0.5642898249954245,6443,110,2.8423141499295825,26.22754321734037,0.1309824931932273,0.9180620272692611,0.7810081444488359,0.6640076789301956,1,1
11726,10727,13,1254,0.712005408920003,4334,28,7.102114426818601,36.70687774393674,0.9299372032474059,0.8382565328571456,0.2911141842527763,0.876441020422875,1,1
12806,18378,2,3591,0.8507251796630722,4938,343,4.599381260819992,39.40045052454715,0.0947805078454117,0.9051395965391531,0.6577217507544759,0.4015527631652991,1,1
10190,4797,13,656,0.3647537814049345,4927,198,10.194530213094543,16.848185775441507,0.004079606849404671,0.38803043642235563,0.6793821714709285,0.3669485365160817,1,1
17108,5131,23,3895,0.9704160720423595,4027,173,12.83296786663348,38.67342422603866,0.389030491584902,0.5536009166430989,0.11555027286979405,0.6321253851416674,1,1
20178,26706,7,1268,0.8683242148516549,6056,40,9.600206044891806,39.26782331374432,0.10385097443212776,0.553975643964611,0.5051988442045323,0.3792692556388634,1,1
10875,17900,20,541,0.8307383703331701,840,105,12.400020974881132,12.00390512317323,0.863036493244251,0.7705088369719169,0.1385120793126954,0.44205561915503444,1,1
13592,25884,20,3746,0.8366479245955223,2888,38,7.521188487599742,34.69668502988565,0.9226935134429329,0.6371136311708865,0.357304654522955,0.33214905973379416,1,1
25824,20199,17,2444,0.5989988541559377,3987,43,1.96072285443756,9.767094326299443,0.48242636435641273,0.8475824660813067,0.703413535364545,0.39315582533709514,1,1
20592,28018,20,446,0.8310371525406808,6825,215,17.57205804971496,5.373308310442074,0.42547153301003693,0.5960355626596446,0.631573689725982,0.6774990205664585,1,1
16927,14332,4,842,0.5975329335058929,2200,234,15.020322824909924,28.0035215663607,0.5390392769440919,0.4918288494799416,0.4562715656253974,0.8840189084622571,1,1
22437,9666,24,991,0.9251723709278675,5883,283,2.7114105973963634,43.70665334281975,0.2261946248449862,0.5362086837083382,0.6469673314745059,0.5956481543585717,1,1
19530,19526,11,1325,0.4634223253161406,1733,84,8.911410536579517,2.6665741057108727,0.297965861420336,0.46678062473652115,0.12226200707521295,0.10852843158908024,1,1
15010,15479,19,4350,0.5371023514976969,3070,242,11.97781465618593,39.84557696696132,0.10097717048400479,0.476651322728256,0.15593549406930318,0.3243086775289489,1,1
19207,4410,14,4305,0.7028560273274087,6825,176,4.644805464448526,24.80414690306481,0.44645009111136336,0.48877690587561695,0.1670918332455502,0.9094027493545821,0,0
10989,15665,19,3659,0.5542950629678544,6063,330,11.036812087485728,41.46208608989781,0.6116916225336593,0.36030061536462366,0.6208108443171395,0.8737734992555876,1,1
20040,3534,4,3251,0.6215118369889749,2798,63,10.305202198941837,40.6434159530392,0.930223734391602,0.8082963422480292,0.7127724036318094,0.19830015366046932,1,1
17218,6364,24,1029,0.6651505212151005,637,26,4.936375610822629,42.13847982636557,0.7390731706267583,0.6057454990535267,0.45026905635229514,0.8721545036072286,1,1
14471,20416,4,2855,0.8980661432406455,3298,348,3.829970103077979,37.137075875913645,0.7230637335531866,0.3645096524043705,0.7663772997885403,0.9198496695830822,1,1
10863,6342,24,1450,0.6848430423095634,3430,242,14.022877778707517,40.62064066370876,0.30799896209410216,0.5868048284581378,0.5824242009643685,0.3758861113962889,1,1
18693,28986,13,2035,0.5819743031133187,4420,300,6.8226763614689565,9.273184738456571,0.8882932975100445,0.9294356013538637,0.4509470670721831,0.6958557879927774,1,1
9177,25469,21,1338,0.5085511449824741,4682,345,5.526668808397015,15.281097997122258,0.9469556966799977,0.6771963628591646,0.48927242148218336,0.5759850531865852,1,1
12760,16465,8,3212,0.6115526264270061,2333,98,13.674992821298813,12.39685002794293,0.9322629365420371,0.9815212872616643,0.679627322597134,0.386492209768162,1,1
8011,7500,9,2840,0.6800711068251968,6936,248,13.645133418379203,35.89413027521884,0.038803026524385054,0.6955740364019559,0.0721445659367153,0.23033541378074207,1,1
29636,4172,10,1542,0.8275135086100712,2639,15,6.060627329547781,8.221226610255389,0.6043506363040215,0.966191359392681,0.13441398959870784,0.4118821904896298,0,0
24353,28464,15,1072,0.42747121675029676,707,121,15.897379610655586,9.564706147756063,0.643225105725295,0.4791524664348241,0.21303598702006532,0.8886270857227355,1,1
28783,23901,6,2216,0.49182988047305654,2733,269,12.85612772369365,42.3113418739313,0.29506516021650353,0.5355582801403953,0.7158206847922418,0.7895611192373443,1,1
19556,11007,22,3712,0.5929785701559508,2350,16,7.205109594055378,34.176463066903395,0.9924121831579298,0.7979808705150473,0.7559559768965243,0.3810733510464688,1,1
19563,4641,20,2799,0.5806549792764893,2187,158,8.553579228046871,42.142858962197074,0.2911874588185589,0.9815658348796458,0.2849364387749295,0.565524049209197,1,1
22051,19855,22,3740,0.6007187760673355,2703,42,13.490709817855194,7.549697138252454,0.21661165818105577,0.8781903430524006,0.7390857808089946,0.44506742690314427,1,1
19022,22324,17,3845,0.8578536093698077,6936,135,4.991133242775618,19.75207901438121,0.4841456504431918,0.7043713770724807,0.43747824077371916,0.4963021707938894,1,1
16234,11738,13,1513,0.5574588178957908,2708,229,9.234553075841198,14.308104993586928,0.32314737977034347,0.40449767318970575,0.37861899534300747,0.7470290831046764,1,1
29829,7726,22,3231,0.6712148354577054,6104,147,12.283712647258644,1.4550110081435266,0.9240294598699442,0.5832026303998681,0.66621174234368,0.5615552708082313,1,1
24173,14789,5,718,0.7493005010290538,6122,58,10.401726042143768,14.372579140619221,0.44007673131477276,0.40531244838181796,0.43686674950867976,0.25388779390002286,1,1
21178,27054,9,4081,0.4985942721175073,1350,28,11.537417707424138,18.840412842960333,0.4101495546725834,0.5492200715945629,0.3635858390943046,0.32868028363385815,1,1
14570,14017,8,1088,0.8099650477744249,2703,125,10.512506241366864,5.334322950407458,0.6258621301085001,0.5156269444258077,0.01277080341626773,0.582624782595962,1,1
8406,23107,16,2171,0.7001512446324998,6786,123,4.787252822535332,27.624915217860533,0.08111467125112337,0.5986753898474998,0.010318129923126574,0.6888966259398196,1,1
17206,3363,7,2325,0.6359399443400819,4190,165,8.268388192048253,19.009115136213758,0.7567329468165218,0.8858570175935481,0.5020731200995691,0.5319023632751922,1,1
12431,13358,6,2746,0.8682617771125208,3855,78,10.277760675379504,3.183698127044636,0.7683988218048714,0.4462410696386433,0.05873354467753292,0.6271789524900158,1,1
29627,6309,15,860,0.5058369658785165,3109,189,14.371035248708111,34.08700664879491,0.4740258347276677,0.5458809272663088,0.5895562469890105,0.7709704088391578,1,1
14542,19929,22,2951,0.9152326211931668,6678,196,12.289419913297452,35.27615219053187,0.9556979410004283,0.5171150363658288,0.4978731706336015,0.5635831287768526,1,1
16906,6240,14,4204,0.7090711906346904,723,224,8.538750595567922,40.22015781956345,0.5793391107957477,0.539530654167621,0.3661836261697235,0.9306127325444544,1,1
12146,9665,11,839,0.7398719228029813,4274,125,17.5775972306259,23.820408193748182,0.6952364542449908,0.580799023876539,0.5678429144893493,0.30023335403231494,1,1
20046,15921,19,3436,0.9100377370681234,1911,213,3.278626107715465,46.52696347472196,0.9243449555031013,0.5063595199575286,0.7944570755755589,0.8817350128315455,1,1
20611,4936,5,3589,0.873252920223575,6315,304,4.912280331156978,43.961014793025456,0.6663453434247923,0.9532520142227988,0.19708541890601633,0.3105108255777541,1,1
21076,16968,9,2910,0.7349997240460162,4892,350,7.131658065522457,26.913526379706184,0.43182600772554713,0.618865096904099,0.4456445601178085,0.5518978899686465,1,1
24524,28538,12,2244,0.8320401304628314,822,168,5.271439270300517,21.912740760262608,0.024771175633148346,0.4230324897262516,0.6742847249657513,0.48752075518221827,1,1
12882,14197,18,3445,0.627324473749054,6473,272,11.819792947299186,1.1426181114373741,0.7282993156318094,0.6493015104174853,0.013499923631807676,0.4169507787514942,1,1
22113,14998,19,3058,0.7003217622398377,2011,7,2.152587034048212,34.41674299174399,0.9648660116010451,0.46803641719126954,0.1628066629620098,0.9183244683107006,1,1
21645,3882,22,3560,0.38972488749344714,2586,54,4.427706940511363,27.55286169033548,0.47023512353599384,0.4883236112008448,0.4167669249279118,0.3314563267360917,0,0
14012,23224,12,4407,0.40750906752002997,5100,215,6.340229421366972,45.06457483784579,0.33976863778826416,0.5324265072926929,0.44179681994600034,0.6736387386916024,1,1
25347,9923,17,2195,0.8808322586792525,6156,20,12.775205288808722,28.928909886338474,0.5192594264137784,0.4298463078566059,0.0690666112418862,0.7834582862108884,1,1
15151,28446,13,2800,0.38818985963679786,5961,172,15.951770562588612,47.6642364129583,0.7284372056846592,0.8115161168512,0.32594362053313014,0.26745581876796287,1,1
11610,23995,14,3129,0.45841544040486865,2787,287,14.675114214125397,41.12950577757465,0.0006904744820492859,0.8568457438279993,0.4158278063889449,0.9271799874447021,1,1
17884,16708,17,4173,0.8593329017282826,1186,330,4.504335398629205,45.8191029833028,0.8872117227318536,0.602342350025984,0.3383805590482758,0.5646444043499295,1,1
14894,28441,24,347,0.350733408402084,2517,302,10.82919501427764,16.40015025039683,0.8863628596783218,0.790955225237469,0.5604770046430346,0.8773170623710981,1,1
21467,8204,22,2664,0.5307387704613531,1968,189,1.9953736481873394,8.018791754061523,0.5412979336087088,0.5989307457092452,0.617091110915494,0.6642989007142645,1,1
24489,10288,2,2556,0.7237847410090379,4423,142,6.62385679332221,38.45298934837089,0.12237876617560794,0.4550094871272729,0.36820929540542163,0.6520128231602567,1,1
29923,6203,17,1053,0.7310879561403498,5335,129,14.79873261466739,37.95126383954923,0.6718057946136212,0.6041875592520181,0.34052778227049063,0.39374817585415567,1,1
17873,5244,16,3102,0.8473778612668631,1496,62,9.034984276765101,10.93810015206147,0.13784566296331335,0.7064719331082492,0.5642909366288983,0.7550016219121747,1,1
20289,3018,7,3952,0.6737928028749891,3034,70,3.9740318175512703,36.9429987443409,0.5075471514326807,0.3762363610092089,0.44424188710969803,0.12531836961989604,0,0
20208,20025,13,702,0.676017196499821,3312,344,8.736130794557159,28.35274782794609,0.093629971981117,0.768870010036717,0.6963515572911751,0.5724474098018006,1,1
18828,6083,9,2386,0.8141987683460483,6030,206,4.767543270126767,6.14768181037863,0.5890653382975013,0.8252691001630628,0.3849169211317384,0.12731820372291952,1,1
10137,24584,8,2527,0.6691196564904214,6511,13,7.987659054755387,24.58382908579981,0.31806932511798736,0.9003809649334792,0.45946198053773024,0.36084109186199886,1,1
28829,11521,3,3710,0.7394342954007147,1122,109,9.549252300339417,44.76348603941789,0.8309914147375028,0.41577315855955643,0.10304416251256665,0.1818514131797665,1,1
27914,20249,13,3290,0.9245754036832327,4324,93,7.267708856431969,24.803504635925755,0.7999461262084148,0.35005990006929427,0.6687977934759486,0.8748523740984415,1,1
9286,3773,22,1449,0.606928644871918,3283,93,16.959987682158705,38.06885250901319,0.998473875474441,0.3968904761741839,0.33783370534704216,0.634021311558026,1,1
23710,7732,15,362,0.5964800453883022,4893,348,10.781749909680302,2.3587693721719574,0.2575031747043648,0.9414347544231092,0.5752506342314574,0.6682340243430394,1,1
19371,22902,17,3453,0.3522713547934536,1575,10,15.407729120123795,35.2198264045419,0.06180109277958035,0.839955661466407,0.34358619926490475,0.8234591606474027,1,1
23945,9795,12,1308,0.7425928073735883,803,162,14.052021026417075,45.50135714846143,0.4430032651488448,0.8846788139271469,0.0008097837895404858,0.7230776039730873,1,1
15052,9984,21,2331,0.3690540207405644,5907,334,12.409244102918313,24.477805889967982,0.08340333496657082,0.6808888301862223,0.3203282002131217,0.20556623972525542,1,1
11654,5567,10,1622,0.6726550334261223,1163,107,9.698664346992606,16.87236591220256,0.17849971506576312,0.6871007197208803,0.11800175606285279,0.6249075832706239,1,1
26743,19121,11,2381,0.8647096249806251,3446,227,1.5358674323961938,31.39257372968417,0.5973001413615524,0.5410435774970781,0.3188920634413336,0.9314451208340251,1,1
23600,4674,18,1051,0.7019494851325844,5737,175,11.622215409109383,44.06427710938131,0.5921308513442985,0.8893619532596247,0.2570751521821279,0.28199850728770703,1,1
16636,13875,13,4444,0.5225671457386726,4494,37,7.373297974541212,9.308173575067118,0.04332747772969037,0.881052533173622,0.1620379029404811,0.6267568414512779,1,1
14441,14572,7,957,0.8531477897275976,2492,185,3.44307575222176,19.97362787106736,0.4429047514182787,0.6009896612621833,0.09901767773301931,0.5790721670031324,1,1
29431,3739,20,1960,0.5226188826128249,3995,188,8.836333349599283,8.345643206146535,0.5302186928672417,0.5607309251017433,0.5828489777995248,0.43289913892558873,1,1
29587,4545,12,1000,0.8191403398053752,3194,91,13.636629817674528,24.342748914334962,0.26802423781998663,0.8225588936019359,0.603888241839735,0.9114400761158349,1,1
17667,12327,10,1380,0.7405654113217479,4804,73,17.367683612528616,26.399834612436276,0.872043181875494,0.3667476085362776,0.211998004173726,0.40294032777275535,1,1
20149,8127,22,2456,0.45879762991872075,3698,30,7.672730703514353,45.37756989191803,0.1610986476464219,0.9003672950517683,0.39615217977345507,0.17962837628329417,1,1
9798,26331,7,1840,0.9292856799002789,5912,10,10.454934428632116,20.388212227078487,0.2539018050062144,0.6355987131610706,0.3712567579681849,0.918161536225011,1,1
17600,26004,17,3332,0.4784119570926052,1018,260,15.545532325499153,27.64696083636582,0.15699441503275302,0.632460317787431,0.28419805684560145,0.7198371757931167,1,1
29675,12065,21,2283,0.9833357274500287,6720,186,7.010990429175244,42.60734098054516,0.11654663387055808,0.7782098223279326,0.22210974543740392,0.3910823942754944,1,1
13495,23939,17,614,0.35467871273916207,4933,299,3.8472445420184536,16.10603500827946,0.8789791840071259,0.7632795905987402,0.148825394145355,0.33843488132625704,1,1
17900,13492,7,3381,0.5186293613714579,6409,264,6.151050215339369,32.68570184147673,0.2778591650699819,0.5202234022760747,0.6983140960549142,0.8888226649185508,1,1
21673,25029,6,2614,0.4779105902554872,2369,318,16.335526691838403,36.586606894638535,0.7225240194678563,0.9536983068890219,0.6666499901258756,0.3325174795661658,1,1
19130,28327,22,2435,0.35895578250909604,4310,308,4.129986289620323,16.534827030289442,0.4279823597252498,0.9812511867728996,0.33374352818937325,0.5565840217918561,1,1
23222,16749,5,1949,0.818715456094282,1412,320,6.932147506611904,8.72403571994029,0.6358734807339168,0.6866329691495584,0.5769610052220405,0.28271181052551625,1,1
9300,26508,3,3519,0.7937925133437416,4434,238,9.16656512325562,24.636748469406847,0.9281761961722094,0.7092837108290221,0.39866566591937497,0.945932421827905,1,1
17435,12045,7,4100,0.8571046171871555,5402,286,15.47736818760018,17.769681316265178,0.8446078670432494,0.7047634965911191,0.06830661223418266,0.7540822983309187,1,1
27481,23116,10,2778,0.5142870697373217,3688,211,16.972269180274083,13.523734294234057,0.06898639242023785,0.6609039412340869,0.6579124067544408,0.5824896991306541,1,1
12616,21667,18,4367,0.6343745069331008,1815,81,8.525870108948705,46.750801602622936,0.8452025352792177,0.9549197143538083,0.17541723521127883,0.7339524818053894,1,1
24393,12521,15,2075,0.7718326538377904,5890,172,16.87724179783301,24.60119187897206,0.4518235152806971,0.5066415673455438,0.5654540085825146,0.878912771610698,1,1
18617,11669,8,2266,0.6314518424884119,3728,346,4.16407506515295,41.25445161064091,0.3501457268798853,0.419093232803449,0.4219183719321327,0.9186555652575006,1,1
13752,14283,23,2067,0.796288493003466,1071,60,4.088062816290112,10.179918295537881,0.6723879254616284,0.944910261967892,0.5524319758516001,0.7681160517616397,1,1
17852,9998,20,4115,0.755742981401883,3755,299,17.162638523974167,45.15380995025914,0.950207873099248,0.4863445210951377,0.3769624445791701,0.8217060730832424,1,1
14295,16440,2,541,0.4233745939341929,2971,85,9.909722203217465,38.33827742474402,0.09413549758813744,0.829459426266935,0.5620489187815894,0.43812483589843754,1,1
29199,15697,21,3249,0.8498675974892596,6275,171,4.567479283340241,39.00853134088969,0.7680770302502391,0.4804789179085537,0.02625004235606898,0.4330495458970214,1,1
25456,16733,16,2556,0.8112328698192117,5635,180,9.55184111449677,19.318949134208644,0.20350803075795543,0.9645190499983096,0.032682351280729625,0.7870521548321383,1,1
11225,24797,19,4411,0.7697340080751394,5521,285,14.422984063754349,23.824938674651253,0.3801361228269988,0.856317933015878,0.7170719721724078,0.7456813680336157,1,1
9316,4269,4,3668,0.44925990801344146,6380,153,15.14418603443814,28.887653317237966,0.8738230162632499,0.9379796301535096,0.5997552127772457,0.8658344480779047,1,1
20337,10868,19,666,0.5215177272290328,597,260,15.755492734712497,38.118980201638045,0.5457991840123394,0.9586302848714617,0.6627740159063217,0.21305824003881133,1,1
14807,15373,3,3127,0.6016333002160643,4533,285,10.897919900942405,40.905667346840566,0.06745664795042627,0.40403160593215987,0.3652683095370513,0.6871911508883696,1,1
11683,21987,11,1552,0.5291549578601238,2139,349,15.804609237070025,4.668129539540918,0.5080485501367383,0.6273688677279663,0.36771748950630195,0.6505009987370668,1,1
15227,8961,12,2787,0.4957985860327241,6943,282,9.915498445253702,43.4909322140592,0.7896419016414242,0.764784215698118,0.42720322844085845,0.7787418643005034,1,1
11273,18734,4,3903,0.8654289089035364,5342,283,11.516488389452777,45.062342667700264,0.5288805877655933,0.8635719066407878,0.19492963740788039,0.12086952717053531,1,1
8145,12661,8,3821,0.7584686376705295,6041,210,14.018876737482147,28.86570800476892,0.16688923897905228,0.5045419164252175,0.5868019987908489,0.8023145788158895,1,1
13010,11569,9,1943,0.7119021641921601,5926,34,8.519682329723391,9.777278822980579,0.4450410750575319,0.9353471100091445,0.6635635227204485,0.3774626552867665,1,1
24035,10557,20,1512,0.49460973494608246,4527,222,2.7140945377897836,39.465497137064006,0.9243453680396493,0.4914248506228061,0.7257792741243169,0.6840538113670611,1,1
11040,21064,19,319,0.9375689998519304,6917,235,7.27774488815201,26.78361788383115,0.658203990094113,0.9043528969860395,0.4136270787003989,0.6240756358370529,1,1
17654,11433,14,975,0.4723571450222824,760,166,11.795079577133345,39.408233324669844,0.7298865065085893,0.6781360509850816,0.3316612045818735,0.47416857270509327,1,1
24866,18653,14,908,0.8587685970077933,5858,221,4.673484099051368,39.295981949697875,0.7859365074494503,0.6798701899969214,0.6647465954759698,0.734123403808083,1,1
27563,12111,20,361,0.9686705066913875,1435,232,3.948358497744061,5.0762778372322455,0.09069342419333482,0.5893635939084744,0.6021326240514998,0.9170360908531839,1,1
25633,8682,24,1565,0.815339346703511,2297,337,6.335828985758721,29.53000713342121,0.5815365592699638,0.41624334810796193,0.6938185757673542,0.37495373293360035,1,1
25014,18479,13,2585,0.985429616118163,831,225,2.0298391275840526,23.7077820656299,0.3759151931853081,0.5721376403965044,0.524584845961927,0.7361705006937891,1,1
22996,18047,18,1454,0.7666727148658858,4710,238,13.766477818434176,45.46761508997733,0.13915916367209713,0.6231114975887827,0.7066506427782934,0.3673564881169882,1,1
24336,11084,23,1928,0.4891746199064928,767,77,5.76880743610759,14.942140720493628,0.20270955830402382,0.6565734761939013,0.07123333283625702,0.81880516926867,1,1
16853,24751,13,1926,0.4804444759785672,2559,99,3.549933544503892,10.682004990973475,0.7811604737247344,0.8230209858624854,0.5436492621483967,0.47168219100601283,1,1
19695,19453,14,4016,0.5577211419235049,572,99,13.03563536339668,43.16308223290027,0.16148910528977278,0.5753248706976375,0.07103607078977747,0.4818758739520237,1,1
10852,23308,13,1742,0.3545632129414439,5611,247,15.40831220696425,7.989631738304922,0.3124186072217193,0.6102194306009513,0.5991261146348117,0.7560984939660123,1,1
24014,9200,20,1953,0.7862870208530142,3421,297,1.8279473317193444,33.266414560049704,0.2848733382630815,0.9299031054861564,0.5027550961063519,0.5217442445555175,1,1
8987,13278,15,2802,0.5219473821618097,2953,267,5.35439621723021,15.100931250565111,0.048630363914567654,0.8316430685655012,0.012793617265261226,0.32664792524976116,1,1
15622,5007,8,3569,0.8717172686673618,4388,128,17.096333360348126,27.68875050838145,0.46215844923935856,0.36462769248242655,0.4794087888587557,0.946206393619011,1,1
17160,28376,14,581,0.5798704963579522,677,292,7.856693242890792,29.96231334353927,0.7659298421692087,0.8697368049427441,0.11702384684693908,0.6271915839777706,1,1
25484,18802,7,1324,0.6571721558165201,2499,271,16.986769045801864,20.61635625202444,0.02215263274889967,0.98356411158423,0.11392913582325584,0.6483771232359943,1,1
14652,16329,20,3703,0.9680409065986363,1271,113,6.024506883116177,46.8233540711435,0.11255145047989612,0.9514513544754061,0.12037040932529425,0.649594630162094,1,1
15421,27503,20,1535,0.5049901587502573,1445,352,5.098115986936878,7.196158899994019,0.7201866795975679,0.8850117756774974,0.38705888179747394,0.8508552061740047,1,1
29400,5779,5,4482,0.8116026223550333,4995,52,5.032788793511932,19.39575718472758,0.5935809906729136,0.7526711982958509,0.09241620322550004,0.2562912048040329,0,0
8769,24304,20,1085,0.8332753851554671,769,305,2.9062728970114815,21.228580363092842,0.715247614048682,0.5280429581857671,0.10052459876218221,0.1502787793983562,1,1
25727,3755,10,3617,0.49143882081512646,2355,99,16.291132760400572,30.659206602820532,0.23010395487713853,0.7688355912832616,0.2049343889071012,0.4286954350682164,0,0
22114,9495,17,1967,0.6706379754318053,2155,37,17.667277873442867,20.141208635142398,0.8037687832974049,0.7951791813605532,0.0006865790622081925,0.5801694034321979,1,1
12358,13187,5,3308,0.5741292322002998,4252,122,17.249395319982025,5.560692534491672,0.4798710601102767,0.5301972230596291,0.220631813565893,0.3428531779999484,1,1
19543,25319,7,3494,0.844019995776057,3033,136,15.558464307150022,45.52920991449883,0.6103019741788571,0.5134109596214014,0.49472621344162626,0.6858259538175283,1,1
26733,12513,9,4075,0.748389324178584,4654,255,15.47365047624109,20.555716837018227,0.09215341720083625,0.6040312698190531,0.48125644847629245,0.16282858209669043,1,1
13699,21714,17,2746,0.6546291551107501,3189,307,12.407910208288296,17.10566517920241,0.2050315833598213,0.7603340601814624,0.775626918531717,0.7721030504209558,1,1
25625,25089,6,4090,0.8487924896305397,5482,126,15.132526247185124,21.99593983617822,0.7733578816103082,0.5375598523407192,0.09570406318382192,0.7103731167441476,1,1
9125,27685,22,833,0.5004995648053869,4861,222,4.937649011660288,11.179997060059355,0.2239084411887785,0.7056265741942616,0.6924570651724634,0.2818530690980341,1,1
18793,20400,23,701,0.8323180035739899,2622,57,7.900558401387621,5.710419179426592,0.09252982752145866,0.925511937186677,0.3129518079172708,0.3536861028152172,1,1
14764,10347,11,3963,0.9038395597394075,6618,130,12.07379883936334,7.983188518116541,0.5972032822521003,0.5388642079227197,0.30962903036931655,0.7859517381127594,1,1
29485,17249,24,429,0.9123178219568464,3661,163,15.93372698726634,8.8327768691673,0.5479365161617328,0.9682231911216075,0.2790487068994749,0.7573371665653916,1,1
20323,17879,14,2639,0.8515510995325465,1004,163,12.397746129084931,10.29065159614707,0.607893928983293,0.6529427063508579,0.09978922515436679,0.7917012337338374,1,1
21031,17057,15,3259,0.611129066878892,2904,287,15.343862312514398,20.738129974631036,0.6183054963630913,0.4145813360933721,0.38280402967915794,0.3739064181580408,1,1
22052,15057,8,2158,0.9783571345394092,2701,93,9.320167011513409,30.32326564507522,0.5001973458645037,0.3852252119869271,0.6299023754776112,0.9241355059523287,1,1
20640,27600,21,3273,0.5929399320463615,6519,180,13.335511672133231,30.55772838725643,0.49377392056865577,0.5667516891515616,0.7003459257181585,0.7080374949678755,1,1
15843,7938,7,4450,0.7587202554255524,3789,296,17.66968330518893,1.0045857694105624,0.9241655652894625,0.5156057323071186,0.7702874065018903,0.15542066928724152,1,1
22210,22222,8,3949,0.4530874739644599,5081,163,4.032561192641003,44.285010344224794,0.5338817248797403,0.8899765294100814,0.6282339885603619,0.5060746259093024,1,1
24456,3737,6,3086,0.9774872951272914,6159,253,16.794191423212183,39.673817485019114,0.6173002024138587,0.8220885897068522,0.49847336452381513,0.6648649886517121,1,1
29856,9200,22,3397,0.8005509899933845,1653,126,10.119005139391396,46.30508785349387,0.2669693919387446,0.9161096235968373,0.3980270237647977,0.2433526634949716,1,1
18106,11371,19,3812,0.8321616289576758,4661,241,12.113097507045957,17.919358202319064,0.8710932008021911,0.7271222388555966,0.6999178012811167,0.8665035876608648,1,1
13189,19615,24,1520,0.39209709018313255,2927,129,15.98483861402346,32.24556600440166,0.024368092659163176,0.6286926384579203,0.5916108854865283,0.7409923959778683,1,1
10472,21301,13,941,0.83858740110123,1836,319,8.25929384711323,8.896975215036564,0.5572267622977745,0.5231634739748717,0.12900654077721133,0.1692170025731936,1,1
25091,11534,7,3614,0.8458229947011848,906,283,8.408427485685834,39.40055227935579,0.38385029519810865,0.7231896540308798,0.5460403942369653,0.8762183920089868,1,1
26188,25302,2,1023,0.7799345448718271,3978,359,10.198500299727156,8.584282978855336,0.6039041955604769,0.745535858071138,0.3448308783440095,0.4437142280930384,1,1
14704,5623,5,1037,0.5368221528258199,4544,328,1.8151843941980346,16.32132793796423,0.3601720497713802,0.6014864407947946,0.4766397419374518,0.4845990559331256,1,1
11713,11646,20,1599,0.6634016269829641,776,96,9.694991985565288,24.069238229508215,0.7176879117176469,0.9494210699695296,0.7186824670539433,0.7656419363626861,1,1
13051,16543,13,3780,0.4206779976375785,3980,109,6.3029398724048,28.942988436079272,0.020331442973430813,0.7595709365436901,0.5220564389871233,0.6473980308901601,1,1
18756,25785,16,639,0.6518157225338577,2861,46,16.811244009464392,27.302752141476383,0.40588943876914296,0.8859879683849811,0.7509794281410241,0.4718993909587139,1,1
10475,15817,4,452,0.5060472656642591,3096,133,2.947632429425017,5.798512550369872,0.8312635997424137,0.7470500783161318,0.6930957402112607,0.32068095900645743,1,1
11610,26456,24,1721,0.5734220713562125,5868,57,9.078787623326729,20.818772134600998,0.25020071777943587,0.5525835426122911,0.10312100093075821,0.539361372174351,1,1
12255,21660,21,3351,0.4540642613783671,2468,172,17.133224811226455,44.37673541767366,0.052750878380322,0.821436261042368,0.009321531023163132,0.5923027852733334,1,1
22484,26777,9,726,0.49723479535801407,960,94,16.36708163025488,42.00132080433703,0.49652407456516856,0.4973628997655455,0.3075291269191051,0.6362924955217121,1,1
9735,28171,12,3858,0.3990039307648744,2946,251,13.072249299180077,28.76682559296807,0.97653346052679,0.7318299935991094,0.6922639906869674,0.6143037621477422,1,1
16258,23258,17,1435,0.9387368745196296,4239,178,11.224457357935233,27.899255046319265,0.06415856153513666,0.6075144595324171,0.18410079416813502,0.6247079718575435,1,1
15979,23914,10,2672,0.6894628403042582,6263,91,6.132060462691863,6.248733584518519,0.07005649274979331,0.4459263160347969,0.5531199375195968,0.5043769557164504,1,1
10428,26548,4,3629,0.6039148616081533,2082,154,7.5547923604155045,10.41219425858426,0.5951165649466782,0.6144739683378514,0.38079629537840853,0.5776046631493329,1,1
20345,7497,6,1249,0.6924186961720217,5551,253,2.9872252684430993,12.874067902392515,0.2500677128781291,0.5485797308506173,0.5968622083432534,0.34534245699134125,1,1
15426,10933,21,1673,0.7521076662281937,4017,119,14.47078691301092,23.945199240618866,0.41023123363722536,0.42182213229338966,0.13198150318236576,0.23461867799177336,1,1
16533,21519,15,1256,0.9400024277563834,5302,184,6.8438511704128935,35.37373426049878,0.8305071529993908,0.8772500663423095,0.1912728311867106,0.6158953329745626,1,1
13249,9727,16,2001,0.4643634894632405,4698,124,12.51840133399842,22.654091713400135,0.19884868418251644,0.669092836118133,0.1940195755973334,0.1399488880954233,1,1
29675,15156,7,3241,0.5391535991265393,2875,32,7.400313823777122,6.924868966357694,0.719299936981433,0.5716680142537091,0.4387726508065686,0.15542591902075356,1,1
27201,20949,5,2782,0.9745051752602334,6889,313,9.161452283038333,21.649397219534883,0.5044855132675563,0.6731771198098886,0.23169956624402152,0.3102185967597715,1,1
28258,19692,9,1603,0.5875635114550556,6748,121,10.657540794210517,8.643762926197754,0.9049576924142717,0.8329331952054122,0.6493778982677507,0.2651779606616656,1,1
17686,27918,20,670,0.36443945648468967,3239,195,14.73056473844496,36.30392552956557,0.9729620002935639,0.3617090516603197,0.2774353752833356,0.41799616172509724,1,1
22109,11627,6,3280,0.44449183528778163,1471,149,4.9840802294212265,8.825540439015214,0.48496078565339584,0.6999211267671175,0.52868091903231,0.41559549086127623,1,1
28595,11368,14,2596,0.3668567691190733,1825,324,8.079628882692631,23.679097508589464,0.5846470591154669,0.6566565013017394,0.7588015088774442,0.1993271373868898,1,1
8661,19522,17,2425,0.9835508111492662,652,266,3.64634593621499,33.59043932507137,0.7458425407375533,0.9215649225696471,0.48553897414465663,0.30952755808333543,1,1
20075,19577,2,3266,0.5284773433543828,4108,146,2.7500483312007784,11.725309005424803,0.31867414187200505,0.7058218616242009,0.19372281777107425,0.10388379417639168,1,1
22788,22641,14,4445,0.9410673644391846,4460,118,11.477126876785066,4.5734150589543425,0.22674035052324681,0.43788661922500305,0.6643653385083819,0.3983192387086911,1,1
18060,18577,23,3042,0.9873672164862181,3606,277,4.6200022319218945,27.47507537551319,0.9646851724430052,0.5987572577824898,0.010034016557467142,0.7769699009287078,1,1
23836,22619,12,4321,0.7338983815315931,5552,42,2.4866891417806305,3.547525184706448,0.43261539121957815,0.7474843981136547,0.20522972914483378,0.3262359902205545,1,1
18526,16472,22,2664,0.3712456416419595,3586,201,16.30211586490569,28.625126219503898,0.0015908265157736912,0.3793976365157023,0.3099923908382272,0.6468459241386024,1,1
11374,3942,9,1062,0.40221864344763325,5725,17,10.316187926459031,36.41443126655147,0.8377182985250835,0.9161754223344725,0.15678308909429575,0.18351690195623593,0,0
8207,7620,9,4362,0.6582169952690418,1229,116,3.7213654221492467,16.477851608598407,0.5996641612910857,0.3933806980562907,0.48321447403120876,0.11044197099681133,1,1
10665,25104,15,1304,0.6099500882633511,4467,141,2.38153110288457,23.95242222679253,0.16855856272030412,0.36957832182167905,0.4464004935522014,0.5236370437394228,1,1
26877,19195,14,4055,0.7379534757003312,4669,176,3.4776908813253264,44.65180639657249,0.030139693177078986,0.3512899674241409,0.3251972547510157,0.49226146473776833,1,1
8632,14154,4,3146,0.6308625982152729,5451,131,9.277064465290131,23.142116616250963,0.2914824310417311,0.787596474645027,0.23550355732351608,0.26279131865148403,1,1
11083,9353,5,649,0.94780918353375,4502,337,12.529676710286813,47.83804088548928,0.9278870954736647,0.6417888558225076,0.34712579468961763,0.3435972129128245,1,1
21711,24341,21,3264,0.692233417864647,2832,23,12.081121237269752,8.379113333810626,0.9334911700356123,0.4158033243066245,0.2329618053701883,0.1260706958899258,1,1
18123,12145,16,986,0.7939846793359631,2073,212,3.8829809233642254,34.31989341671459,0.31100348630211816,0.897973454499559,0.1770068066226818,0.7781298951055526,1,1
28103,12494,16,3426,0.9237505744911978,3768,162,11.952567705322195,31.673074115270936,0.8359309928207167,0.47974097541914007,0.28101610584747716,0.35609029188734254,1,1
15123,16562,22,3055,0.44399800053325267,4875,164,8.18028279959039,41.99832623573737,0.4418453232570957,0.5588474617414843,0.4818684655606319,0.2865379565131453,1,1
18754,22765,14,3824,0.4970301786358583,5382,338,9.168272440941173,5.344830963555414,0.6543447491365945,0.4637417432628973,0.5187126853752505,0.783959045907452,1,1
9679,25223,10,3924,0.4186839427033696,1185,244,14.723601703047732,14.169709800585386,0.33444387587109004,0.9431240305424684,0.23787772885090075,0.13338264480839163,1,1
23901,5880,11,3032,0.4393685755071438,4388,83,6.986239649214033,7.212423610735756,0.515972596270985,0.8351627412301029,0.7579184290636647,0.3418469445169504,1,1
8236,24271,13,1993,0.6780537388379092,2079,336,3.925484278195337,44.85547074678031,0.2937794465503265,0.8133301738523344,0.20956738393408314,0.3233395926480719,1,1
15446,3545,15,3192,0.555554725739177,1468,335,15.911976703844617,21.051860258327086,0.061114362356462726,0.3781574592465876,0.5697056881426373,0.3235267223107212,1,1
12443,17132,2,4111,0.6208306172971232,4237,201,5.000154501794577,43.773094740148245,0.13937818619153886,0.684529090713194,0.06518404551839999,0.10977139527938097,1,1
23463,16304,15,4480,0.9787934923481996,6934,124,6.351492864151604,14.837128734864665,0.29067449447323723,0.7182895595166339,0.5318756368787042,0.8944709611393863,1,1
16555,4927,15,984,0.4502907825894068,2533,252,13.15873597189327,6.939300763997639,0.9762537839761299,0.5948133376529168,0.3679589989271082,0.8345234191563262,1,1
26752,23536,9,3219,0.6961197253107684,5761,143,12.77858023145052,14.93725183034277,0.9656721502499916,0.5559240001904944,0.4552862757147163,0.4523190983551896,1,1
24669,19388,17,4056,0.4132775392343366,1267,230,14.706600351183173,29.0671948884183,0.8276633424845311,0.8952434305400235,0.14725812761109233,0.47861969501299295,1,1
8148,14673,15,3583,0.5538376404888823,6955,87,4.533799583891028,40.72593181387577,0.2325060510960869,0.36473061846690047,0.34685117486370487,0.5455311083808784,1,1
21395,24917,2,4326,0.6876165911517431,1145,30,7.312618239684355,19.11336258157485,0.44160214054182256,0.7502271028973229,0.6130222852457229,0.5065684917666035,1,1
28421,18372,17,1456,0.9558443174178162,4621,132,3.5770734427783077,43.996006984913755,0.4397828384907043,0.6023180249329706,0.6136678662412662,0.7622636376326585,1,1
12895,28938,19,3361,0.6003860616214292,6530,227,10.42714592828197,12.47890680486265,0.38697324481818385,0.7762084359317059,0.19004476898527686,0.5151569393693081,1,1
29664,24762,8,2629,0.3915402855773887,6898,343,6.3274147768885705,33.59641230327704,0.04488030508974561,0.4766672293088235,0.28207942009042325,0.26050096994221095,1,1
25396,25617,16,1592,0.5984233266946029,6354,48,12.867438076641285,35.5785274726668,0.5345273742243177,0.5027419869623602,0.003050844313681189,0.19942610377358377,1,1
19023,5663,18,2184,0.4432743525593457,1579,88,1.5056820717449277,13.876257208538952,0.07281199212486089,0.7255864362731526,0.07196973947054079,0.8805307183432043,0,0
18699,18033,20,1860,0.49719335250652497,6936,29,2.4847694745830577,2.2675842801247894,0.8019186807179438,0.9771606696229128,0.10138428211900391,0.14112526031062084,1,1
17715,12465,24,1283,0.7455779988255938,1136,224,8.637244958569166,18.166155076385504,0.6913071428447816,0.973797493111243,0.23492106071672003,0.8629264619284546,1,1
27169,6326,14,2367,0.39315127437035624,4825,297,17.31003857359688,3.124218923388396,0.3527370066435347,0.5093478296388388,0.6072123893939736,0.6869073133424495,1,1
28109,6659,10,2163,0.6474232040000238,2600,208,16.199047891426517,43.335427443902354,0.6471363822124632,0.41550465940845477,0.40820010572478954,0.44399898320092734,1,1
24163,20515,16,2279,0.7400554150468892,600,197,17.901148963022724,45.81568735790072,0.2330370065590981,0.727819672275198,0.6340865092417995,0.25910168137662043,1,1
28960,7763,4,2036,0.619989371115198,6086,6,8.377698710256741,35.56285604946202,0.2652500649566324,0.6187888691671222,0.6039245660776347,0.3639098796449689,0,0
13782,26121,2,2752,0.3622408643991874,4417,206,2.2683800235169005,35.15417550975019,0.3141335169254049,0.8374794963012777,0.4697105676061404,0.5503926439387253,1,1
26792,13828,17,2218,0.9807323884178338,5399,358,6.54827634332608,12.321955462351339,0.7970115999353298,0.6879095841782394,0.39988816095686275,0.6583233021352956,1,1
24724,17820,9,1000,0.5849540910979426,1368,36,12.6502190608702,4.474502098229977,0.21069134684608448,0.6767755558372103,0.745056689239424,0.6877515612140682,1,1
10817,14221,24,4346,0.8482893996372909,6910,93,3.730202861162352,38.69891788546308,0.5627812274860385,0.7637343156613241,0.45541617809153206,0.48019965497037265,1,1
23096,14211,14,2373,0.55841375499997,6414,206,6.449540949540017,27.280610783008274,0.20046711442148502,0.43090780470334983,0.3862591876925676,0.4178779793873394,1,1
26880,16569,9,4053,0.654010724475788,4597,182,2.426741714990168,33.036493946997226,0.2850374250624149,0.7833835069866033,0.6952966476318689,0.753069867345012,1,1
13299,8092,18,694,0.5986167312710378,521,197,9.336956133438864,37.64313020005281,0.23548129298649134,0.6626526084194903,0.057150971801844634,0.8866014216986523,1,1
17917,9022,23,2256,0.5692251068861489,3125,164,4.94719118196895,20.243410640756636,0.6450046710732859,0.8748941220060431,0.5248210556143234,0.8772952590574601,1,1
26073,15569,24,3348,0.36398488141297836,6855,297,3.005592443833539,7.793689728980932,0.5267289444557803,0.4387723735710838,0.0904218001277915,0.5688776555156936,1,1
11267,22543,15,3752,0.5804134002268823,2403,208,8.285060856460905,38.36672957005609,0.7212991459055533,0.5424781114344985,0.6558573023088837,0.16716726994771225,1,1
12406,16515,22,822,0.9192735938556992,3076,245,7.295219172173557,22.32698504373515,0.21994343733298582,0.9581576793699356,0.6341329480397111,0.16229633984895217,1,1
25826,9159,22,1862,0.7918517366999576,4609,119,10.369042659600623,39.865438850228834,0.009148535726037244,0.7039666427456137,0.4028800274025972,0.44234234052566423,1,1
18382,26702,8,3209,0.4430706298210815,5114,214,13.859137812675046,21.5718598977206,0.6805095671303348,0.9447526398425535,0.5288353200687943,0.7229254876587151,1,1
12437,16223,16,3149,0.728339202958553,3793,226,3.357384151037336,11.199771197493385,0.11485395849507596,0.7909824659916025,0.6180973530433318,0.522742429591988,1,1
13435,11445,17,849,0.9210277503672778,2435,186,14.55357223846514,9.03723578272777,0.24630522442395608,0.9429160735584805,0.38664309601309343,0.6332579585430929,1,1
12107,24691,20,1768,0.7980217862175074,1115,263,1.933784667940472,35.964322558280884,0.30568615246122266,0.5534088219907072,0.7247663310314618,0.8168212052104898,1,1
8560,27904,7,1132,0.4451580111082859,5557,44,8.811181391181488,28.019788771317845,0.746802092290868,0.4079416053562606,0.3496240074069034,0.13428524613381673,1,1
20329,14022,24,1721,0.9054127979100779,2950,334,11.192599733617053,20.016336321840264,0.6258918106574272,0.8634347295347833,0.7136180121381558,0.8852440959169124,1,1
29932,6044,2,585,0.5429881685048739,4084,326,17.29047810680666,24.129487540992603,0.18426543652582883,0.8648600015758954,0.4661952390787283,0.38126278181663364,1,1
9826,12612,13,3045,0.6406087323598988,786,64,10.96972994334922,26.833014448467374,0.5978878106197417,0.7460491485710812,0.3409946111516325,0.13976925385834923,1,1
19421,8636,19,4065,0.6867313662010537,3818,15,4.119361688977912,12.252572765812413,0.7081479951106119,0.7209249300235725,0.003278027450082011,0.8101142557228126,1,1
20265,14593,17,1745,0.8943242268020449,2423,124,10.039439788174501,18.77378224579139,0.3888972027901715,0.9355412292328219,0.23644473644517996,0.8940309220636069,1,1
15629,19179,13,1766,0.9462287968945031,5710,46,8.030435128658368,14.743338860157547,0.24595291402785202,0.4629590188937798,0.6943371938733267,0.7533287100906649,1,1
16325,5892,21,2076,0.9449778417859559,5421,194,9.40936686540402,19.25592079704448,0.6789827729147893,0.7445843016772908,0.3429702312509562,0.7838381267459164,1,1
27522,24672,14,3955,0.355090676018266,6955,127,4.75210074187494,24.526424035341527,0.6108912001414972,0.38185319092621484,0.33717482173922975,0.840612100553231,1,1
15693,8812,9,1214,0.9400086307746927,3273,193,9.763646198135985,9.147804335555197,0.07791215847082011,0.4401535595248826,0.39152854485368344,0.5440090017083364,1,1
16264,3654,23,587,0.38480765824100627,2590,256,3.975656110799468,19.495207944497736,0.6666796402337543,0.6298543030037117,0.2290432252180623,0.6783934478694013,1,1
20686,24865,2,4490,0.5200951403631586,5693,96,13.776710831399352,19.118238835425405,0.48851793283529865,0.8755727164085861,0.3932410158059761,0.3434838446291672,1,1
21716,20143,22,2388,0.679592227025813,3301,217,11.299453293722365,14.442179391586349,0.7533689569777274,0.8192049220800379,0.30061049315206145,0.3122454376914255,1,1
14721,26166,8,2104,0.6571524409628122,1492,322,2.7957069112644244,47.92932726571525,0.1907175418798268,0.9734012102694364,0.7275540243460106,0.6176012496404957,1,1
28609,4798,16,1478,0.7370142680879308,2084,206,16.178638720828168,4.460492922731695,0.2582164179013764,0.3787031350207355,0.45117341695724333,0.7244166013864632,1,1
27362,8159,23,2851,0.6568455863916838,2403,272,11.670263476158032,31.21870354642958,0.5433127390975212,0.5940654200487904,0.6673207753139399,0.437569474106398,1,1
15373,14618,14,1888,0.9480004349698693,1375,159,6.715766409609219,9.198614507212474,0.48173352789219914,0.45162611300810296,0.5494992764610725,0.44024741836631687,1,1
13907,11446,14,2256,0.5039512628573357,5329,199,2.25309959220062,40.45762749640357,0.3863653710564966,0.3736552217916811,0.17008238724487834,0.9110985327658301,1,1
24127,24646,10,2075,0.5253758041846309,2385,32,11.931740480231944,43.96723719243714,0.7460333144297888,0.5192144360284638,0.6941324877607116,0.540691334706586,1,1
13656,6823,16,1287,0.9392722788435559,643,198,7.661764312247558,19.869465182621067,0.5647515636282824,0.5064619802798185,0.06981663791081907,0.9383416344407965,1,1
16984,19099,5,1503,0.39911328879696395,2756,227,16.475698730495047,39.70348712277335,0.7102718538941186,0.6188177398158028,0.3589102884583114,0.8334162666661104,1,1
28643,21260,14,3630,0.7401189260190784,1622,111,2.07548423978388,12.74574411945284,0.15325496231911573,0.4396519730563796,0.19132434042563579,0.6437090030112209,1,1
16286,25538,13,1419,0.7863110093219909,1199,153,2.1451901831470153,7.583219844475294,0.7289882951455372,0.6626832507047151,0.4300443381057637,0.10776525398746141,1,1
13901,10787,6,496,0.6735467029950333,4709,139,17.163438233964435,15.846278520922715,0.4615281081002919,0.9388629294811148,0.24003966355583728,0.35153638741790383,1,1
12917,14196,8,4275,0.7943084024468078,6818,99,17.420420103711855,17.05867865287922,0.033767935684587025,0.8288409162229216,0.578261007379699,0.4549972167792723,1,1
16429,23900,9,825,0.46056297344765884,770,274,1.957746741748537,19.67580460492221,0.23449155399649912,0.8889934908756907,0.7495349609230434,0.6548926732749074,1,1
22716,23118,6,1710,0.8956846289737855,562,130,13.314548376531905,18.52907027201748,0.025756391740577977,0.8650262997257813,0.5672719825721895,0.4361946121256034,1,1
23795,28820,10,1592,0.43961644126072674,1507,333,5.154665063425868,20.323789283973685,0.4568745219910437,0.5993608553220058,0.28424829342064445,0.8036503022856182,1,1
19138,25356,15,1494,0.6065199643620798,3343,322,13.072980643720197,34.37156819284111,0.3258797605550854,0.8037350632306145,0.4800559693263631,0.6634694808063643,1,1
10530,26023,13,2248,0.39816486483725166,6023,16,15.83409114485673,12.542266244689555,0.9874495599132513,0.8327239932307184,0.7108208734384969,0.3950860724757662,1,1
26344,24740,5,3955,0.6989350904431361,2772,298,3.163719401227544,1.8730530009607194,0.8685041169568631,0.48161478764751076,0.21602271182952448,0.7667689402417377,1,1
25432,9380,21,2517,0.778637316752409,2482,299,5.439645876573693,24.014985914919766,0.8256708603431493,0.9005679146366549,0.09456381099061657,0.3576267672143577,1,1
13772,20392,9,3880,0.9523818464609859,6804,346,1.8972815273871646,22.069688477628606,0.5011165490312455,0.6429583350542487,0.10461119088879355,0.1533686161511006,1,1
23476,23698,18,1317,0.8231751653734405,2928,8,2.223192449833273,3.823054522641231,0.8070874993507668,0.360470233286006,0.3958824082746782,0.2466728434375932,1,1
26913,12702,9,3453,0.6963058665306567,4224,308,1.988694660593274,7.2886658705664455,0.2668696474627552,0.7617658295128642,0.5857090089038743,0.10232941885687319,1,1
23751,21892,22,3890,0.9468748909890136,4913,320,14.711258881035839,24.966282050190014,0.5606494678465249,0.7831283788274976,0.5258061936691253,0.8074977382078445,1,1
10964,24142,2,4369,0.656199576346161,3255,172,6.421829194107815,12.033285720920226,0.39291806131941,0.7031278698731733,0.3631116003877455,0.633042221523141,1,1
15137,5682,21,347,0.7091716179832763,4234,12,9.63798875293782,42.24711982464801,0.1713419115227297,0.4859457925421802,0.5834384321450905,0.5849839141402349,1,1
25347,26695,3,3963,0.7315030577088613,1792,128,14.499430349350769,9.144746863596271,0.07261343136840404,0.6586579375078818,0.5071759649128137,0.6627410163710388,1,1
24920,3989,5,1127,0.6123870245674028,6987,318,9.666570434660848,1.945763696880264,0.5582183829716149,0.6060815681571246,0.5025846044806781,0.6555585762513314,0,1
21891,15476,22,2389,0.8866289219621274,5659,189,8.581735033305836,22.035497161379837,0.09763913488020615,0.9737990872601126,0.1619011178353639,0.5806749497273407,1,1
15340,11446,2,2356,0.4685126008608378,5009,39,1.6909579070760703,47.349666198588004,0.7180030966859824,0.8777941982438003,0.2500667464210255,0.8160485388183683,1,1
15967,7711,8,1118,0.7050990018378291,5841,77,10.872651791856477,30.79200873640439,0.9214684787261558,0.8376157472558174,0.27553946023136816,0.47480495853087235,1,1
20415,9479,2,4284,0.8122292839598042,5900,17,3.558260789261926,17.639396899310448,0.16210610971156092,0.46588716992010437,0.6465526066271163,0.7840880300330647,1,1
19871,26348,10,3980,0.9285447500010094,4820,43,14.116695973051932,1.7927965389893412,0.47093857851022825,0.5618656111495786,0.6200883927722889,0.7686386319799069,1,1
19916,16161,4,2111,0.9157077737179382,6076,88,5.752672442947823,23.79257666788466,0.7387745930598252,0.5930155747643009,0.2021382059319235,0.26957911047620264,1,1
16734,17635,13,3414,0.6755937852352909,1677,25,12.62409227834281,10.703902100506221,0.2868396610330268,0.6652816206723069,0.04412181944798386,0.4856988726726018,1,1
8845,11075,20,1929,0.7616233287445386,6923,257,12.16268820910721,31.444442015992365,0.9207645196329373,0.3693436877219017,0.6142270473651644,0.8096923903675817,1,1
27420,23836,16,1843,0.6023121511227527,5972,307,11.675147448345331,28.40139920537116,0.8884655588699109,0.7295259059677769,0.32789294303545474,0.8062269130831105,1,1
10494,27831,23,3879,0.6496337682433282,5216,262,5.904708124363678,13.465047443197692,0.10375435572967795,0.579028188142148,0.17584253519222737,0.12040557787665979,1,1
20677,4007,17,2204,0.9300101072467517,3120,304,5.906981323396875,4.237488508277567,0.027399771531840145,0.7094733730725855,0.09361349645687636,0.28959260406514903,1,1
27103,25880,11,1736,0.9456505556431833,3036,34,15.740292716781944,36.48590230789573,0.9764584829794019,0.3557461659242924,0.010251720470800764,0.46029323715600334,1,1
26268,10688,23,3617,0.9230649971628926,5603,132,1.7113209884020453,28.516812445868286,0.9564750247711311,0.5557172089584151,0.34218370785110896,0.14008120033399293,1,1
20330,13763,7,3820,0.43855735156072845,2468,315,4.495123451990306,40.57993372690553,0.4222856044659632,0.8419462758483129,0.2718110515094604,0.32153092946048967,1,1
28733,6908,18,3359,0.8940537736516072,5817,44,11.567820141092753,13.210600734925665,0.05056332410597242,0.6706921936173056,0.5571761205658262,0.31955486304949365,1,1
13179,22187,22,4416,0.9569527878537474,5895,101,14.981263197652302,31.684517044679367,0.6188755527460279,0.8548878901412085,0.7813323457499266,0.2823831246893639,1,1
14610,14957,23,1298,0.581199804527107,1695,228,7.412700893102167,6.577983524848193,0.29341010738865625,0.7973346512111275,0.1654260956929232,0.43716013187953495,1,1
14430,7379,18,1731,0.6819336252298682,3331,96,12.281817067078201,14.715065672091654,0.9367229869005542,0.8971491680966254,0.19442891229914994,0.7910591578299976,1,1
15154,19482,22,3361,0.8486209637203174,1007,284,10.693080923733898,31.85733825823637,0.7946619250543034,0.3547638966733911,0.2698420614915172,0.3074965950544921,1,1
21828,27772,20,564,0.7097300080420152,904,174,2.564911723953584,39.802321341805275,0.6495937841334435,0.5172483147804121,0.37275010790664426,0.5947572151925761,1,1
18145,3877,19,4031,0.9858294538919996,1794,288,11.758878249356188,16.083498581937306,0.28450384751352853,0.7012331050246922,0.5581589562724284,0.5739413512405187,1,1
14488,18585,12,2574,0.6416565537003701,6554,226,14.929407292496142,38.54611715815556,0.7012685794417175,0.9522515690573967,0.2816252174708853,0.7952354704685408,1,1
29121,21252,8,4175,0.8069233351727216,4125,121,17.875397284940252,32.85436563284428,0.28916826675920404,0.785065715284825,0.08336043437662327,0.4348994947029212,1,1
11850,22049,11,3617,0.8572583297257883,3319,252,1.9890611987534272,17.387714260857194,0.037630984151876046,0.6422168232203831,0.5842733097981925,0.2900333254143411,1,1
25073,20772,8,2346,0.6662242660854012,5259,353,12.390959847633821,42.19065607398865,0.508434587620274,0.43329045152491713,0.6357133424142826,0.8577925516370734,1,1
21564,21799,6,3444,0.8984696356552805,6774,358,8.340067626941376,24.933766103665263,0.48868454478869094,0.6656578270447695,0.19811892447033133,0.8080050036237642,1,1
29559,28145,13,3521,0.6995389383726057,6245,93,1.6615001636523872,31.467600659665866,0.7630059730262334,0.6322956623718823,0.10940499499384525,0.6282781276661583,1,1
13078,5637,17,3440,0.613456509953044,6004,82,11.636955571190438,24.294673069463567,0.8656738823544446,0.8482036958007693,0.42224084117260025,0.1792534697049244,1,1
20168,10242,22,1553,0.41900715126524607,6353,78,3.5200504261679857,22.277838143066095,0.35446848869426206,0.6145431299177908,0.1666514406970772,0.11370015483124911,1,1
13448,12257,19,1022,0.6017846888642715,4137,18,7.746353028120754,40.85495271022625,0.4494730102036709,0.5540563678933331,0.29933074667890286,0.25523092797013,1,1
25563,11613,4,383,0.8197193310293018,2373,49,5.812557026058638,14.851107506815412,0.47040041964452817,0.40742059678004533,0.6218889761030804,0.26714277467102876,1,1
17074,5883,21,3670,0.9396233034752687,5915,42,7.459196137473139,2.7215734510950598,0.3242240843723794,0.37976068091223475,0.17568563454767105,0.2158103048648718,1,1
14406,4204,16,4119,0.5110748184705985,1906,249,9.629477094765669,42.349784246613176,0.7433869236251903,0.6310460336143213,0.6450074088949689,0.32285416560644775,1,1
16800,19928,6,3664,0.5773507310915217,4083,66,7.426957286076989,39.776125793405605,0.5221011852062994,0.5719916668813981,0.5392159902530483,0.3872052770679071,1,1
22083,14831,14,2057,0.4485350362268328,6014,100,10.620075864727397,18.228342304771797,0.9139557743886398,0.7054074684882299,0.17578069099032068,0.7412726397502609,1,1
9638,18464,20,3080,0.79206265230654,2077,327,5.4377198888420875,9.716203519144928,0.6503107718955861,0.8056341997536436,0.4211236808368667,0.7030938178407412,1,1
18340,20607,13,3587,0.9645205952063521,5879,256,11.983469162568296,32.75008122327814,0.2118965588939724,0.3756043606872339,0.49125661000501375,0.18872242343989593,1,1
9382,22556,24,2752,0.7602094207028323,4876,65,15.587089568060081,4.701762470875045,0.16480864874703638,0.6675789502098018,0.16022083025091477,0.930540927503709,1,1
9403,28343,22,628,0.7449289792039848,3927,273,5.197106274101005,20.916473510324,0.3723843379162921,0.9016620122764669,0.11595946865001353,0.7393183660447414,1,1
17011,25834,6,725,0.7042335555202777,5811,123,9.879974061617771,5.0355291123814645,0.3469265402569732,0.6413066151298101,0.4249343475410117,0.23891827050701198,1,1
11292,16994,7,1069,0.4066116740387434,1136,91,12.203381445073163,29.101754740451852,0.4071318248625102,0.6835950150084955,0.5550729329085288,0.20582208529046803,1,1
17011,9520,8,4275,0.8168824489148054,6047,87,10.816331165021365,2.2787940390526087,0.1835910703044421,0.6615467780586726,0.37205507205723864,0.1744148533214387,1,1
8419,3654,11,907,0.7353117078715845,1307,84,7.533215862171728,30.574203654812646,0.9782226700264893,0.5994674678293826,0.056031398825536274,0.7220203666601009,1,1
20411,26205,17,2152,0.7733451320680237,2895,232,12.096295182094847,32.64066194460164,0.14570977286872888,0.4204764953109583,0.7401701653574384,0.30084357640147946,1,1
12517,21830,9,2972,0.9252390995375498,5024,307,1.9660624024662579,23.8957903073821,0.652648774224321,0.43086797803681703,0.5559723566836084,0.16202279590573782,1,1
27686,25276,10,2424,0.8517349037190515,1915,115,7.603452827941145,9.225344476987758,0.01306923506458979,0.46461711471212375,0.49695702862951596,0.45855346801391905,1,1
23422,11412,5,1600,0.8497857613788966,2949,314,10.288101541576552,5.765515115478741,0.4069610383190131,0.8572413701744991,0.5149016095445419,0.7023936666903461,1,1
17700,6666,22,765,0.9433976120827825,5260,75,1.840117120791767,15.724740362439153,0.30918339909503634,0.5262126723594964,0.31888448072645553,0.35887295346923076,1,1
13693,7277,22,2264,0.9835583689363198,5345,332,9.876205689790947,22.86471394120058,0.3820246377394185,0.9567992203362629,0.7875203994448815,0.5102487365552846,1,1
8767,23786,9,2245,0.7220209484550781,3996,29,12.295198602632867,31.18379089170769,0.4980773447731136,0.8685089065834425,0.10614336937480956,0.26377372296153584,1,1
26428,21953,8,2839,0.41968423425994605,4088,283,14.026927012265244,1.0587559933694823,0.6003750015243178,0.788106027647156,0.5913131019865813,0.46477624274056417,1,1
22818,8515,16,2660,0.6438431409762793,4529,206,3.3706723432556016,34.42000420406207,0.5835113447943,0.8110519228132737,0.3367007682136791,0.4051008967113613,1,1
9549,12205,22,2339,0.8540647337354523,5232,229,17.844320435712966,34.497460809888,0.630713670121113,0.3804846135541447,0.7048768380865011,0.4688306529093794,1,1
17956,18198,4,1484,0.36774420784758344,6730,271,11.501767072029077,21.893276905147495,0.8445476825537905,0.7137691948713889,0.5738090193736383,0.495854859020724,1,1
14140,6985,18,4234,0.38640796054793536,1014,287,7.492697578103445,17.140102950153732,0.8867171556146514,0.9522764223499071,0.44980177868775384,0.17845401545258344,1,1
18837,16135,12,3517,0.39298098072500565,5599,121,5.610032098535778,40.588502539506855,0.7372503005607975,0.3750305173712057,0.7501549075105443,0.17936309942993622,1,1
11716,11167,10,3082,0.8178628853301189,3794,71,10.95279821777634,37.875611655467715,0.078942242924404,0.5362505718486656,0.7299546887517896,0.32151899627667463,1,1
12481,10448,6,1077,0.6707466422804301,3408,51,16.04824217824842,47.213976160333026,0.9612923915099344,0.3829673549657186,0.04186719676179651,0.1983946009984997,1,1
14548,23694,11,3679,0.5860946838531799,5916,245,10.089329036332519,18.480747850930747,0.9473980863470463,0.7146346098343459,0.15407043739151424,0.3148666666003149,1,1
26677,22403,16,2718,0.417594908967511,2998,182,12.414288917481844,43.62113242828362,0.7117037945453537,0.42436840138913856,0.5408372679236629,0.1208623860462813,1,1
12837,6681,15,4377,0.818633760131769,1866,12,7.4019912524192435,5.107888636968757,0.5174390714019238,0.6567200999836154,0.7374715412048677,0.39812849913943094,1,1
15758,23580,5,2739,0.5554526787525758,840,187,7.904512753468048,20.338905113790055,0.2506183583358922,0.8107676395440286,0.34426400202811414,0.28139866961186155,1,1
18900,19956,22,2289,0.519807404841387,6080,81,6.221889245236218,22.872583581186973,0.756351139498876,0.4552406623586992,0.03064419628832642,0.8583243973961807,1,1
15993,12524,21,1366,0.7674842889942726,6011,71,13.143015357075956,21.721092861562536,0.8778601787162892,0.8334332397300933,0.5146378079840298,0.829433955576218,1,1
13542,7753,3,1244,0.7077669712619787,4472,152,7.426594631373323,30.379614856262815,0.6651876008899379,0.38853085564793516,0.15574959779291486,0.35535601394365823,1,1
22828,10082,13,328,0.581942810760513,2060,177,4.646820666680448,8.999768425393938,0.6290726328617707,0.44575966736447786,0.4418573866533471,0.5041623473400398,1,1
24052,7002,2,2197,0.7605519813155763,6170,39,7.595109424242926,41.72325207113384,0.19300470457058616,0.529270632436623,0.3077466068996426,0.9124232895999465,1,1
10385,8629,21,1997,0.5235817730458356,2968,81,15.588148929240479,26.932908871363047,0.3577965228941896,0.8595034031437359,0.44642163128162493,0.5454819175930128,1,1
22308,15278,6,3114,0.8586913674267691,2928,284,13.681158719019237,43.497848756623426,0.7231362220325122,0.8940876090389765,0.7459490555707199,0.821168279812799,1,1
28652,11417,7,3665,0.4967641281968985,4188,189,7.0215739336488046,1.1236872690097832,0.016898738851223394,0.4910430811943917,0.3886404723543776,0.8024185602910685,0,0
8671,23584,12,2788,0.45165612504449,6648,59,16.462347919805588,30.609441338870834,0.6412642771888861,0.4113016483363175,0.02762305901769855,0.9000956262830563,1,1
8163,4997,9,1965,0.85076122207928,3195,98,2.734738479438205,20.385518802177145,0.766670301010248,0.892690420702241,0.4647343890235551,0.35984554668514723,1,1
16656,11963,8,1870,0.8030508996466772,2527,148,2.320937558325113,24.739655902224502,0.33470448627078164,0.7655951600141484,0.26059642414025436,0.13692882480997928,1,1
19234,18784,5,2033,0.46688894444915097,4252,251,3.6032608539564808,35.95881200667341,0.07616776920078905,0.4510274792951561,0.6225079075166442,0.1883606736845716,1,1
28976,26806,7,1059,0.42439728172156027,815,204,3.4215034716669512,11.676132171824412,0.8191193788839986,0.7069387424964816,0.37594277623574035,0.5856028910751516,1,1
12795,7524,17,2457,0.886575416631483,6441,240,2.9492661977036185,10.630273455076237,0.14183682948502274,0.9083177170467424,0.5930965902653138,0.5507362763366399,1,1
18634,28009,21,1651,0.8470230286058804,4489,318,12.412153097966874,34.041367433645725,0.37080110596977356,0.3944895629131283,0.727056796278651,0.3536850781979386,1,1
12798,6407,16,3776,0.5594447191677852,1601,324,11.413899264314495,25.504190670376467,0.70725410506778,0.4035815895348993,0.2898191930179608,0.3114063027894268,1,1
26739,9731,15,1568,0.7712463412565547,1030,224,12.185490924598293,11.981037608899447,0.8169859876514336,0.5251089668240436,0.7915023299126429,0.7029742151710054,1,1
18749,10795,24,2085,0.4294625193905989,2902,336,12.858039893673496,23.748875829462524,0.8623819184885159,0.7674478883831402,0.11985029275182812,0.38942744120220407,1,1
13827,14332,13,4249,0.674510501790514,2359,220,13.988515915931217,22.5992450715265,0.5304171916111156,0.463925446061183,0.5151453455145509,0.613359018042884,1,1
12719,28441,13,2907,0.3619873869186687,5257,53,4.918419303525771,33.497888088519645,0.4758716964558656,0.8724750107629852,0.027814082504995865,0.7054495485320356,1,1
8593,22177,17,698,0.6006252037897954,5891,289,11.768007968374198,1.125071870106132,0.8483172770180297,0.8302753131487746,0.17044533268090875,0.46589557070483933,1,1
29223,26718,16,2930,0.39789940574169924,1719,122,11.07080287905016,28.577732491259702,0.5630770950474712,0.7090431063219075,0.5070228731652601,0.26439532565507684,1,1
15394,5911,14,2746,0.6540941953004048,4722,86,17.070390425757317,29.466873074076947,0.5786507284152311,0.42428333079701963,0.03695339164887734,0.8316631368957306,1,1
22056,27336,12,1969,0.6198762539858523,4944,267,5.334067449954201,36.03897644783223,0.4339733679938007,0.9824606901198065,0.08142966823068694,0.1795013068614783,1,1
27877,21799,18,538,0.6344064170483559,2266,81,2.468928417176468,42.79383190366611,0.3728139719210396,0.6636215229202079,0.2328084759321712,0.8050500804852013,1,1
18636,19634,22,3836,0.3790120333107162,1567,215,12.282668650289963,21.688920464249374,0.4805408572898291,0.6393268146350589,0.4605097087858007,0.8111776397254619,1,1
27056,18194,16,4161,0.5814344584203728,1227,126,13.712851863905746,17.09845054251757,0.36484749369612723,0.9871642109870821,0.012786044312919298,0.5853493754359367,1,1
28584,7951,15,3403,0.8341496634239465,743,329,6.172734095824586,5.809057743030457,0.34354644996923855,0.902875688621655,0.38588340606224975,0.6350546437100842,1,1
8016,11098,11,1446,0.5861051989463169,6652,94,10.918999110504538,16.83128470998195,0.9936643420078939,0.642075349780148,0.5005949989960838,0.4043145019217479,1,1
11191,24673,13,1857,0.8077100496701316,2285,262,2.4823450813134844,4.218779228887162,0.3362134940718481,0.6180339109992141,0.32201823106586364,0.8153465888074589,1,1
8392,19117,17,4038,0.5864663831255893,1211,165,17.340739879276768,38.73254965104837,0.25638374753266713,0.4113820048428711,0.05411184598312611,0.3241481327271807,1,1
14272,11102,16,2457,0.6208732425537193,3393,180,3.313762059436282,38.92928894875431,0.3539240898426266,0.942967517689011,0.4886997081571369,0.5758096541263974,1,1
24955,26641,11,3751,0.7108909522107303,3650,297,2.614913846507929,20.61016989285457,0.5907813406361061,0.8900159025402867,0.48466831753157397,0.10152561014104702,1,1
11631,8565,5,599,0.9584364395565328,4681,93,2.2278176316612144,13.203137992195071,0.9109904866231651,0.5484015954431429,0.40483388402760245,0.8988666400335743,1,1
14172,25821,24,3998,0.4196706858538593,2008,131,8.54998645730532,6.546943546256774,0.7878642501977611,0.8321256240440174,0.554516380476432,0.906052045578563,1,1
17312,28494,10,4353,0.3710648119431511,770,290,3.1031357670436357,41.00814680302678,0.8422411390757014,0.8381468328153114,0.16624138652262746,0.7038541823750047,1,1
28281,4173,22,548,0.7390925976384288,2297,301,13.786695975766992,42.24227808411405,0.8590086106838577,0.4958628590250336,0.5428325938804462,0.45975385707809446,1,1
26663,11624,21,2868,0.9574221369141929,3060,264,16.331423650335694,13.51561188572126,0.9205283964468673,0.7427395007607571,0.12916379172020206,0.2518194361658965,1,1
16906,17394,10,4429,0.9834228048350175,5639,343,5.793612383360141,30.22274577798489,0.23507123290887988,0.5132184341838153,0.3141549048278296,0.5185934531342868,1,1
25159,16256,22,3160,0.6598651183308811,4060,248,11.874756467648082,13.156722245148266,0.45836603103743556,0.8555270732389834,0.05405331702287848,0.7726989014951515,1,1
26631,3835,21,1023,0.649572237494463,4503,115,2.198584375694993,11.580951475748202,0.3851976665764465,0.448438209589065,0.6553018656641654,0.614482578567422,1,1
24462,21646,12,869,0.7627768132769255,2677,28,7.878313782931124,1.9967783796765186,0.38187699461350044,0.7780998391598575,0.4305867368119527,0.5483720857331449,1,1
16080,28473,12,519,0.7056062446111806,1337,54,6.3335448715575176,28.126492626544938,0.6522836517021848,0.5586474954571272,0.7768393618909507,0.8220275813276784,1,1
15099,14824,8,1694,0.7558163568730356,3317,41,5.27221509126592,8.047252529721188,0.4018030603177434,0.3731565168225718,0.7538612808616649,0.3661638455229653,1,1
28310,7567,22,3134,0.9093596323442523,4214,185,12.137937578873535,1.5814455947458017,0.6163303059172037,0.4291709722949716,0.7988489089854814,0.8309693747051168,1,1
22916,6815,11,2422,0.8276359484720699,3578,257,3.6487611149158488,5.928004723830413,0.3822793637278078,0.7691354484375001,0.08101293622579178,0.47353539232753883,1,1
15083,19630,5,4300,0.6680015306795491,3399,29,15.701723634400308,15.74715200462725,0.311128182724423,0.5035451540620687,0.48526430282932964,0.10205175663984117,1,1
17223,5429,6,3389,0.6455932537601086,2276,353,12.469792455084121,32.450669935250446,0.35307717844318076,0.7538626384541898,0.32606016930732845,0.7221507065450582,1,1
12940,12182,6,349,0.7593451190483942,5532,129,13.227130448352957,10.523283506609882,0.8037570560137598,0.6154861862408236,0.4261316699228992,0.8461668769484152,1,1
27655,12118,12,814,0.6416520220289903,5929,35,16.933181092851527,42.716756438988575,0.601051036228891,0.7933366168807978,0.2470138928026546,0.5117067131663807,1,1
11456,14630,10,3091,0.6429787848100095,6428,241,17.049152379791494,14.558955287998652,0.9739977330166145,0.6654871181987072,0.0384550704467439,0.4865356887818396,1,1
15788,24671,17,3078,0.36043577714336306,2150,231,10.602263343017391,16.567635602911547,0.8326562263797327,0.5474701421831494,0.5662002156855958,0.7846311617013378,1,1
10711,5607,10,2918,0.4614010479406774,3448,352,9.673766985218677,11.244927457742932,0.48578060833404113,0.4433242751088652,0.7726536590665363,0.8520585349127141,1,1
19280,28650,23,2137,0.6626487295972819,3020,42,7.033796535744017,12.928850842376404,0.24237633509407586,0.5683028815496194,0.425905460867524,0.9282570899213127,1,1
26052,8930,5,1465,0.8764982137922362,2885,62,13.306931568340726,4.484350383997665,0.6739091114551452,0.756332209873122,0.2636639603695162,0.39380274745250277,1,1
24531,7022,3,2549,0.5283852843053595,4914,240,10.380446635166914,14.854217199660907,0.7266460273119357,0.8239030433263586,0.7506225989855784,0.6054854517247369,1,1
20089,14991,15,714,0.6844917972039354,6132,185,16.892438815712055,41.40202060122928,0.464175979791959,0.4526173918975939,0.2917332235798848,0.7994805931406052,1,1
18142,24168,4,2568,0.5707757342459086,5644,118,5.4373281537579885,33.355953445593826,0.2299221324106907,0.7751343416883949,0.7316233541923063,0.552074134995009,1,1
24749,9617,19,1404,0.41707455330533694,3268,310,6.6191693231330975,42.13760558168398,0.5572383178632652,0.46473888617696785,0.6845526838600566,0.49257533321378055,1,1
23587,6151,22,3656,0.9633110291656324,4738,136,6.715492382429484,5.928373675829762,0.25382925235944664,0.4919643798335894,0.4229688045989932,0.5861422690129761,1,1
17866,8580,7,2716,0.8969912769601931,6328,352,14.798974500185667,22.413981649581476,0.9399983176304376,0.6900430337792096,0.5414981333347658,0.4033369493772063,1,1
12531,10054,12,2234,0.40023515165882007,3204,184,3.1341654753955135,11.774979030065406,0.6288842480337195,0.5350894732646878,0.5602539548924884,0.263264679982128,1,1
20686,27090,22,503,0.8106638479797021,1672,82,9.018210496318165,34.89713275613896,0.29193096166921484,0.7734210823913513,0.512873364021806,0.15663644639840238,1,1
13330,10619,19,368,0.5724511387888,6312,224,8.555082160055282,46.601177762116855,0.21573068833452458,0.9616970395145845,0.12859996397756693,0.6184836497801144,1,1
13510,18823,13,815,0.9867038765195473,3018,146,2.706803746727017,39.32189551536353,0.7167232833851209,0.4452910088559323,0.5542209693654564,0.42226420725969516,1,1
16964,16247,6,3863,0.5435350526905457,862,47,8.278150475981729,2.6580738372972994,0.7077932802417529,0.7151269326780267,0.002574467289347027,0.850510052764854,1,1
14493,7573,10,1764,0.5027926050320639,1149,122,9.970736724185691,15.883005648279006,0.5971322315085749,0.9409114769108433,0.5680294547034105,0.2895153022369924,1,1
18759,18339,21,1952,0.7134499509154593,2756,63,2.5742274263310687,2.343245451174607,0.6143010251792214,0.4629785450570319,0.44386890770016063,0.3641049025075753,1,1
13439,6491,19,1006,0.8844807445396506,3636,65,9.912725119337011,2.88784744575632,0.6038690028256231,0.5847845781663092,0.20780833771427076,0.9249303007928731,1,1
22473,3706,20,1925,0.4732120779646707,5144,45,17.32742542727612,4.737219295727453,0.3601034468105172,0.42911477439346374,0.6430114757950788,0.5728475240077707,0,0
17765,18728,4,4085,0.804017772620372,1635,278,17.652086332165283,13.987365661616408,0.9374144100074734,0.760904139720927,0.32422315110121674,0.39474008642191993,1,1
21279,9997,10,1645,0.3893002132103179,4858,192,10.272716346731885,15.297530078992164,0.47927846426291776,0.7782514737246087,0.3886217476929059,0.8317601752372198,1,1
14511,8233,5,643,0.9381182355907183,3647,339,9.999099387948823,19.821315122039746,0.020327900145589828,0.7750766844388077,0.02213964389370773,0.7318688261049934,1,1
19483,28329,18,4086,0.4018879463342712,5797,191,6.210884745870459,20.03176143991592,0.3483613423883254,0.696961310952541,0.3210557486132209,0.5871714938285404,1,1
25630,8755,18,835,0.935108080860264,5361,232,17.952405283249675,37.25622355662951,0.1302825786475995,0.8276069553905742,0.13389023398652783,0.855734737269615,1,1
28223,26344,24,654,0.6641166396497298,6644,168,6.02478132191623,7.6459524482082895,0.36338379104788343,0.372961469683187,0.2209146494677949,0.17986729574647187,1,1
10376,28163,24,3842,0.6367783121893886,6791,290,8.97287145725928,8.413808942800111,0.6082624850357327,0.962808631964996,0.2017115989493915,0.4353198520004222,1,1
27393,20718,3,1282,0.972916530880241,1375,106,1.5484119537441627,30.449685428594996,0.022664474521924105,0.49214157307478623,0.03681663498727499,0.7889675882518647,1,1
19824,24972,10,1645,0.9838458737268602,4242,271,7.262332800000759,27.871881153047344,0.8702005312278684,0.42779965996271574,0.36839563619809435,0.42805154489121233,1,1
26211,21231,10,3309,0.7661140006150476,6455,128,2.6787649600455943,8.238221157659284,0.6103091184681755,0.9523270674828361,0.41807393050391106,0.887726047747486,1,1
14979,9851,6,826,0.43135634678851104,4351,157,13.773108711354682,41.0564280621342,0.29537187625899475,0.8814796264714132,0.4568501029450534,0.22964295884066807,1,1
17832,15126,16,1230,0.6739488548193295,1652,183,10.756738474993883,16.46579246275675,0.3112051739242816,0.8395170683466753,0.3697758163938839,0.38614171029828126,1,1
20504,26595,16,3056,0.6886643846116239,2422,70,10.940835975246332,18.247465381590853,0.4656681765161508,0.41703725372094824,0.6956215152136589,0.4618811778269162,1,1
28669,10865,4,2582,0.6792457140065982,1128,103,6.227436217345099,20.76162379922566,0.24809180600179348,0.8668186967527461,0.030143796086914157,0.68391777332947,1,1
14910,15118,20,2246,0.7144747766528062,3519,28,14.945788789174065,16.16698792472998,0.004341927760946218,0.7397750547262609,0.4910468846346083,0.2660470597783563,1,1
22089,6317,4,4227,0.36198381682841,6121,337,1.553970267965628,27.200387456813445,0.0265574481792632,0.8184215110475808,0.6929053437122265,0.10838426007290547,0,1
10196,15212,7,2841,0.8051854601411215,2224,253,7.0044194562091695,19.26644298843533,0.35774067197201986,0.9759649790837711,0.032832192729888375,0.9300329170591422,1,1
28131,14347,5,2216,0.8059323532499123,5248,169,12.381708592571318,13.193432119428518,0.12422167660860828,0.47444235335552015,0.39704559953939156,0.8639435340614731,1,1
13978,13390,14,3660,0.42390065611384825,6632,98,16.480721867379195,43.510318782406394,0.022363674647081888,0.6728044549238592,0.4712217543055186,0.35518877257959436,1,1
29991,26195,14,1893,0.7149532431653125,1628,347,5.371163289266345,15.492484786587273,0.8592692700348403,0.8321452457338336,0.15272459966134236,0.5109587138980849,1,1
25153,17863,12,3225,0.7137511567588957,5061,128,10.428150853502398,33.82897949703463,0.2741373136428532,0.6275400644938869,0.20200008706551947,0.5155821788289813,1,1
8780,19548,6,3925,0.786768268921856,1263,306,10.376858438799797,17.319658206774122,0.5031225771668012,0.3849779730676534,0.6284746700346817,0.8388417222823228,1,1
17908,10060,2,1523,0.4046545229664519,1519,160,15.923877089221047,21.455339383241178,0.17940908419162316,0.4213208952803335,0.4539182253676162,0.6075011199746565,1,1
14303,18504,10,2259,0.7509621166503017,5524,353,2.333528677737399,12.089345599862586,0.046724972243762264,0.7353388624291985,0.2526229577936504,0.8024663693441895,1,1
22686,6057,18,1265,0.5296812484776583,4473,253,8.50384675766667,36.35949211120094,0.7448662994885814,0.5324026536900842,0.6118041778218163,0.8751950286432917,1,1
11983,7428,23,3978,0.67448191391755,4427,275,4.51068363406687,35.648552817033895,0.12495685464678341,0.43821801427365975,0.5973724593633966,0.5810601619557081,1,1
17503,3402,2,922,0.8449270737306092,3341,62,1.8552879049268678,2.0452774529807085,0.025716902403658648,0.5675308784157327,0.27632142824671124,0.34266009757789995,1,1
24905,11605,4,2672,0.8016133992723284,3447,199,3.9260105185879666,3.829119894160716,0.5872303282634098,0.4786277965086627,0.39091810435941926,0.5239016349665322,1,1
21070,27620,16,3248,0.4260979313139157,5977,205,17.611766101995286,44.35169337301216,0.01346757242144958,0.3653212586078556,0.5316151468300777,0.8232391674155565,1,1
20232,18761,22,3599,0.7283582637542869,1174,76,5.04500040708442,42.774861820178984,0.43628594481032157,0.4471609526829863,0.2745993743056127,0.5960762982385173,1,1
12583,25733,24,1468,0.9702345798020727,1508,251,16.9280077600407,24.786098060590923,0.2888360484778162,0.9151698949873104,0.5032075288009417,0.8613636207240366,1,1
13946,23541,11,691,0.4503324398944014,1726,102,4.886696653410537,24.187797403241813,0.31941798493775286,0.35770386080173827,0.2008589845854184,0.861120607889684,1,1
29325,3867,9,4109,0.8958605361442655,2135,333,16.866371251843994,39.18393619603825,0.0038990431140297765,0.8452641943002213,0.23361666199060718,0.41735567703938736,1,1
24377,16779,13,2707,0.7996307715544172,4876,85,12.301245430805187,7.507156903589313,0.9643460803827953,0.8322151077578135,0.2485381146995551,0.4808968112566664,1,1
15128,18155,23,880,0.8453621202622461,5876,69,3.3681065287817917,31.723858703260078,0.5169631024835379,0.711112120549753,0.7488438163324111,0.6762266962048241,1,1
19889,11210,16,1120,0.5304533293712931,823,9,11.101600059588533,23.371200740901198,0.5725121330416838,0.4834065700533572,0.6669377136861198,0.1944047869310414,1,1
20275,3364,10,1547,0.5342489148030991,3338,288,6.7554816194145975,35.936558377834274,0.666122484912028,0.9119579035521482,0.45213278047133443,0.49572363482294257,1,1
10461,26851,11,423,0.9298524516969524,4310,298,7.822027073638158,2.414831191663551,0.797521791049767,0.6540483640281236,0.45109776752923136,0.22697762837166843,1,1
22291,18366,21,2174,0.5802925005392375,2185,85,8.762820804277055,28.858100837025113,0.6079091163091758,0.46085198659055066,0.044917217644113897,0.8207627565074114,1,1
22036,9571,10,823,0.3903298500433987,5681,91,8.47466587175052,27.166226115131206,0.7621981054933089,0.6245744591931047,0.5196064506164092,0.9013667661525074,1,1
19435,19963,16,3423,0.734381890290848,4212,297,12.457796692969977,40.51987149069171,0.4487352943628756,0.4747470257563217,0.26249588586259887,0.2203165442017398,1,1
8685,27058,24,3498,0.4298833081867793,6830,285,14.178073131747592,32.81130598508631,0.3712751404044883,0.5906450183231517,0.4898394897040637,0.667240211586506,1,1
26544,28121,22,3085,0.8598215945010612,1041,201,6.931431871818502,42.367536844594966,0.8231339074821851,0.667880173446477,0.672186998216989,0.6410617447337376,1,1
20258,17017,22,2418,0.7607177232006768,3444,256,16.75200536781388,42.70184611720027,0.865310524173463,0.5803365694093119,0.03639864468798786,0.7460635808794627,1,1
29725,9468,2,1510,0.9098249633415733,1827,87,16.98469418131146,20.18370804228674,0.1378066697869338,0.7705083354065286,0.4856508027287448,0.6914127049412564,1,1
23990,7150,3,1326,0.8522958398608865,6406,31,2.171392212993866,7.459404286335217,0.5426601869600611,0.9489873946166005,0.4513604916534104,0.28455968001808707,1,1
24422,16065,20,4417,0.4217527349364455,1138,337,1.7459950165698053,30.623331823642836,0.6836424304861594,0.5728155824940566,0.16541324418354686,0.34753075610852335,1,1
18736,22423,15,797,0.5938852329180302,5031,186,8.513594447492506,42.06606662519999,0.08359873663196682,0.5776732888553509,0.5171463591717432,0.2404473833178901,1,1
12875,7137,9,3105,0.8457185599453358,2760,139,11.245646641296366,4.522807177153755,0.9295968167427516,0.8225135811854498,0.44386818715623283,0.882972399202423,1,1
25640,15236,7,1993,0.6170985428904485,1929,94,6.085428332959017,27.222393834979215,0.5201097727171308,0.6895781961734941,0.6138560992178546,0.5435499453511369,1,1
19182,19836,13,1024,0.9723139102591861,3365,210,5.7803268929152765,6.404977753011725,0.6454574173167522,0.6244572413572743,0.08849485451947957,0.9297369792687864,1,1
10196,15153,16,675,0.8208738879318075,1461,31,12.692508190201647,2.268811612494492,0.17824274809035368,0.8708372406121616,0.3548858829632165,0.48192357371791594,1,1
15165,25921,15,2752,0.35991994668180544,5753,63,11.428120696816901,32.942861635219174,0.2644346899554273,0.9202630830025031,0.7983463470145383,0.5698146955563761,1,1
23997,16833,22,4159,0.9131908425989352,5512,76,4.257923437386309,33.0469317579917,0.12100121668120234,0.7279754278701975,0.5514246785635764,0.7708998336970035,1,1
22215,4381,2,1986,0.41451506231587687,3462,231,16.094265893875118,29.230928114829013,0.26399872185388884,0.4684660945635239,0.5474385781091908,0.777640110848672,1,1
8301,11154,12,556,0.43993518347525495,2968,95,12.719605157657654,41.383471783384465,0.49239676529179877,0.6484229689612658,0.2542968802818744,0.2964771534540934,1,1
25030,4467,4,3900,0.8200751363910725,6962,72,7.482508111288637,4.801192670293483,0.8336295994572963,0.6727972237748059,0.0751104833769464,0.34504043621030556,1,1
22571,16439,20,350,0.9035798780355073,3728,264,12.779807384853974,5.94723229984169,0.5337234150203635,0.6266127085509501,0.7595955001888166,0.18313581191540812,1,1
17951,22122,19,894,0.6932637618557158,6831,150,3.358775931668963,41.63316558503402,0.2444635982310961,0.5179564024738459,0.08437712237487505,0.784644826339018,1,1
28714,26956,21,4173,0.5349918290852986,6095,67,9.226226055471926,24.654005834654367,0.044621074890727974,0.6522859569432669,0.7941650484834653,0.7747822934393409,1,1
18773,28792,3,3736,0.5748419489620323,6805,347,4.2882427577327284,13.83348201539715,0.6219698359070045,0.6357895373425213,0.10062477793754852,0.16906998693481312,1,1
24140,26131,8,1372,0.5694491709414758,628,184,2.183615561119204,35.69337796530851,0.42015989736664805,0.4840758553292407,0.13672587882074225,0.3188177020823126,1,1
27921,20264,9,1776,0.5590739864380878,4899,115,7.082383459756946,43.036974962406894,0.98435386681707,0.9281956174950816,0.24669356404002568,0.48238695858174585,1,1
21057,15006,20,3320,0.5054621899658558,4466,195,3.9871354774329237,33.411354451539225,0.7797598854116929,0.9166182085423795,0.40990015479163056,0.5605121020454765,1,1
20500,6149,23,1964,0.7396749405627092,1416,250,11.953046289738108,38.22083204388711,0.8083628192733694,0.8361545142083775,0.6323213216886128,0.5441625862040972,1,1
28942,27660,16,3030,0.926259403881643,5781,282,12.62212025129222,14.277370289174048,0.012235022880396795,0.6066058096718601,0.776806641547871,0.9356139945400154,1,1
23921,10892,11,1695,0.5465327443733383,5517,351,3.9534230527389553,14.572441892295494,0.7777953329040571,0.5870188210509668,0.287059904765946,0.7495066323350112,1,1
19870,23528,23,4197,0.4694843503753037,5655,301,1.9061145924565335,41.61382237666772,0.1946133106754928,0.8085378415334172,0.01633047458012742,0.19620964888857778,1,1
12082,19136,2,4345,0.8866897064777118,1750,341,14.581374266980147,29.89855388679512,0.5857958722883059,0.7391963104019641,0.49334361839664265,0.3494770212499273,1,1
21718,4168,7,2960,0.8247413317694101,2698,127,1.5339408420212777,12.005649328665614,0.44742157231571866,0.734382927325925,0.5686318889990157,0.393613151149788,1,1
28567,15356,14,2533,0.9457357001983427,5188,61,7.174565971532513,25.635605326723972,0.5716038505776799,0.42943137759670824,0.3179553724285333,0.367875857333156,1,1
18517,6129,15,3622,0.45593263078714213,6690,164,9.660624417753551,33.23544215919571,0.1334435294229962,0.745701619389087,0.14678083918113868,0.7680538080040273,1,1
11754,18032,4,4497,0.44232084103461855,4573,131,15.007596110884142,11.271806818787034,0.45689168141114633,0.927192327118954,0.24481247579042986,0.4064770755806898,1,1
9724,23029,12,2401,0.6965148123551979,4287,229,15.33621760531132,31.78060118576359,0.036944685951663114,0.40492254122907734,0.5246397674559303,0.5185627112252333,1,1
9376,5526,4,1606,0.743237539094461,1439,99,13.461500770072515,2.980807941435086,0.0409993481596308,0.5670696314053039,0.3953462958143747,0.5534360426662824,1,1
16706,14059,20,1937,0.6573110027901372,2778,315,5.578760771908315,15.273506281195576,0.6577381307740698,0.6757691465261263,0.5947392229218033,0.3298601222950619,1,1
16894,6516,11,1440,0.7333386472472803,6158,10,13.383084416266318,32.6766751511274,0.9516983734721799,0.7890460766921517,0.1745361956186514,0.3742914272632609,1,1
26037,22751,16,915,0.46544305208004566,1501,269,5.567896764969538,8.019406078025373,0.7773929187047831,0.40736635491600076,0.6735884946429729,0.7629979334976231,1,1
26450,26722,12,1866,0.6569528026650133,4272,238,5.041035163573078,11.44335444019745,0.46915578057097707,0.9085959637048603,0.12470793455737948,0.8366805193204786,1,1
24406,13386,16,1276,0.7711792390013874,2712,292,10.527611244803785,42.317384646844296,0.05587074009237292,0.37594919706121693,0.2639323431299553,0.13151808730070447,1,1
26844,6555,14,1616,0.6269321275191704,2110,20,12.701098323262032,32.69309167328559,0.0450201494571042,0.8989213867566352,0.47296610388417704,0.6143813763190304,1,1
13926,19012,6,2639,0.7848462949226227,2127,144,2.37535413754273,24.44917938206367,0.1578922611080581,0.3676971237537633,0.5894905533219756,0.6384201850081437,1,1
14251,17157,5,2396,0.6387624195544573,6193,301,2.490372918556039,10.911989429990257,0.9758105039340266,0.44825491476950763,0.21294517696321807,0.7267128213154004,1,1
17496,8111,14,678,0.5635037317390574,3637,199,14.438816332477032,17.04625385936613,0.39866106644116317,0.862207249378351,0.7584957883854728,0.6897697572301377,1,1
11300,9752,10,3765,0.5443072301357391,4491,190,15.681704640930416,27.99353341950588,0.8434072918726451,0.9005052398104181,0.56488902655754,0.8458108174888234,1,1
16553,19829,18,2571,0.6129773177526963,1603,129,11.47327511964125,8.299691913519418,0.705142438948597,0.9786501307431844,0.1741400254071298,0.16670146541387332,1,1
11727,9364,3,1346,0.36477735851660853,2687,21,8.575662160163617,23.64197175521488,0.6054286592160663,0.4240574901399521,0.5806124285028562,0.4301164027502469,1,1
24898,6626,6,1307,0.7778560886055128,6551,30,15.447721913386568,20.221796524487054,0.9478261116537416,0.6869287142980043,0.5570669557743131,0.7647760309191471,1,1
24832,23400,17,409,0.8908676102273676,4725,217,13.525481040792947,23.40430504709806,0.23041157061902195,0.3993797289854019,0.6021472574492472,0.8195930101385952,1,1
14019,6875,8,3071,0.5769613404435958,3532,5,11.063304274115932,5.961358600174073,0.45488966246915363,0.4501008806168637,0.7327045797811488,0.3250531725385595,1,1
23463,8497,2,4183,0.37946120713069986,3313,295,6.775992512154596,6.005363091116344,0.8647229656745954,0.46167606906007247,0.5693737483033594,0.5974914374341207,1,1
29727,18979,13,2900,0.9815363823267569,2993,269,4.7669185173374675,46.3132147790771,0.5517613076422437,0.3905684809338147,0.28152823430728574,0.25365026316165906,1,1
18047,14529,22,3543,0.5187668834886828,4403,347,8.40810514798001,47.030283485064125,0.24644513962611103,0.9215070757941357,0.6324139821973638,0.8232601973718622,1,1
19754,25622,12,1305,0.4310375178820947,528,42,6.232572503343491,21.029738921855458,0.2089164168422768,0.4308675315291903,0.5566894062418342,0.7208656266933827,1,1
10520,19645,13,605,0.5866416051027379,4559,237,7.097766697618606,38.08278632158935,0.752881001042301,0.7527781395278872,0.4594073486868623,0.2887553171492674,1,1
11081,24376,20,1258,0.8226765060054763,5821,264,10.007912412648535,31.822197065384614,0.012788894252088734,0.7504781213204104,0.2830663146641807,0.6302071798932508,1,1
9428,16382,13,1253,0.5381066220099621,1760,312,4.290050289701561,6.495092167064281,0.914192077402883,0.4771329314343758,0.7368393411266236,0.5329223195987577,1,1
11967,7025,13,2968,0.7178100505084721,4170,265,14.80191522121812,14.943896894730795,0.01841798811520301,0.9889832071908999,0.41020379420195585,0.3200027215338508,1,1
14445,13458,15,3838,0.615958396439771,6227,242,3.901236118293663,15.741616206292461,0.6309890468807041,0.5723153748453672,0.502482701629788,0.8591542112574978,1,1
22566,16844,3,2977,0.4253689550570358,5394,110,9.436395050445714,29.00139843838352,0.6047479614420073,0.9292603974165725,0.33229047042181964,0.22566340304060886,1,1
22042,27667,3,1930,0.5613836879949505,5958,251,13.808527078327204,28.25890547878009,0.578411151054781,0.9569022286423968,0.624652247051829,0.49734083225138026,1,1
19329,23606,5,2091,0.8139171236570026,6018,308,9.502841676878338,44.404908604029515,0.47434305086675554,0.9573528411518056,0.27283160510968457,0.595378541953354,1,1
10159,7175,21,2903,0.7416824942921252,4010,347,7.456864049212539,38.131706756884874,0.8524303326886111,0.8318160560651027,0.6485075132071608,0.8000137993779975,1,1
13132,12174,24,2271,0.426658163125479,2836,42,9.335706546075391,41.27184023633976,0.6593328702904843,0.5124352033996691,0.0863531429372646,0.227652925512446,1,1
26931,6443,17,366,0.4545263422171575,3823,312,15.503066531423318,42.88774483971744,0.7818622814993935,0.4272194251585651,0.567169515299671,0.6177984169686908,1,1
27363,24395,11,1134,0.760069349956765,599,347,17.8421230216853,38.660003610084075,0.11552180597918982,0.7147263853787019,0.38150571938485883,0.10557578231062442,1,1
22933,13725,14,505,0.8705858651653561,6535,50,11.913864273275687,16.645419269684062,0.049898637457442385,0.5804250439020867,0.5590028503375265,0.7991941170992666,1,1
18473,3693,3,3133,0.5736636774132283,4156,214,14.591826703703562,11.105609652721501,0.02852850892977865,0.8818649675643037,0.4251165144373344,0.2995225817709392,0,0
27033,11347,4,2014,0.730998881179808,5017,97,1.739063321628263,27.87306488698921,0.14720598547359276,0.826793633674721,0.10744506216288158,0.7127780168583872,1,1
18805,14780,20,1832,0.45921189680134733,1193,224,16.02601275715545,33.40971087330598,0.6670078902544158,0.5269397095509835,0.3815932340403403,0.6115961209005899,1,1
11083,21196,7,3445,0.5492808556194072,5301,260,17.24182103881065,19.168694541268792,0.4940217557411708,0.3608897495614264,0.7716471765317509,0.14260827551405145,1,1
25421,16841,20,3420,0.3629729316307536,517,141,10.990294138999914,40.87191654833198,0.7522522561620709,0.5018820857285836,0.6038724809894308,0.2557455136606799,1,1
21944,17254,22,1007,0.8416966065916944,4209,235,13.937780223993627,46.14662986244522,0.1917303367421075,0.7129539739150506,0.24015142561715772,0.3275795915045612,1,1
27873,17021,21,478,0.6066462846546987,3270,310,9.960288258841235,27.761599128455543,0.3669630419704616,0.4005583822160602,0.7552913183254764,0.8537185347909704,1,1
15604,16368,20,412,0.8723203671385305,1530,206,6.222361717517231,22.45982692416226,0.888497548549545,0.7712944638186335,0.6231570217512861,0.5086828803717275,1,1
23379,8724,9,1056,0.8033587174545448,4975,70,15.562091537719711,40.615694496298346,0.9357145460285333,0.7798856222542718,0.29155769686252697,0.8764777353895106,1,1
27018,4407,15,1196,0.8803963300662252,4709,42,11.34780574793304,2.140668708501173,0.9217291549891717,0.4584121103103226,0.4828591726209481,0.14033241546025302,1,1
11983,11032,11,3168,0.532821548533045,2119,159,11.059820882558215,7.063592944209659,0.8183050442007626,0.7316436698146758,0.34134848322911165,0.10557929265869992,1,1
9778,28792,4,458,0.46846958747382095,1350,109,12.375681363379906,40.74590997329459,0.6882358785978919,0.7384617138951896,0.07735231511357094,0.9060096275995263,1,1
13110,17572,7,1085,0.9720196368970692,2396,259,15.624052236175999,35.40534352545564,0.9136778940274637,0.6559060136665946,0.6448235250894592,0.7153293706956674,1,1
29573,20794,16,2103,0.8090897837061565,1475,20,13.576451075220913,20.55842481560332,0.7141815918326391,0.9600773168184794,0.15286250010201732,0.7658192784816049,1,1
20087,22881,24,2139,0.883787051473069,3016,83,4.983549204559797,42.776037313047034,0.9539362487254938,0.4192244353910397,0.36643063692723604,0.8784347719864266,1,1
25508,23756,24,3468,0.35840535917435756,4688,17,9.202588482720772,17.518539519333196,0.02478833203688846,0.6102404279698688,0.5621104967108626,0.9368578884537214,1,1
25081,10394,19,2598,0.5768554369893674,2015,106,17.6749224777724,30.79073181974512,0.9216420858945771,0.915069294242023,0.7457709510614932,0.18305534272517432,1,1
10179,19935,15,4378,0.8254026819694923,1625,156,10.650251777085781,30.813720105318048,0.5557405361393748,0.59724097117415,0.05018087235765015,0.2345476425037901,1,1
17596,14586,20,1842,0.3999090131135893,992,182,16.981048332268177,9.663598952869101,0.11179775182045826,0.6217693497634144,0.3145868454272301,0.26028743161073975,1,1
13251,28752,11,2454,0.7130975549241187,6104,91,14.920596524165424,14.388031599710727,0.21491126973729469,0.7776952834796498,0.4917181799090843,0.7956550099677036,1,1
17235,15926,16,874,0.6246065711712021,3536,92,12.48938678984452,44.05232536671603,0.8521592839149136,0.7759606717309324,0.6234474443615563,0.4022174262193604,1,1
26313,23716,5,3338,0.36127456457030865,3026,33,7.264525843885961,9.6204981282906,0.506116954846516,0.36465725340080984,0.736744940880401,0.6042807301479953,1,1
22871,3997,24,1681,0.5010243693564489,6631,325,6.521269234169743,9.158007226838352,0.9828177234952366,0.6416463527122904,0.00039785204249849216,0.8269386252012585,1,1
9013,23460,3,1522,0.532266873002697,666,104,12.1164475774102,23.54192726549208,0.11753110950497103,0.5634475806069821,0.5022107061590221,0.6806858637913277,1,1
24610,17390,4,2774,0.42159036566164637,4735,119,8.637260473965778,5.333276307178526,0.41250346390012915,0.7517249581739431,0.0055495401557306145,0.1556030848774742,1,1
9828,9099,8,1801,0.7541836222353027,4689,214,14.679434776475997,43.04743088226555,0.3318744430807601,0.7056494820449737,0.6298042300326374,0.47882277821609986,1,1
15909,24939,24,1158,0.505134640801209,1075,347,14.047536202413232,5.707009500686141,0.5161354360649217,0.7665514413527665,0.11973327761149709,0.157375043866195,1,1
13588,23436,17,3874,0.5276764797564085,1105,78,6.650153031185486,29.97820141151734,0.6334378188697185,0.7684111273638425,0.7156965114756207,0.5070170129827253,1,1
21109,24687,11,4029,0.9248727028480943,3843,139,13.095024920519073,16.96974725292995,0.6616294693816545,0.5131179912368855,0.12409938859683099,0.2864073080840505,1,1
10023,27502,20,3265,0.6489587793236092,2318,273,9.660078136603536,38.80082561713859,0.0012958799117780417,0.5077374493242783,0.6114631855300641,0.10111196959633234,1,1
29350,25486,18,3491,0.6009620140603342,1655,354,6.834319663430952,28.72110505107431,0.08896043378156793,0.586980732814818,0.23144314225116133,0.7911790230232382,1,1
22537,16509,20,1896,0.813277464521419,5179,82,8.31394878061656,19.250388630733593,0.03506383365595189,0.5048534147434841,0.44580310546420326,0.9239754177424306,1,1
13891,8490,6,1861,0.9321528300050638,1315,129,16.273305809002323,47.242030273606105,0.8645991463982773,0.7869971698039468,0.4867473880837058,0.9195127795052781,1,1
9080,27948,24,2822,0.36602325519196405,6523,42,7.432041920021918,4.112856457879941,0.3132922531596556,0.7358342241436537,0.16540851891770939,0.3543074146988252,1,1
13036,8616,21,2899,0.6368728617954538,3140,273,6.242088009771058,28.155956251841804,0.3670634418763643,0.48848768425091205,0.2389575068208438,0.8044575685534167,1,1
23379,18958,14,2691,0.7409000678898863,2035,314,7.304819141717274,47.50971064257011,0.45037124894669267,0.9158270776318024,0.08600622594975321,0.6769603662026799,1,1
18822,5248,14,2975,0.5538803828006333,3233,110,5.041204197443413,33.4747742310118,0.8493043972535758,0.6448240736455264,0.004231204301665681,0.7800649317544359,1,1
10563,20232,12,2483,0.8443409421588747,1462,48,10.486477292039423,35.76917268718307,0.014166260962134913,0.43131406290666646,0.19157443081285053,0.8193023410231478,1,1
11292,13748,12,576,0.9717453249729753,3534,229,3.932701199321782,2.508283795235838,0.1186182743798504,0.4862979763786125,0.4128018846712297,0.9332369281936324,1,1
11586,13514,17,4182,0.9537935144001812,5671,246,14.987822476209121,2.0040686655572326,0.6851631221409004,0.695504360403421,0.5708778075399852,0.22897019201698782,1,1
24087,25738,16,3904,0.5202288252031628,2547,157,5.22207407955283,2.697175263163063,0.9638925227075971,0.5665913705315807,0.6348477000735455,0.7542841203866566,1,1
24100,11695,18,2378,0.494856498199991,5909,28,11.367907954404153,47.61102340228291,0.6427864212970076,0.8947820394204598,0.05581276858931368,0.7240305634697036,1,1
28815,11070,23,4377,0.9627939398535814,5041,128,3.562920732178244,47.03742875482002,0.2611234684675232,0.6666306607373889,0.21793030923911313,0.3445754620352398,1,1
14643,11894,19,4468,0.6435222319561382,6880,289,17.644476945536383,16.72191951092031,0.5198644287866173,0.9357886722780183,0.6161791829933316,0.43369942243293125,1,1
11959,23009,20,1420,0.4833105427742027,4360,352,9.000495071745178,14.676145364493957,0.9749804755814343,0.41516894780054703,0.3846950999343272,0.250244340523319,1,1
19005,19698,5,2823,0.8024780567234676,2014,265,15.065827122520439,7.860061039338681,0.5280765465677909,0.7778996051166451,0.14574958986124137,0.876282214122902,1,1
18775,18123,23,3670,0.5320290072984266,3851,150,14.182689288224731,16.469594060743646,0.3735076297282024,0.9169023055057209,0.31377120631719296,0.8474353660793807,1,1
8161,5376,23,2208,0.5210380640454735,1567,195,13.2759352779037,18.397046735721705,0.3834255548387203,0.537475504356621,0.21602735271996476,0.6219297624112086,1,1
24029,28616,24,3820,0.9127193875697822,1381,169,15.15152037487606,36.16929238767458,0.9670335085917307,0.43684006164178435,0.040522804203376686,0.5348854999020005,1,1
24977,7378,6,3405,0.4539866581612182,5532,75,3.157649542885146,41.715796987227534,0.7189165267317058,0.6422526323060467,0.6109017164784548,0.2979551063259314,1,1
22226,14182,8,797,0.39121148573839126,6544,205,12.695203758287375,36.09655062784524,0.6871728556220472,0.9652539048496751,0.23335492873612695,0.7711630234754723,1,1
19154,27833,3,3887,0.5222793217098798,4139,359,5.886149382017389,31.384329751491908,0.2320543216907468,0.755415632322125,0.7561050623464477,0.1069741754723333,1,1
20080,3574,2,4493,0.7384450642164504,2049,16,14.466882457098732,36.9973036701735,0.5594846377635744,0.7621452614593531,0.7105000323568149,0.4933686878362409,1,1
11390,16330,13,2713,0.42877622617809313,3237,56,17.288334537490165,35.70938152013485,0.35674519852231346,0.7797608028995767,0.5730219841869664,0.8314685005574033,1,1
13997,24969,11,4100,0.651820590257148,5057,260,16.37457724240448,23.360235605328555,0.24020152585394983,0.37544728038002617,0.2613075097810471,0.62571253426784,1,1
20693,24876,9,762,0.7514957506722046,600,306,3.3967116708154905,16.785015915683815,0.8955522860141045,0.6352158728476112,0.22393884214484017,0.6398544153358844,1,1
25047,11949,2,3060,0.8931916752596313,4032,304,7.597614941101547,14.290693693247178,0.38315580876261346,0.39964608668269413,0.3802171841267211,0.1601013117765276,1,1
17324,22194,13,3757,0.4971165383694428,3316,13,7.511325493760396,32.92970659710073,0.2827871624713978,0.5521496507980503,0.2836820002621127,0.3436990200290194,1,1
8541,27518,3,572,0.8731016469649853,6911,144,3.517888394932255,46.08729384892558,0.931720396608368,0.8758233755756015,0.7209266592203679,0.6727828747567546,1,1
29817,28680,11,1450,0.5003400071239927,907,104,3.119079880222653,28.309571789974616,0.1973463964561254,0.7700127678252987,0.09879611142498766,0.1421747060651203,1,1
13093,8670,23,3689,0.78313058639337,3015,141,7.850687226991497,43.88874561619651,0.7455047847165227,0.9871665271906016,0.579574060492034,0.3812953904627894,1,1
21428,27099,18,318,0.6256310857487712,2239,26,17.869180583192435,1.6687804357285334,0.6527471444642627,0.4601788315985132,0.48871743546068624,0.40085287902588895,1,1
19166,9567,4,1916,0.4233959951223489,4552,149,10.887553742593541,38.34012039659227,0.9204844283722855,0.6041147111586709,0.6450409530690943,0.5239106306791069,1,1
25251,15716,8,3478,0.8071286162059832,758,165,11.759396871970228,41.119324924123745,0.8320471375672782,0.8681697384466781,0.4339898614001653,0.4080189645269642,1,1
24063,22843,13,4381,0.4893680758713714,1008,253,9.271812015308258,30.6567103833537,0.7052952179396415,0.48804262553179145,0.5036325420923815,0.4859999068443177,1,1
18258,9117,9,711,0.4630389926557385,6286,179,12.428454113016377,44.90086697000129,0.31457166069709563,0.44838198165063997,0.7701925055731804,0.5649477444787623,1,1
24044,23376,21,1041,0.5793266742972052,4321,92,17.284924332288696,28.725910665421083,0.4955690112705492,0.6236720364760486,0.07356924215932929,0.20909566530605656,1,1
13469,10837,13,2971,0.7681057566460694,4904,37,11.213516234637465,12.305234418757218,0.9444957613471798,0.5955849537008009,0.08389252705365068,0.2534041024728975,1,1
14256,19587,4,3079,0.4997577464260018,4183,275,2.5731345853996888,11.138709784065131,0.023202630581493522,0.977331802178145,0.31488614778231805,0.8076343452023261,1,1
18720,17531,18,2924,0.46754338482040686,5220,287,9.632694391275278,27.124304534557616,0.794331823820039,0.6420009785770564,0.37818623472079427,0.4908027510993279,1,1
9169,22159,10,814,0.35637032045655315,6753,230,17.880396008657197,43.604744733321915,0.25181035045387934,0.9010056595857623,0.1598976336501301,0.40187926276947705,1,1
8830,21376,11,506,0.6518515821451031,4226,116,7.892144889805344,4.401293450488619,0.1850169432937917,0.9182979323096894,0.0661342375862951,0.4687992870544273,1,1
9651,21627,23,1247,0.6243331643617169,1178,86,11.29904041403879,29.406354073912816,0.23222461442231956,0.4510378970204219,0.017741005251327737,0.24859576989019658,1,1
25520,11498,7,2741,0.4996753559279208,1783,217,3.2595065965754806,37.18076323015516,0.05975099149684715,0.807795072799011,0.6116738003566708,0.3038701665397091,1,1
27194,21071,2,2128,0.38433738496620207,6276,308,3.829478229153354,6.42389727230775,0.9919798242861678,0.5276685690952981,0.38804591493106017,0.5381950111815542,1,1
17518,7109,23,3898,0.6247237597413355,5337,12,15.93224397704038,6.488175463464608,0.869869143225145,0.41063293968808284,0.6747227438665353,0.40508752185624475,1,1
21258,21244,13,2467,0.854451271085844,1406,138,6.455686366151589,18.20801584347064,0.5210559686322274,0.9098111431050155,0.28866978803085674,0.5041376875544296,1,1
24184,24560,6,1956,0.8077805640493932,767,122,6.539946010350785,13.872415156836693,0.7151031785570919,0.5371571462165449,0.56275690402238,0.22724897189830842,1,1
9019,20106,14,901,0.9009087295105089,6626,88,7.8890144340384145,10.320765468003419,0.5565953629235076,0.5710340289221184,0.3908164178905284,0.23299808247457704,1,1
29621,28355,16,1011,0.35613292013641956,3603,262,17.44689810292462,10.338626159733225,0.8115789444508323,0.5573529833723776,0.4896559988905523,0.426351566687735,1,1
18028,16521,23,1503,0.968508362754943,5535,247,2.892443184608461,7.1414445239672855,0.8447651915570114,0.4781890706901567,0.2961574728968923,0.4220289877910872,1,1
20448,11720,12,1691,0.5685038416815669,5406,241,15.009607692097026,29.710138614851765,0.23279042815320128,0.6280821644983194,0.0649358163578726,0.8508324919960688,1,1
20485,7893,9,2996,0.9838545894988574,1700,154,7.135704961688776,33.341903368452094,0.45974777065024575,0.6241074053135613,0.7578988657691804,0.12843367362799477,1,1
9283,19727,6,3572,0.5116764547851358,6747,25,15.516222428760335,34.0380026633151,0.634847734189571,0.6116010404551571,0.6688718823348915,0.9439271254046618,1,1
25043,24782,3,3431,0.6517832880500767,5855,138,17.86396821682495,26.020636878514487,0.978440830608275,0.9364305581802107,0.24951341852397918,0.9130446003425267,1,1
26394,11400,13,4030,0.5765137130081943,1616,100,7.25301226849384,45.78659467428164,0.6826893790961647,0.5674410423653192,0.7669623484351552,0.5609133080592971,1,1
9733,24120,3,2966,0.5776868575963536,6844,17,3.6343800425038615,42.385040546733094,0.8976350107441573,0.36944250134026024,0.2403909851320928,0.7109440976617731,1,1
26509,22790,17,849,0.8890605431988581,6430,5,3.882195716718316,46.00866370531516,0.8461120509870876,0.46419968399409683,0.35439201617349625,0.8949664588594833,1,1
26555,28887,22,4282,0.8277081214318968,1398,154,14.019224700661567,19.273387471977365,0.5820630636785641,0.8117581290070232,0.6041085285511018,0.3135148199755491,1,1
24230,17606,4,1544,0.9849769185472308,3290,121,3.8912056135792525,42.25580851788616,0.893655360061889,0.7281495080412872,0.24720339866590432,0.36828601685449225,1,1
22472,13139,11,4186,0.7426493969392081,5520,156,5.796955880821504,36.85511087212354,0.3774217278252344,0.9591102743943588,0.25960638290858473,0.19428598088839844,1,1
20889,20303,20,4312,0.6464842268124817,6386,68,4.872572670424316,16.978726442598614,0.3792835304483114,0.7944384686021653,0.3280657270181336,0.5792691997262963,1,1
11471,25203,9,2849,0.4076472722860103,3144,154,7.368696306511212,6.009883149698307,0.7809656432426689,0.4743146709751752,0.37471148768213125,0.2355311193199443,1,1
17028,5044,8,3504,0.9877993084888683,1558,321,2.7270484899698433,33.083198745149964,0.13454366563501097,0.42721229992147397,0.09889299345074215,0.8912400239377513,1,1
16329,19802,2,1145,0.702979617876661,1187,16,15.636250959719758,7.413259233728376,0.30582521745841895,0.6832862562012652,0.013993326415514318,0.46683182004005674,1,1
10097,21133,13,343,0.7983055806016908,6077,94,15.692414144716393,14.807462929052267,0.6085724508733423,0.7757681511310991,0.7353257542840433,0.8817337172705744,1,1
22082,26762,6,958,0.6103151278024392,6090,87,8.313392824964382,24.517135092858002,0.4200655988669486,0.45600751229986325,0.2825509056183945,0.2743349163889629,1,1
29452,20483,17,4230,0.700538053234711,6554,254,11.599444888887342,32.954479151978234,0.9407237098882285,0.7350835266449397,0.0813508812412299,0.6899310033133816,1,1
21930,6392,5,3167,0.9532497484114478,1287,37,12.092200919921027,44.532699888273335,0.9585060696191365,0.9036183577149808,0.6073371217120351,0.650453266345586,1,1
18077,22156,18,3947,0.4565084402762257,4994,153,13.862758903207824,28.882282107902842,0.5025813088137892,0.8156441139795484,0.23604853679831264,0.4397243283832042,1,1
14397,13672,22,3082,0.5371184539713629,3144,132,10.091386444476843,32.55641568458846,0.5390618903656813,0.7750822917643568,0.14533125936115762,0.8635916580400371,1,1
10757,17444,3,1991,0.44731822577794067,2664,104,9.920544749787819,15.570650957095967,0.7246270918237712,0.8551718748863516,0.770088826288533,0.4695817432839179,1,1
28304,9784,13,2525,0.8570181784350558,4957,332,11.916512325915479,33.30275297214133,0.4572649252341735,0.4166129337943878,0.7364343131632878,0.2686659508948398,1,1
26284,20929,2,3366,0.3897089666699709,703,216,13.10029852855298,21.5761356743135,0.1900984679404768,0.48045213171916445,0.08459668634959217,0.9304375739743516,1,1
26994,4070,13,2247,0.4022442559048565,3717,78,7.220391220982654,41.275765595537365,0.7469691686229307,0.37438367809650497,0.7194281678572438,0.4752591925487749,0,1
25833,25906,13,1665,0.5410362321839159,2991,100,6.951112808935449,19.445174153369294,0.7377858893529983,0.44278588507312433,0.7126940208026201,0.2768620310260746,1,1
13017,4850,13,3430,0.6790804357894472,5322,96,5.950353667582502,23.008785017858173,0.24498110339177948,0.9344366993084969,0.507499642334781,0.4090877614092143,1,1
24370,24437,20,1267,0.6100158723581354,2538,334,10.555968162660351,21.33162457478212,0.8329165197810076,0.49217275386708037,0.42379040071214513,0.6214830380566089,1,1
15999,15390,18,1704,0.3786824388293166,6236,332,7.4425688776702446,39.1227732124471,0.6136491964201608,0.7737422184613523,0.17395081424104675,0.5352234052696666,1,1
18195,5939,21,785,0.962794597037409,3868,179,10.415168917175926,45.82386225955955,0.23630161031536545,0.7926030394466421,0.09710742032469516,0.6398494694057268,1,1
10096,13095,12,2055,0.9598364930291735,6200,229,8.198748636144206,16.381986146213876,0.6520391441687042,0.7630082940285363,0.485095240768025,0.6625786867407055,1,1
23433,19301,14,3930,0.5287880468740863,4058,319,15.306114012118904,23.32631133581761,0.23360952629056075,0.7045094711909525,0.6575658053783142,0.2048738769559122,1,1
18595,10194,9,3268,0.8181763937718922,4557,179,2.706648955800102,34.17853453458208,0.2652329540800178,0.6611234223659596,0.5509150836340435,0.3676522193774999,1,1
23941,8851,11,1879,0.7202882632852632,5362,60,10.94147479447713,43.08293623563236,0.8480093068031561,0.6187493387397387,0.14464033893388475,0.7363958421700277,1,1
27715,26057,9,3095,0.5019850848035994,5850,273,10.997791884688763,24.203932751762974,0.9294915692398189,0.9368151658357022,0.232014912201368,0.6528121617804411,1,1
23078,19378,21,350,0.5177897931146338,1726,39,7.831335623888547,6.117994886656182,0.2568826583582111,0.356089190961373,0.4371340697516155,0.17509608630216933,1,1
13105,3678,9,1959,0.6643380315586882,4990,123,8.446844760291864,18.327555024562113,0.9280510370851858,0.3842333606572258,0.49999401403476984,0.3678754476731656,1,1
27362,3988,10,3087,0.6183116425583104,4843,60,14.702167454568322,26.86700861568531,0.2387988465023535,0.6652079779216951,0.05780209000588448,0.8916238269643415,0,0
10839,4502,8,2455,0.5363867700680091,4011,313,6.131116219295524,20.623656480403532,0.11726736554258566,0.5615264523546836,0.4912413105957432,0.8327107575009252,1,1
11384,21173,15,3461,0.8668074216352953,1413,320,15.878162558531688,9.768119159039294,0.05822387807126117,0.611267336386082,0.5890555158908982,0.6700464246925938,1,1
18851,24665,3,1914,0.6581362672879263,1919,109,16.289664518222438,2.7385062811312224,0.2421132408326333,0.9886230525177224,0.14508627888626072,0.1619342474559661,1,1
18053,19198,12,3036,0.7691027599290419,3203,180,12.235218522636233,33.30820730575506,0.3852465406772353,0.8460862074855808,0.19697497204245,0.615996908599561,1,1
21493,24411,9,706,0.4711350401074403,6414,110,14.252152276183624,47.6586479665257,0.9275483801093047,0.911541091832464,0.2071172721429714,0.11035991206367547,1,1
25069,20809,14,3679,0.6914449040105515,855,84,11.613634217849059,44.202711793141,0.2421579997060287,0.585887721117193,0.7518482020606838,0.6619574443942393,1,1
22139,18867,22,4497,0.5535046716458377,3972,167,10.166775376818762,33.11373281045823,0.36546534495089333,0.5033186816039532,0.32561289663039156,0.7215298166555718,1,1
15531,17266,16,1684,0.686904710652722,740,271,17.450182945128788,40.551901000272174,0.734155874743572,0.8415138997263655,0.42445716510765297,0.5226570766638186,1,1
12283,9654,4,3995,0.849728533382994,2410,55,6.163806909753159,13.01919806795808,0.3020740879872815,0.8668487003245521,0.5794514797736193,0.10323564774086584,1,1
15736,5440,24,3202,0.8421044544584075,2776,283,4.04349061961135,30.25441849568698,0.6843681516795805,0.7019350054234801,0.2971682107095755,0.6666186006433054,1,1
15710,13234,15,1929,0.5767012339419366,1120,307,6.243508491851502,3.8483981237513754,0.4320778192485024,0.9234025693742748,0.08444443755548399,0.796779072708074,1,1
9619,26240,16,3562,0.794337354930969,6158,79,11.641322538260845,34.237644583685515,0.19644495265917228,0.9690881643490085,0.5234574965749765,0.5979873477839968,1,1
21975,10367,3,1326,0.9524255682523373,1354,353,4.5555267286688705,46.58399993414063,0.7340589009691361,0.6514532341960384,0.5338185332589805,0.7028178790219947,1,1
20835,28854,20,3289,0.7504283711519402,4243,131,16.495431713234183,41.45747343923938,0.02703883335668411,0.4925066673796686,0.20843825200097124,0.1767731554238445,1,1
23261,16490,13,2524,0.44498247896488774,2814,250,8.28190261097898,26.118721114266958,0.2923348250729789,0.6809523885128408,0.028183127880577443,0.7080235739247565,1,1
9431,5594,21,3220,0.7850135227386209,3700,316,15.52438749181542,38.0707903077005,0.3561815391683787,0.9833012631524075,0.5322825233963012,0.622064017735373,1,1
17067,24073,5,3083,0.41713880726355923,6863,238,5.612402984725476,45.36324406756374,0.458218254987636,0.5374731901971712,0.5627404419585778,0.38136676627620936,1,1
12713,21820,4,1713,0.9081506616275373,5701,159,6.667277858865335,11.152826163143123,0.6798692319761394,0.7452635671889927,0.02085191405821174,0.6825338960090924,1,1
17557,8517,6,3948,0.6806627173132418,4124,77,2.477186053346194,38.28315010993677,0.45940499418603686,0.7941495450047662,0.5545466147649742,0.648745450048007,1,1
17435,12219,4,3108,0.5964900712394109,5946,141,5.75316692106197,13.682807024536109,0.5943241122862163,0.48691442838097726,0.7511428552528581,0.6095412039990771,1,1
12998,9310,16,3631,0.3864842205758031,1560,278,9.590178012894473,42.216528831164325,0.5957790784178173,0.726613838606186,0.14302822641128385,0.2555035928189593,1,1
8162,6539,20,2478,0.5937015901389502,881,48,17.111259142433497,5.6226617674368375,0.3732716498960077,0.5512844838202339,0.4170590036815567,0.3517884660448988,1,1
9974,17744,3,1097,0.9280522674661053,6531,251,7.9168990692097205,9.37626568688255,0.9339712657546985,0.896694149815515,0.5574211637666944,0.9426753560008747,1,1
27675,22867,13,3146,0.363429117623234,6682,153,12.055774011475208,34.86897378317468,0.9558538308764427,0.8074422852518682,0.18406352169309426,0.46814279795237657,1,1
16461,26755,6,1229,0.6537748209803551,1632,60,8.557216938235001,9.214542681572702,0.5818508840944658,0.8788105135865542,0.6012391133300378,0.15051254502169564,1,1
25015,21625,23,3391,0.9459411783107983,2976,180,2.2720655376710304,8.428552189443085,0.07169088029543191,0.4777967325388514,0.6944707437104682,0.8641545141917535,1,1
25289,9378,18,2562,0.6026982398496135,3635,261,9.808288327295594,27.106943237746986,0.49112756425593573,0.3721278116387633,0.6516407686158661,0.24699227431122187,1,1
10014,22149,15,1633,0.6240324399757762,3338,305,2.587575170614694,40.24440017232633,0.1844193267940072,0.8943364382783199,0.20711913247548114,0.44299184654439694,1,1
17833,12365,23,1574,0.7202784353274367,2579,67,16.081048755859342,13.617968987907567,0.4832145218729037,0.5975226882665151,0.64337315266807,0.3362990764418474,1,1
15896,14422,11,3780,0.6462798934893974,1444,318,13.925109872190081,40.5334945871578,0.1884831544985418,0.46502234362377515,0.330674595521907,0.9192941351874986,1,1
8204,7911,4,3642,0.45790508239203354,6340,67,7.7477492756640425,38.97380963766081,0.7038552456488844,0.40881303377107514,0.21317073985779667,0.421383792073328,1,1
24965,3403,5,1517,0.36187554500471064,4462,298,12.063607992156282,28.21795384508877,0.08042912006634251,0.6805605158765384,0.13437717373994149,0.7024094193238019,1,1
17032,16180,7,1764,0.740279461106369,4701,33,3.34846456266998,31.388449423301697,0.9533040763959241,0.4460818896716453,0.7271851540053497,0.6086255261422594,1,1
13347,22766,23,4474,0.9393162156849998,3029,44,13.092157284883738,2.900735770759686,0.1953758894333527,0.7126828956424043,0.3415180332133022,0.13652889586157557,1,1
10643,7163,17,313,0.41807304513738597,4801,151,15.075084748359247,18.255371240274524,0.6606563360492455,0.8154761872081566,0.6925849495062454,0.4266674767247228,1,1
16017,27014,8,2593,0.48500974032176214,3818,92,15.058803200880869,13.37956176256257,0.9169623507294894,0.6924372297704013,0.12763599114383437,0.4315186682154085,1,1
26681,19471,16,2345,0.586946870927983,1334,60,6.190579536895822,8.050181454191204,0.24788631398406247,0.9283678609206278,0.6135947729224951,0.9413583265938349,1,1
25258,17336,22,1337,0.8675950265735166,4250,304,5.85181222206764,19.31398847037813,0.93429689903713,0.4495645595748082,0.08801067823191176,0.7901393958997677,1,1
13560,28734,21,4428,0.5223266025414256,4684,197,10.103061850394194,17.680497228329344,0.38867466566027264,0.6661302228803193,0.014051956863954197,0.8281561347032934,1,1
23892,25200,12,1759,0.9145148187384118,3887,104,17.468240671842498,35.25790887209717,0.96053081725259,0.4544418940074446,0.7960394461811303,0.36649299451799855,1,1
22531,8470,23,556,0.3851730397760425,5668,219,16.68862913050041,29.110528002407406,0.9713638581345255,0.9105772329257897,0.05882986660559278,0.37969642284633875,1,1
25073,17953,22,4429,0.9522122376057183,5491,145,7.434034948973699,43.915703233694906,0.18807990506923977,0.9466331368647284,0.3692323616502677,0.538264852170412,1,1
12000,9276,2,4373,0.7088781298392095,6192,53,14.367186852020229,7.834156403624428,0.8310873369310544,0.6059973642514226,0.7027083063441047,0.6363628628191702,1,1
22289,8739,6,1583,0.7716177142321309,5790,119,16.701743107509046,3.808184450205722,0.1934210128335503,0.5456788850231518,0.6555036384526055,0.719049464897778,1,1
25055,23657,14,3787,0.585321294423266,4738,233,5.805286684340483,26.12656601208305,0.2264406203310816,0.5287623010747191,0.3769405703644865,0.7976815774182597,1,1
15927,28957,22,2484,0.8504763427270786,706,256,15.199878218448506,1.0482755147068983,0.08412650402339827,0.90022550143407,0.4886788053387592,0.842221886439471,1,1
23562,9523,15,658,0.45660240005401986,4034,79,5.920277844001413,38.02279032734339,0.15653694649817795,0.7867628317610529,0.5037649213302554,0.12093202420893474,1,1
9171,24387,10,4091,0.3813035681782317,2552,195,7.164155077138975,24.780725768195445,0.6322189682471079,0.913579554978454,0.08785998640852455,0.7766815005941435,1,1
29975,27422,18,3487,0.6031308435888365,4806,203,4.7805413990374435,23.939082074721,0.44925273005178645,0.4252107708696211,0.2279232754717171,0.6192114413240786,1,1
19918,17993,16,1525,0.8963652569478653,528,167,9.866816684699772,18.037311000036198,0.7909442371688351,0.6546578738330048,0.2407865289448773,0.5522720625473492,1,1
17135,15873,22,2597,0.8331531754481245,1713,143,15.414629755310479,18.62377029899184,0.33199681482662213,0.7827546204576613,0.30250252042773484,0.6341963863295835,1,1
14342,25990,8,577,0.6809798211129331,687,53,10.212860267685953,21.263282877780824,0.9686245673010588,0.9241380868817888,0.2191340281167783,0.84964750890381,1,1
25833,16419,23,2286,0.7161681581858261,2360,119,3.5367601599361094,1.7535201880234188,0.049872540819374644,0.5944922969043127,0.2011987691690581,0.5634972601614295,1,1
19929,17457,23,3844,0.43313140883120343,5769,172,5.654302881748305,4.926651999161619,0.06293595440244149,0.5503776465345778,0.28382841017477256,0.23785980501412213,1,1
10539,5064,13,3093,0.8880361655152526,3072,281,10.787220810142092,24.73725694052814,0.7013748988181361,0.9342980538789413,0.30338120632254556,0.471260577666039,1,1
11959,8315,24,691,0.853654197097086,6628,51,11.122593016914243,8.055746465330792,0.8875388849728597,0.380421292691304,0.3897792454069291,0.8857906035253297,1,1
21183,13566,7,1268,0.7701410520876433,4514,263,11.018947408490352,37.60184259230891,0.7955001916341494,0.6569411135075712,0.13882832171863166,0.7923111933711663,1,1
13432,3317,22,2490,0.6483622632505206,5985,220,2.7705576263525633,13.900803178212712,0.4898170878669137,0.6435209987882131,0.6306693308151758,0.27258876120269143,1,1
28644,20886,17,2528,0.967253931698888,4752,234,13.935982228473446,5.60128295541823,0.26964136130502003,0.44347610489011974,0.688534160296512,0.7070221881570223,1,1
26745,9130,6,2926,0.9125804620009415,2627,131,16.50556528331861,12.054866517462141,0.013451529304714938,0.602768071156082,0.1985319067924654,0.3177927132658468,1,1
28054,10419,10,3145,0.7624355158493559,2391,327,9.923562637543348,17.78361681732204,0.5094514539197756,0.8124638335894294,0.09864058169433206,0.39625644744173627,1,1
9753,5042,15,3607,0.5879526385390642,5892,322,13.360683231735738,2.6598806039595297,0.47563619730927653,0.5847958045147225,0.5778495850107562,0.4985797593794338,1,1
26322,7598,9,2900,0.7455342583561679,3207,229,16.581255618603095,7.658749646157464,0.34424589947023987,0.5481827069502588,0.7393960981783475,0.47473918368158796,1,1
18123,13214,15,2980,0.7182821929796258,2241,154,12.103275456642262,16.22079746044342,0.578072787972485,0.8504131186600615,0.02811867133836854,0.12488785267812265,1,1
24376,3118,13,385,0.6023148722143465,3173,291,12.626374453112343,15.59258226905891,0.7288146973812732,0.9827778630575372,0.01154878322745656,0.7579078412331406,1,1
14588,3709,11,3434,0.5462713418803686,2313,50,13.40317282083525,38.61817473831244,0.7008882362282425,0.848785519315379,0.14674036910746927,0.8194280950431795,0,1
14304,18857,21,2539,0.6104869070318863,4827,305,5.798290448992075,40.63300733969469,0.2632528417842155,0.8916597044218124,0.5478339882463493,0.5513017537274298,1,1
15345,22941,21,3664,0.7173032998613746,659,18,11.114184932827653,10.090674159746849,0.5853036886145931,0.9512804798800083,0.7718248062647134,0.24700842043817284,1,1
23352,15601,22,2345,0.6240063006151004,843,125,15.395889389983529,6.825174543903827,0.1487744785839984,0.8631343782886601,0.600304764127461,0.31074732166254243,1,1
8597,6250,14,1354,0.5186876724488856,704,195,6.386685049302386,30.805636763106662,0.1216018438883546,0.9774267454826931,0.4584260802922092,0.20738407914527557,1,1
27446,11061,20,3701,0.8370165233669176,3542,337,16.303313243348192,38.817307117685274,0.7858558362591179,0.8282619230445194,0.5604395143004383,0.24408031618309542,1,1
10336,11609,16,4029,0.6901391974127442,3385,348,11.736302171132929,46.294985569534184,0.6937459020955359,0.7733744327470349,0.18455864903375138,0.8449377847126506,1,1
17879,5603,9,2969,0.39331210446438397,804,170,8.482385048645428,1.319425383086171,0.7679289006316287,0.7937430715197598,0.5508415584520965,0.5081383722734965,1,1
8572,15046,24,575,0.5857225636007203,5979,121,11.782518863104833,20.442871331059813,0.15246227420422087,0.9260523691359898,0.257155962782914,0.1943614476731252,1,1
15521,20485,22,4390,0.9163446126156759,3217,128,8.13068844386976,35.497428202436126,0.9146185893704599,0.787125216551551,0.17793770626614266,0.3165334726903839,1,1
14171,23805,11,1405,0.8333513799679693,4441,58,15.327587430494882,39.94228704709466,0.13311161322235876,0.8371713094065112,0.18924479880984135,0.9070762037955817,1,1
26474,10857,4,3232,0.5568779417241645,899,308,9.458256571115353,3.927439588105596,0.8700369681977288,0.48824635756611856,0.5342302014849171,0.532875836618383,1,1
21992,14620,22,428,0.9504372173084858,4020,275,16.370020435946557,32.988882414813986,0.35237929130593126,0.9340957522782785,0.6137805777602335,0.5382891518725679,1,1
19861,11177,4,3868,0.3990258613492545,6749,203,9.911833333989136,14.580119717751591,0.10543409303413931,0.6362164749946948,0.46544168844683764,0.5467981342313332,1,1
20464,25466,6,2702,0.9651902104910008,6985,220,12.396078429016889,4.506057088656893,0.2867689605655259,0.45308309178419504,0.051084209114047055,0.19487429221288238,1,1
29008,26042,17,1947,0.5072512591901924,1485,117,17.962782946613036,23.98782134246936,0.181448014213883,0.8618638025135752,0.030407466964369603,0.9247666098615508,1,1
9633,21645,18,3856,0.3558202753935483,2305,20,3.924936376640929,8.43320713059486,0.49066971869171416,0.5780915312851034,0.17373348006253658,0.1718128852459823,1,1
25901,27405,7,4191,0.6276371433717292,5547,220,13.656030954101194,35.639353348899185,0.9497453480397686,0.46783625149543756,0.22917496193918813,0.6950326579242588,1,1
20485,14826,21,2493,0.5797410749996855,6040,139,3.7913917606129037,35.839304585874316,0.3278711615825185,0.5140007418691808,0.3238559142729477,0.14910009611386477,1,1
18849,16890,21,2347,0.695016963332348,2596,47,15.341295035112537,40.57718495441294,0.6120989856821137,0.3723673474499009,0.06082246189552265,0.477053004855747,1,1
11648,19892,17,3404,0.859934630764701,4801,256,11.341480789173191,18.745728201944353,0.8917208757399636,0.4079987090517664,0.5801270127538602,0.8647265320552506,1,1
23177,21763,3,2434,0.8891557133762861,5837,288,16.979632750006576,1.6255604698402504,0.630073929696232,0.7292798306471201,0.5691985269707933,0.753177861027262,1,1
21140,28263,21,1142,0.6067871997514828,6437,326,15.788283932090328,13.207589103600547,0.36219914086976435,0.9043794099804516,0.2773420749261119,0.38447461838822317,1,1
25921,24136,16,2271,0.6251012759720641,1959,102,2.7353886182355867,22.987149877688015,0.9908391271758792,0.6370594645752488,0.4504020194947284,0.5686456010545244,1,1
22357,16830,19,4203,0.4448337474108631,1845,64,3.765491937701205,33.61853013255437,0.18741360144053365,0.7506772110718225,0.08073275549511445,0.24048345727550047,1,1
21368,12484,2,3913,0.3804304696839446,730,234,11.419320322012616,18.955907527276846,0.523256014895508,0.8682291847867419,0.33217491424008466,0.9127022035109422,1,1
11137,8495,20,691,0.7603775937504158,4282,135,10.052191559044235,26.19427461515549,0.7967054987367973,0.5783321026931644,0.6860518059840446,0.7023757421863641,1,1
8097,14267,13,2579,0.39124008035372304,6106,163,4.281324655121836,25.640388610418693,0.0006488695772243203,0.7687610050248539,0.5284979704972781,0.41814969683016656,1,1
19407,22593,9,1200,0.8196512764297318,4000,316,3.6344272664822217,8.754170419840879,0.702043252142437,0.5742767525062106,0.08315502053910465,0.3702444058811363,1,1
20722,10398,7,2794,0.6950176928142384,1382,88,10.805847926786617,30.2833265037606,0.2664988967059386,0.7613378270541242,0.6780624249738838,0.30284293712198834,1,1
20924,9743,13,1452,0.47709310606469335,3273,212,2.3072055415874915,21.644831225653697,0.16972672269187716,0.4892689408891187,0.5445569835352395,0.7685416168655637,1,1
11750,25032,8,1594,0.6952946838480958,2831,178,15.916632498731744,38.97217897766717,0.27419446336829145,0.9758173787330687,0.36244503526873895,0.4694221128496995,1,1
16535,8171,19,765,0.46711853862534325,6105,292,14.816868176743238,33.45872678205829,0.9668164258397841,0.3987537718761877,0.5536728312105178,0.38068463788776097,1,1
29797,19005,23,2475,0.6307918128066636,6919,85,14.458604533232974,6.239051751285068,0.8919352592396855,0.6733490236944368,0.13825620434425545,0.8694384849841849,1,1
12666,27274,15,3545,0.8617186023950265,932,22,1.7639529261722275,23.97164527171872,0.2137544564637025,0.5332297043533293,0.4403891762180389,0.22768525543574147,1,1
24009,19708,9,787,0.645628347782808,1708,200,2.286075566310176,34.01723484922681,0.11702677311844456,0.7345362142822942,0.4943416028524221,0.32426016995435547,1,1
24994,16004,21,3238,0.44516756371043087,3180,295,10.572345498987023,5.089551112945103,0.3641526045144676,0.6241164671429831,0.7421958583544912,0.39305085560787256,1,1
9727,13962,23,2926,0.8132503563666849,2763,283,17.908023866753933,38.24736053016168,0.5923364801000734,0.5462659760703532,0.053513368641313,0.32087376271615925,1,1
9854,13775,15,1249,0.46953178641280563,6740,258,7.148217316027304,11.434212188286772,0.8671446285811206,0.5100240885010787,0.2998261714086791,0.5975925850379393,1,1
18800,6557,6,1349,0.82267191959687,3502,146,7.182184470688175,24.644985387263414,0.9660901250400777,0.4667991130864735,0.7494517679447469,0.610876444777491,1,1
13055,6587,10,4375,0.6567854650981333,5738,169,3.715586453222725,45.2063805112139,0.7511533681730987,0.8510427623608079,0.1737768441028746,0.14653662661107378,1,1
18271,19535,9,1690,0.6403947258203531,2912,9,12.626540761701774,27.852709036647347,0.5990072127016558,0.4922079597399335,0.6505602626581308,0.2228497044551006,1,1
26708,3954,3,1383,0.8949184242287839,2317,255,12.170165368401094,20.930559230085528,0.14233202613101692,0.8450567656805859,0.0012844279675966242,0.2687494429224431,1,1
20819,16794,17,1958,0.803506255578028,5603,154,3.1718198702561247,1.3193615877597056,0.07402837637331106,0.6604247098587805,0.020707255877988474,0.15977885823776714,1,1
17369,23738,14,2117,0.3710629100511611,1117,32,9.212302736627795,7.27044027038167,0.5960268785292011,0.3962259336679668,0.2620983082024938,0.2060476909044161,1,1
17283,26544,8,490,0.5395515613450255,4992,241,12.506735995562575,28.19720259960542,0.5390641057669271,0.45588331369839097,0.6148029686642181,0.3037036806377792,1,1
21171,28767,17,760,0.9073892229439351,3005,136,9.643016249311795,24.209776910725697,0.8460881077341021,0.921458972238207,0.08331477538808728,0.39377751627960367,1,1
13774,3687,8,2821,0.3617287478689271,817,310,12.626999100768467,18.099971255401073,0.32260585085510385,0.735802126083283,0.3062829149024944,0.7726126602531818,0,1
14519,11501,15,3776,0.698962205607661,6785,289,14.96846155761958,44.39114661352352,0.03969085734981015,0.467973234381878,0.10517453498359633,0.2852193170559261,1,1
18983,18138,15,3005,0.815808428271324,956,297,12.815954646509166,16.62667925901922,0.4237082690910332,0.8004095457285128,0.17887485555312654,0.6695219567268461,1,1
26133,12694,13,1457,0.7479878947101285,1000,167,11.665884891203643,26.24608555287301,0.9691823039377393,0.8768875164342336,0.4023953537028782,0.1491988666470157,1,1
22939,6127,2,327,0.8367406093468392,4918,231,15.584239239584138,27.729530247634113,0.795574904936523,0.5616180144374239,0.2553109935673694,0.6595047873581796,1,1
8781,26147,2,3272,0.8144427833054373,5595,134,16.359711369851503,25.791014333004366,0.03377217364227314,0.7062209361988561,0.16953011678406613,0.7755113248069265,1,1
24282,15760,13,3324,0.7928996448979926,2815,62,7.916626213400769,23.446513402384667,0.8746789038981754,0.5378079809812076,0.31479758486954196,0.6140867565179354,1,1
14823,14559,21,1564,0.8757855109924173,4374,150,4.358623147444118,16.84199559255968,0.4716894896213174,0.4012394993411752,0.5608439714189049,0.271183446818651,1,1
26489,17796,22,1155,0.7632420278077046,5473,316,14.994696666132835,43.71189075286212,0.3647680318179558,0.6056858097516389,0.09553448528079073,0.38084681178304514,1,1
28251,6395,16,4325,0.6075478363244685,5274,126,5.026926270441472,22.187753302679802,0.34673954080279157,0.8309164922335271,0.3836755562886063,0.7844041465320727,1,1
15193,28389,5,1551,0.652021830345336,6657,196,16.827686050859914,25.837096765265557,0.5951442530388644,0.6435553784884972,0.21977576689115166,0.46717610861756764,1,1
29360,3845,8,4170,0.8087038609161283,1503,249,1.877486096161407,31.854465240021387,0.5305994184407625,0.6093721651329007,0.30289669883196524,0.31694945073911673,1,1
10113,4164,17,1626,0.9108358589867481,4750,107,16.700974513218508,4.179833994282129,0.656627244168263,0.5842446008572295,0.6572441431265544,0.8927878060892082,1,1
24280,15954,4,1325,0.5242200325374564,4696,254,11.221519378099035,37.72054264877252,0.5736414650400466,0.6437067665085118,0.7437839837635428,0.6417516281190019,1,1
21565,8904,8,661,0.5689291494214853,1566,26,14.283244922462544,25.08784357404367,0.14394457484171852,0.5536665293649059,0.1943823240967678,0.7848575039659867,0,0
28354,16731,23,1518,0.9456732136719441,5930,64,8.075127686562674,31.887315984713442,0.2572360087583182,0.7417978847435998,0.5039767654635922,0.12082660217035879,1,1
18183,24744,7,905,0.7202475471420451,5216,242,17.863318816496523,37.284567074443494,0.8410295721018342,0.3906822268958048,0.5413418238937381,0.3884360956886348,1,1
25961,3354,17,1970,0.46453556296640064,2128,344,5.254598554843792,42.08267136591809,0.6632585146956299,0.866728431006281,0.6739887991859462,0.4900623670255474,1,1
17203,21256,9,2597,0.7747648889039249,5610,340,5.861670433529884,19.434359596787754,0.4484006254147411,0.460826846178136,0.7192339748009574,0.5993083210153984,1,1
26658,21408,24,2494,0.984087779545203,3734,138,2.3486353266183033,39.137204956065986,0.18260143183386535,0.7554046261047964,0.3743934380272208,0.2614761034996114,1,1
29253,5817,23,1577,0.8770102812610561,6994,341,17.01781049051373,13.165334091597382,0.007691035977311911,0.637924814753434,0.7860605161988001,0.5232605198113062,1,1
23795,6832,7,698,0.8272743273928977,2781,266,9.024483509378156,32.03577559499622,0.3118874031886181,0.8450358700024364,0.7766631788776505,0.6827815625362345,1,1
26810,15467,11,2472,0.4831498587304123,6547,346,12.635064842869262,5.827243131943052,0.054846956926668744,0.8787295915654763,0.4051743766707751,0.3939946481882205,1,1
21489,11257,17,3110,0.9107294621977646,4998,342,12.842772003136872,1.9414319689315351,0.4822841330874551,0.48068823819882694,0.4336256965175074,0.6877258725823502,1,1
13546,16107,12,2952,0.6865048598627497,2898,46,15.929284522664181,5.500866927294066,0.8218014527582085,0.7833946543601635,0.5341998716407191,0.43120593431606447,1,1
14852,15458,14,3239,0.9191456141260516,3738,78,12.471266635665753,16.010976868436362,0.2853986613822973,0.47154080433120393,0.2990529153758349,0.4990438920160083,1,1
10551,13713,7,1121,0.5610898108319228,5767,301,10.773349508019088,2.461446849759221,0.8477541615550496,0.4293588869343261,0.5296351311282489,0.21414896548642665,1,1
14411,5581,2,1244,0.38971267368667695,6671,323,13.22025564915222,30.63308979280134,0.7045643960865894,0.9453895049416007,0.4114283149237669,0.6535833811525337,1,1
24391,12582,22,3778,0.6546246199422374,4854,26,13.891018183551587,15.877593303966446,0.12526232935486536,0.45520900508245943,0.02834941262179136,0.2906343348198662,1,1
26939,28706,20,3079,0.5226960670834417,4169,224,4.567811113099952,35.609675182572005,0.6445618912695833,0.4960044368529493,0.6821831493414008,0.8045226096900285,1,1
8475,21870,13,1496,0.8077467454568308,5215,83,3.3095061431164243,3.158011404671465,0.1516798073055432,0.4334073649843001,0.7523566409256068,0.5704268653899134,1,1
29800,28410,7,1512,0.9625481938278607,1965,239,2.7350060330117913,11.184973627732415,0.6547909202749187,0.6509868091977318,0.020983262837596686,0.576218237172924,1,1
18403,11418,19,1123,0.7922234567370009,6569,161,7.671882659621855,20.176160990495834,0.1427144847281061,0.9385486864156098,0.6314094550458281,0.8756050440516523,1,1
15239,21827,14,2196,0.9176377150138902,2461,331,9.717003957322795,18.984623427820175,0.392511366015566,0.5189956727758365,0.30865060875282185,0.2422923046130633,1,1
14710,28303,8,2715,0.6399353687047721,6248,118,11.658223321782703,7.156937623308003,0.5665942702381936,0.6967853636795454,0.46850544002313943,0.5506994761960162,1,1
29384,17419,24,835,0.843850071804993,1375,294,17.307569574878567,47.72443023833788,0.05037417142394174,0.6133335917393695,0.39999595756857265,0.42487425887900443,1,1
29038,14814,14,3310,0.8895477994698902,6146,100,6.957999033415604,14.368660299190289,0.15330834485452738,0.5650460229379053,0.4410485206664377,0.9213754638347255,1,1
16078,4036,22,2927,0.804960401653467,4569,134,14.054421859275028,34.88850797861876,0.32040882505224644,0.7161777224086878,0.3961490438064676,0.7738069398208428,1,1
10285,13024,9,4077,0.6749774630845213,5830,113,10.267400723315601,11.341254768950755,0.46232008577186134,0.7076914567480389,0.6827002971903006,0.7438757349346958,1,1
13223,13932,22,1249,0.7505543101538356,4401,79,5.131483879434128,42.25900690412595,0.8584872939214344,0.5799946245657603,0.546805347756249,0.2735031527144862,1,1
21521,28068,18,3808,0.7983244772344834,1042,279,11.652539580624525,19.224640577035544,0.18727308835398215,0.8943605098022667,0.33010980443666205,0.30172475897110274,1,1
22889,10435,10,843,0.5119740180617132,4016,24,17.45840694178011,43.34241698248791,0.34747095050252563,0.3840301489596961,0.5508548649204392,0.1248037032830545,1,1
14971,4548,21,4200,0.8681307269855902,4365,165,3.551086937645995,17.06624122279664,0.4757762362801806,0.404552572907077,0.7720382552671051,0.6427550576510874,1,1
27909,28719,14,4053,0.9582077049390549,5048,213,9.870116115062277,1.4062596103549323,0.29577855598936875,0.9841000063787123,0.06424660964274613,0.41521007456245373,1,1
19531,8065,3,2382,0.6477531617151591,4999,98,2.3515378434837158,25.299960260687687,0.6257477787208708,0.8285170637127546,0.3104719772464457,0.36523459021818294,1,1
22721,25880,5,3166,0.7986829971903215,1518,86,6.800068931789977,25.66503299910153,0.2566024347759701,0.864514498195263,0.6963632258590366,0.6414765416842693,1,1
27206,25567,3,2546,0.8216965797058265,1928,356,11.739944180300855,6.632206591065871,0.7723504211132434,0.7357286880888302,0.5912440886491787,0.8043844729680634,1,1
12943,23341,5,2136,0.7738384304137473,5478,108,15.37743944450745,12.043287950706743,0.5051540948511833,0.6187106726569342,0.7479431115586813,0.21307511409421392,1,1
14530,6407,19,376,0.7001536693303267,6447,241,13.550418958480172,37.82429277612342,0.0863048834611102,0.7527052023886769,0.031847910098591385,0.880862235820073,1,1
19116,3639,6,668,0.9142546909278788,1074,264,9.13713684055532,2.727523757546984,0.6269988952319576,0.4092542115895763,0.6902204873702297,0.12913054473186433,1,1
8258,3172,20,648,0.6373130939320923,1958,164,16.50217549221842,24.00775427427399,0.5692435037987573,0.8349722677133842,0.6334390159638975,0.1808403891998639,1,1
8282,8666,11,1755,0.38910589215142627,1999,352,6.494791972892216,25.92918180043745,0.3385973542066727,0.6960755501720637,0.6520312128658983,0.8124089182536782,1,1
21937,7354,19,2485,0.8905160804557826,1991,65,13.940726268715245,33.36946685177783,0.011157078389021358,0.962308409944379,0.4778101824897206,0.518798252794921,1,1
9898,23343,22,4111,0.7813480142825924,3672,42,9.32114885883643,2.760444567806354,0.20070154217437253,0.7579841649328958,0.0415336280964846,0.8983666261302454,1,1
12135,28092,11,3572,0.8935255209597738,2970,122,16.327489952100798,28.525377373251803,0.40570952888235257,0.4470832237942087,0.43130394316066917,0.4924050471025375,1,1
14629,28098,6,3982,0.43867036316460434,3927,316,14.657641557287043,1.1456077191746101,0.19991403379329742,0.6556320735859498,0.32620090959189363,0.8872045380624088,1,1
19168,13109,18,2146,0.3696818819262184,5758,172,16.37424941156707,13.463383262591961,0.5774911209396778,0.3870062395003655,0.42163340212147604,0.30368518178609016,1,1
27584,5886,23,2154,0.9479997058448009,3015,341,5.03508950754421,24.485159999874615,0.7123248939262568,0.8270749179467977,0.5922367788970736,0.6239821793532899,1,1
29494,5164,14,3285,0.44454611574436753,4051,73,12.52448212991743,43.830222859004,0.8560176567508356,0.6711721738037233,0.4767685076094087,0.9452978025038915,0,1
8612,6945,24,2925,0.8681774925250891,4706,87,13.68464623334706,6.949721352260165,0.6469826186837487,0.5865781566671164,0.2340503118874322,0.41965338684900055,1,1
22203,24619,18,3194,0.8768543629956069,2700,239,13.749835377162796,8.95658906315393,0.6890092212548127,0.969871604270105,0.47960587445633723,0.1012364818325476,1,1
25071,13401,10,858,0.8035713283513619,3464,46,9.81600743271107,32.454753026039896,0.6084418652305245,0.9519830521391232,0.0665107544648195,0.1544443746597331,1,1
28074,10746,13,3196,0.4340078150994374,3813,103,1.6856336187412169,18.618499609652748,0.9854860576127037,0.9598124779687166,0.0042927929738558745,0.8302006630147049,1,1
10307,14975,15,2217,0.7771351197189168,3427,134,5.813607933839736,30.300805890374974,0.2610005690799082,0.49142095501882255,0.3212224218340385,0.5181027898814844,1,1
15133,21974,15,1554,0.919015413329194,1181,32,6.834464437572288,47.88034585531056,0.26625868051275836,0.8162845412601549,0.6057490888725885,0.5562104686295486,1,1
19205,10754,9,1981,0.6223402526725652,5364,237,15.558604185149065,47.38296808339614,0.12633364142185965,0.9550445678095719,0.6581073847910708,0.7795121889743398,1,1
13906,18596,24,2114,0.6146507868023032,778,233,15.374615982219634,17.624538236237804,0.48568432586953236,0.7153569642922455,0.4398714506459963,0.7898421574311792,1,1
10591,24318,6,962,0.6334293181308281,4958,121,3.227221716623424,24.684491629767134,0.09616170363092191,0.48706262011722956,0.6944055090200841,0.5058081117876381,1,1
23149,23460,20,4416,0.4026540100327721,2148,330,17.17229204922575,43.52043745558149,0.2701465968981037,0.8733999768846479,0.1007318804502221,0.8293516602531245,1,1
20150,8185,15,3625,0.920896364179183,6027,111,4.510548529749601,5.331880133202206,0.48268092877139157,0.9131476782890955,0.7712846842413925,0.4981612145887253,1,1
15183,4093,10,1541,0.9062770329475266,5794,329,8.336930946465198,22.258283480331812,0.9575956159300173,0.8000706472873689,0.7374082692062551,0.6737681682179125,1,1
29632,6880,8,3443,0.9886619659457831,5196,299,5.050089940827464,18.74613537087357,0.9638129938401674,0.5378738416227815,0.4793898003982209,0.12835755640231467,1,1
18102,13686,9,3337,0.7245172105589845,1658,164,15.695485735684398,14.859490315066871,0.7437402341365558,0.4720440951388497,0.046977699227442396,0.21729947883244707,1,1
29492,25943,15,461,0.8307626473288869,2841,8,13.865133525678646,47.727597960350366,0.3892501615756849,0.7495326727658992,0.3633622902470453,0.8237070316655734,1,1
27988,13771,23,2250,0.47971002003667496,2018,153,7.333225313648765,35.47681681670176,0.8651612733765461,0.6589923358735666,0.1434183688979891,0.366150658958625,1,1
25053,13680,15,2081,0.7772184436634685,2338,238,12.750997329429914,19.271108642467333,0.8754558019076403,0.7780209436244941,0.5027402147285402,0.3845323495054075,1,1
28748,5785,12,1777,0.76582902320473,1370,258,4.5420535888304485,39.9640289082747,0.9101973807965523,0.4214877858959142,0.1519721557522229,0.6635425175681059,1,1
9283,25449,15,3330,0.926773590938632,6038,252,7.807902024204027,24.01430673346667,0.640025048215213,0.4369846726707608,0.3854381283393055,0.6036574281204533,1,1
8923,17799,22,4286,0.8817073426170075,3777,342,7.722275207578785,42.022747381289356,0.20179279560788044,0.5822493158251978,0.16450154148815202,0.1698603445516404,1,1
9125,19280,9,406,0.9506185360753684,1841,357,5.4259552484030635,13.519852744637184,0.09108077277068172,0.51560658408248,0.14547610426321497,0.7509002791137693,1,1
9529,9539,4,2968,0.9060534225290288,6716,74,15.959148818117562,11.509210687192075,0.91477550404013,0.7463767238993093,0.19833886075363374,0.6246390650832607,1,1
16438,20958,24,1464,0.9059640927352652,2806,207,12.700954635405582,12.622474018630037,0.05554610812160299,0.5852259387918004,0.02335716441279443,0.8270320749281702,1,1
28095,19016,19,1457,0.39078292908077966,5977,306,6.118998624302688,26.308587077877462,0.29589005943799485,0.7877413031346456,0.5728919419038925,0.5551723735416167,1,1
24154,25060,4,2546,0.8914156497254118,1671,152,5.4949925503791155,14.691729384291328,0.4869617670377371,0.8420309773476414,0.24538110108005579,0.4521761105860087,1,1
16004,17730,14,966,0.7387861724819955,4572,225,1.7962322714874444,7.914625154880053,0.02197669287347581,0.4697872449402763,0.5584864431507043,0.41563938906478004,1,1
17752,13565,13,2426,0.5934844491302151,5844,190,7.218607187573851,47.74751216976941,0.9069122586782439,0.938687254665639,0.5227825747474776,0.10375608730909901,1,1
18592,11060,16,3241,0.38616935960835985,1628,359,10.191726174702751,43.32036168974627,0.28712099487223497,0.8537822977834049,0.052890126898549286,0.1338165892479861,1,1
11864,6990,19,811,0.7837112158515498,4127,340,6.082230541488211,30.845584562174743,0.028504798920575225,0.7511397133787362,0.24962780649866723,0.21152971148856098,1,1
8226,24594,6,549,0.5600491203440752,4499,52,13.057561561091205,42.90251507442546,0.9935899972265184,0.931714467038808,0.4534884266465022,0.8901067787484738,1,1
23036,24229,8,1188,0.6493768095910621,6999,267,8.293867228685894,44.96674866286749,0.3113931808175153,0.5201559997562877,0.7347209551916867,0.8485529524909002,1,1
19739,28669,12,1323,0.7863061997152859,6157,300,6.71924431067602,32.77708971769427,0.8767649074853728,0.6198964492620915,0.3210557683588019,0.5226169017457283,1,1
24648,20573,12,899,0.9335357100954514,4387,319,16.994451370040466,25.377949598491487,0.4534744539208809,0.404903667456385,0.4038332361723314,0.2531669344034749,1,1
17587,22073,16,3322,0.878279625987199,1784,296,5.836214475254295,42.45408423408983,0.663125901054999,0.6419563655405489,0.6001270428002805,0.22419465649424497,1,1
19749,7095,11,2830,0.6383821626263039,1070,176,8.07125073159483,27.686458854906746,0.24109014953735475,0.6740964669425413,0.6426363790522904,0.31771100456916634,1,1
8645,17549,16,3183,0.5981812207656825,3364,35,7.8077980105927365,6.959625514132077,0.502875326977022,0.7442828311424394,0.7386724029494091,0.8724144045700077,1,1
24299,21259,14,2364,0.5034590328601903,6545,174,5.479772703575597,18.242232021502772,0.257651192425027,0.3909850963739951,0.39775154987565825,0.5432478501802471,1,1
29953,27152,15,2058,0.5883531207526197,4484,48,5.088366206871876,21.95828473156272,0.9510838812651036,0.3707782523095695,0.15507034360149233,0.7834355682089196,1,1
27374,22790,18,3869,0.42106968786681487,3641,47,6.489270310421159,44.96234375837299,0.06094541241624629,0.6187297057799019,0.6115369838408484,0.5307412013061484,1,1
21675,12979,14,1542,0.9715075253534429,2477,138,15.759896803864486,31.98171719837365,0.2746739275048474,0.47104531985659215,0.10046021168429596,0.6180302201056481,1,1
26888,23316,11,2595,0.7173071641341304,6576,353,14.156867639283293,42.13804545140687,0.8931088765498787,0.8356245389775763,0.33467384973808834,0.6185872228071497,1,1
18964,27624,2,2225,0.43179573938893623,946,223,12.736491983640862,36.606809939477,0.4800359575072838,0.7779912218465473,0.5025704398816137,0.12663710994594404,1,1
24087,8408,2,2362,0.5757958459301797,5378,90,9.042199378601142,15.563461666566099,0.60008411190417,0.5585292636051532,0.5534849491496592,0.47847824032712394,1,1
21537,23245,16,3695,0.7001050519172198,1780,255,9.877940746437957,34.77932267401661,0.6516933714956425,0.3793012897045329,0.5864221737727416,0.8344416814743435,1,1
21269,16937,17,740,0.6910468074501566,5539,269,5.907790950642096,10.179087588422107,0.07092751177356338,0.4667639192598513,0.15482591323233505,0.5157338371119413,1,1
17346,26790,13,3043,0.3727221559799247,1136,15,2.7262125782926407,20.18285315072098,0.01773874090858507,0.792674779272391,0.7853193610976406,0.47003510812832694,1,1
8587,5833,7,306,0.9585382619066313,3473,84,6.962169185887958,38.88631728632881,0.9378410517113066,0.9837055317356651,0.142734861295168,0.5475637381056799,1,1
20763,8285,7,1886,0.5262404361439645,5126,113,9.677131973874042,29.76067061001573,0.27150284529688073,0.5589346592637326,0.07685872420497325,0.42365198224630574,1,1
17177,12589,13,1125,0.36035818811641035,618,122,2.4456652675689856,39.794387779772904,0.38031311043552884,0.8632776236578518,0.5312403215430921,0.5380899724168589,1,1
12079,17708,16,4124,0.3989241657281808,4661,256,2.955849483942256,12.97106837045241,0.6820931707235496,0.9049417546232046,0.7279999998852689,0.21504309368836994,1,1
11348,17116,5,1568,0.7213247380787052,2792,22,5.83991634259536,36.238195124082864,0.23630387707272127,0.38083575818142534,0.4475069731994902,0.9227547675918486,1,1
28215,10645,5,3736,0.43818273323206197,2604,260,7.556826164280566,10.509244987766316,0.7330713701675182,0.9363818226702173,0.47638594761179154,0.129010448986441,1,1
26099,15018,3,3738,0.37670386742624207,1567,249,7.989727383458636,26.629296102706338,0.45824218216326995,0.6483697307967708,0.43078779834745523,0.5107263162699739,1,1
18785,28407,13,1610,0.5929609385041352,6509,157,3.4451200937520845,21.37612593935827,0.8566098052873911,0.9671150121837874,0.03419855527431137,0.2784936525325483,1,1
20328,13889,8,4333,0.7485671630977206,923,101,5.226052349824015,27.154365315227928,0.2785406357654824,0.6946757295699941,0.5450492579946898,0.14960243504126627,1,1
14450,7777,21,1927,0.4215774750986319,4319,190,5.817179659049544,7.370070929328808,0.20382248046329854,0.5004918463351347,0.2865592964347786,0.6539495717481977,1,1
21230,18994,10,1336,0.550529812576842,4990,34,2.6159754573205625,17.97771014911155,0.831688353874872,0.9737877167408817,0.7485390362507621,0.9374040696374848,1,1
13433,5735,10,777,0.617366829839707,1780,119,6.880645059730005,32.34448005071016,0.3263260649928337,0.5057151450342188,0.14943203803889107,0.7371642109435766,1,1
9098,16611,9,2978,0.452054462583531,6636,245,2.6916559504658695,27.250947321808287,0.411868646000505,0.9147860656624024,0.2416926253730245,0.3159175672762281,1,1
15096,27657,15,1014,0.6738872950186945,5549,261,13.107054411309557,26.801578668855523,0.793707832687993,0.460802236619872,0.40388379910563765,0.5193807031174673,1,1
26710,27662,2,1976,0.40453701561713334,2319,357,7.869788148195622,25.009015270168955,0.635576537374575,0.781851246564242,0.38188403489520734,0.14231432258186172,1,1
19439,9368,24,2462,0.37977183766084394,6455,117,6.891414424743182,45.362590771827286,0.44172589043226906,0.6132266296871641,0.32024379334356345,0.5519197192055385,1,1
17087,20205,22,808,0.6826946349792862,3932,339,3.587615829809514,44.924775803167506,0.249890508904558,0.9720916308169248,0.2515223501498306,0.18454371843115408,1,1
24021,26909,24,681,0.5086540625605604,1262,33,5.237310314840781,17.92681372151983,0.7642009688517643,0.4682544839291229,0.11774778927934682,0.7754164964540605,1,1
14416,3162,13,1480,0.4110392370547376,2129,326,5.339635947495539,17.539065544457625,0.18043103449005704,0.6116285907251718,0.6567374982988845,0.1482004391480287,1,1
14980,10777,3,2145,0.6213040559920846,5999,230,17.7558695454095,27.080227458933873,0.9282796005864281,0.7594568473879943,0.35901582981774766,0.10795682101549367,1,1
26058,17849,14,2018,0.9356900732911326,942,248,15.28326476189014,5.493495354542766,0.15031606912299722,0.9756770708962818,0.45836524727924677,0.8323234827942861,1,1
19101,21316,5,1400,0.8134831658586592,3514,23,1.7518278119516217,15.241314936073248,0.8049336919472961,0.5444723690440579,0.4372422909086144,0.9011608794425174,1,1
15950,6535,21,2160,0.8719941858220976,3081,326,11.677803747679915,11.850775592655118,0.4242488667281338,0.6039974726686576,0.46039115731856317,0.1735709213775215,1,1
17122,25340,19,2391,0.9080249528055273,1997,116,5.7225165909617415,11.499314411812138,0.18600623293351204,0.6455468718863101,0.5638722974757469,0.3370791602134259,1,1
20576,22830,20,1017,0.9724817544937081,4752,216,3.2222193255231404,31.00975971707759,0.4023789382367712,0.5117283144295527,0.5035047960321899,0.7304426865826368,1,1
9089,16403,17,617,0.8384778070490707,588,237,13.142396091475952,19.064465714175018,0.22155181619993358,0.873107008258331,0.21912233391885164,0.5587054454753438,1,1
12578,17516,15,2076,0.739381070041267,2749,163,3.6714915662277625,9.044725613640395,0.13599365083584736,0.4088771876814737,0.4429679408260884,0.9068512909955259,1,1
17127,22174,9,2584,0.5838725633934382,1479,64,8.821722862240637,42.715876714424695,0.23915539893055848,0.8010655562920337,0.19561032443275694,0.4308030093879226,1,1
18487,22091,13,1544,0.46625167139693824,961,328,11.93072521985875,42.084988333076325,0.8673984725382526,0.6917145407728227,0.47106916792650805,0.10282445589154632,1,1
8155,10959,10,1633,0.7894623193493083,4052,97,10.649163476557312,41.53575740601505,0.10594238747982421,0.5048332518308559,0.3455476961619451,0.11678379354911769,1,1
9958,6933,7,3969,0.9867679911180428,3256,252,17.630880121995258,19.36501228611626,0.9725395877678907,0.6654115030617912,0.03153470263727263,0.5801262876346954,1,1
18693,6385,19,1500,0.6491095581561082,4128,162,14.464753116521623,3.6781753149912624,0.004998453687676818,0.8811674190042913,0.5871885498946405,0.7392895881962636,1,1
14344,26020,3,2094,0.8131547955793968,3001,145,14.27419070610358,6.0168748410384945,0.6582381543912431,0.6350826265101609,0.21973313418959597,0.7720244652742123,1,1
13779,3922,24,3001,0.66685916799562,879,224,7.367324002337016,13.974259749251061,0.856511984838086,0.42801456954558537,0.7361554841070536,0.8747894832239422,1,1
29447,27473,9,1754,0.6264373909526251,4996,310,1.638525619388338,11.338590193106768,0.9339576481267643,0.37611325576417265,0.2244457933294693,0.29471335975079654,1,1
11830,13367,15,2233,0.6125955926783457,5698,93,13.617780339566357,42.07732414699527,0.14398559345675455,0.8477896282326765,0.7972981945081371,0.7276450195636744,1,1
17046,16737,7,1046,0.6729597970762864,5146,159,17.995579390878593,47.35883447829519,0.6982084964523401,0.561477213333786,0.3703609342456983,0.8030333809598346,1,1
17794,3564,11,1140,0.58481322359384,3483,237,8.197005277769657,39.38366212959471,0.1073492161556473,0.9459966058074469,0.021125855671242456,0.8108340487306435,1,1
8441,22642,9,2795,0.8292149259659569,3560,197,17.761055232792437,35.30289842921186,0.3526114938744336,0.7449741958403344,0.06101518546920995,0.44981203356135047,1,1
22478,13789,18,1388,0.9095340970185706,6005,103,3.838183807316716,28.665334576583767,0.7319263575069936,0.6292216903476242,0.06567041258445512,0.6320855557439017,1,1
12628,5500,13,1092,0.9150465962529178,3450,117,6.3924538020058375,37.185690061454025,0.3459732261630669,0.7112575488964561,0.04497153680543571,0.5688305079268505,1,1
14370,23950,18,1567,0.4957271765925286,5040,111,4.316994373750767,45.51056567304237,0.3133747282810678,0.6425648927440848,0.21423151973646384,0.6078630445532057,1,1
17528,28563,14,1850,0.9233818487881541,6695,28,9.340403553292461,29.263199485632807,0.1160546188024082,0.9297190927253033,0.2596710633199871,0.3397265505379907,1,1
25332,9881,20,2990,0.5685927883872672,6563,285,14.650193124869137,8.266822468932194,0.066438094328088,0.6431339963950662,0.08902869128040854,0.6807492810605529,1,1
19565,6636,13,592,0.5479569059105904,6513,208,7.120917910376239,8.701340911629824,0.11527799128175709,0.4166012854967983,0.35050518784110923,0.7035147137220594,1,1
16179,25414,17,4322,0.815123876734871,4230,15,16.45277746300588,28.44155174704355,0.8754747749452244,0.7321363450614136,0.2922806573474036,0.26655612673483337,1,1
24013,3223,6,1704,0.5450056576552252,4924,354,10.489701819941454,16.67302136988597,0.01119852538092525,0.7487078695362042,0.5090591966562389,0.47708757280730507,1,1
24843,9297,17,1948,0.38389849959021444,2431,320,9.179502826740976,43.78162663651356,0.6928658695352891,0.8398112465875422,0.15669164760145096,0.4587897398390789,1,1
29030,17895,7,3116,0.5891153742785971,3921,209,14.48609139622206,29.7471896902907,0.7686242298882978,0.9473018505926456,0.7311883921738721,0.7366080511301818,1,1
8392,3350,12,4210,0.8117379842293433,2490,29,3.1738177011894453,32.79515283089793,0.5678883041274289,0.6335722765590083,0.4127926230462106,0.6665276012119662,1,1
20130,26698,18,3218,0.559253388972913,5365,144,14.266915774976132,1.273573374742421,0.7307753611831486,0.5753290282286757,0.498986431586254,0.5047664559796586,1,1
26171,21312,24,1697,0.7529177958368938,4356,127,5.50870800285164,24.44588194694328,0.6522696690251003,0.6640934500783995,0.03161627072033868,0.6546516132789965,1,1
18449,27127,15,1993,0.7724764443284035,1982,15,6.13340702852342,21.26474190527885,0.45555848909469265,0.9261272972232302,0.4472709590938815,0.32343236443467666,1,1
25522,27924,7,1337,0.819591047504868,3045,270,11.390987259781317,34.17597726807405,0.3827104278762671,0.9771887243753729,0.29448016360932006,0.29749570004640996,1,1
29125,7732,24,4152,0.9241634984389993,4720,85,16.381918013262386,18.984017035668188,0.9413319884051735,0.971590404232795,0.7393376390522627,0.3039317048408614,1,1
15418,4017,12,1862,0.6268412795317961,4799,314,11.04371467121927,46.89902649869663,0.971937992570468,0.4970051281953459,0.7085146524382853,0.1250730240388411,1,1
10454,21610,13,1412,0.4565165290639725,3315,113,12.207664255109036,32.49954953315088,0.6512714036250297,0.6680130313996009,0.5101189600173736,0.6874148221565507,1,1
28058,26590,14,1591,0.5541124578764092,1142,212,14.313810728487024,32.0161616577017,0.19729883989847175,0.5160633765472074,0.6142810806445935,0.9379708740886293,1,1
25761,18229,5,1461,0.626587043311351,5640,323,5.778858523376031,44.20903380362519,0.4478991624377875,0.5855089807149101,0.5156745256927542,0.3626773203185394,1,1
23223,10170,8,1329,0.8068905403699924,5185,248,15.14935560126835,47.774627193222244,0.49653749008260706,0.3702778275465901,0.013574489285949554,0.8903583574691806,1,1
14701,16303,3,3039,0.35839816035944544,4418,280,8.396342459607972,10.297572395319325,0.7579700524606616,0.4527847547338134,0.5625012357385341,0.6155612179652765,1,1
10597,9207,7,1278,0.5521026454015225,2086,265,4.398318942604181,39.09505773109222,0.6677771313223193,0.6041286109996974,0.14167261107495577,0.2911941255399185,1,1
8141,15316,7,817,0.8490992518523628,2909,301,7.276948311108562,8.629016280135293,0.5148144294278951,0.5834109646227612,0.5460567639761758,0.11008494157194722,1,1
10659,5419,19,1082,0.779348930131645,4349,67,5.561163343350718,22.481042293547866,0.680364557787157,0.5284528327240563,0.008405427384136655,0.7151717142426386,1,1
28980,9240,21,3131,0.8183135830947873,5735,188,5.273774484738157,5.708714003626096,0.02405684673377395,0.4973981293352342,0.2487254467139267,0.6920880997432597,1,1
17031,4893,9,4480,0.8695588924410846,554,36,6.162292778866242,30.298435987956747,0.7766353218843638,0.8293316572463296,0.41354238325934606,0.294865332874499,1,1
23037,16753,9,437,0.8512708600818959,6935,287,4.485358443244477,23.020353680038525,0.2116322340069443,0.5385118078792903,0.26653648028862265,0.38279932576814346,1,1
21970,8322,9,1053,0.786597226337778,5670,328,12.517078991863608,30.548850571308606,0.6564091395611491,0.8021879241361558,0.5551898016240518,0.8633397284187395,1,1
13661,14232,9,3253,0.631383380717178,1341,11,11.069863991079433,32.864155372924415,0.11397325213700915,0.5859200698122649,0.41816763100035664,0.23364831437960726,1,1
14142,27102,2,2755,0.9795029304820185,6897,178,12.19929123422657,30.11331575146819,0.11446083592470147,0.8632667130083569,0.7677339047693482,0.8101272879036244,1,1
20109,26262,3,3134,0.7142068451776471,5087,150,7.171457943164647,14.819368762546537,0.035657643836702,0.45702934319061894,0.2862499388087229,0.243839926140084,1,1
16787,20509,13,879,0.47977229399605703,1484,256,14.200601142471731,40.337080390452435,0.9102328101535118,0.45086648343653,0.5774874652406271,0.5094680653777226,1,1
18096,6117,16,3555,0.5374002272670619,3120,170,3.6385442257437184,26.929251370630833,0.604558757691812,0.7849902509062427,0.6686733315375941,0.5241204945490394,1,1
16472,7161,5,3566,0.7938799718211007,3406,107,10.923755706112443,24.02300514118975,0.3619619362291483,0.9355457547576673,0.2028942296875803,0.5012761994705393,1,1
24807,18523,4,695,0.9418333217276567,5588,197,6.044974042066819,47.391998799039094,0.7877777410193088,0.44151149109303767,0.6033051806359364,0.34474013370770556,1,1
12249,7042,15,2237,0.4643808826917744,2494,21,10.205563361510588,14.324871615204412,0.6260822006246655,0.3971709554200429,0.3146511999863961,0.31536001955996595,1,1
22949,7433,23,2889,0.40270175727730323,2432,94,6.8400133914639465,25.817424330073138,0.6200805179129404,0.9481678123659671,0.10298172130659716,0.7231815536483509,1,1
9750,17016,24,3334,0.9141798707468839,5556,90,14.543444124006372,33.0692551945756,0.4870427943630068,0.4250892440741244,0.002917661946010686,0.3343253677091578,1,1
29141,28022,9,469,0.935777906504214,6482,107,16.205985340828562,6.885618847861979,0.007926778668208678,0.5102348286500369,0.5950060421097,0.6184280655245205,1,1
26351,5658,14,2637,0.5268827810021757,2772,86,13.752590185631915,17.649267034887163,0.25846250642493984,0.9448762671488516,0.14899526310275021,0.819643734021948,0,0
12088,13910,24,3539,0.5914628635975935,6641,130,4.3971312620125715,38.67936965187433,0.10907669460008296,0.8638674514945418,0.04095490736826042,0.8114792780237996,1,1
28562,22867,20,3715,0.7725203183986293,602,42,6.035303823407978,12.127637026192012,0.662409852352776,0.5693650007406681,0.39776727003171297,0.24207869692564563,1,1
23282,5944,23,3868,0.5611552133391838,1469,352,16.66940808105386,24.184647150469512,0.24862082178699774,0.9608977405802198,0.277358427703533,0.6565269965219795,1,1
27330,10210,6,3516,0.9113815732928339,1571,217,8.71413210636032,30.63963848119964,0.450166664051207,0.713551048447192,0.5534453635813731,0.6119372620430783,1,1
17641,27037,14,3784,0.4188503697368721,1236,323,17.0294767542629,32.5446306054572,0.3534302982898829,0.39623888808172364,0.08589143631270019,0.3396868342165416,1,1
29778,11787,21,2141,0.3743086214145249,1865,229,7.975452866227402,35.230590776247816,0.14319873792536397,0.7999628014514013,0.10612253570415797,0.4327358838440838,0,0
13075,4986,2,4060,0.48343117231538524,6876,226,17.20428189974595,41.70093390101838,0.9583702328827193,0.6938575090069132,0.3232861666404809,0.34234607093487823,1,1
18412,13942,17,3326,0.5330961780511801,4130,251,16.77469329759996,19.46439382258097,0.9334193116272159,0.7164563523322596,0.4163265372551352,0.5565053860716432,1,1
23686,20458,24,4265,0.42227301842488,727,140,12.398693684779168,34.21170052030124,0.08460818603664055,0.9862267163682976,0.6593551349772981,0.7830832882604845,1,1
15230,15161,3,1901,0.3920418747780139,6316,290,1.645646299614797,35.41220844520182,0.8273653535279964,0.4476091413117066,0.4685001527479516,0.8458778359266299,1,1
23432,23689,8,1446,0.8335889366411509,6211,235,8.10552225260296,15.11288411596854,0.48837368271637316,0.770349376184251,0.7220779561167857,0.7144000542180476,1,1
19002,6007,7,2984,0.4551370021774447,6656,324,16.53537963997733,46.50342365994714,0.7737358845808513,0.6435943022270026,0.17421426891068698,0.5109328069978487,1,1
21947,3969,6,411,0.9349102074024346,4070,13,16.104319770283894,41.665301155536916,0.15115713091376692,0.5240115999283173,0.4769756127987075,0.9143809910488769,1,1
21686,11772,5,892,0.5855197833267815,944,229,4.591898701585876,14.62348244887951,0.1322741377775437,0.7938686666642962,0.5241907278340786,0.5792971597567128,1,1
25915,5824,3,2739,0.7791877182216611,6983,317,8.086511183490192,32.728227804288416,0.8907575008952041,0.77765619664,0.5806440413722566,0.5067646854166882,1,1
21074,4211,11,1538,0.49425735345203214,5943,111,15.285913810011282,34.73662981958682,0.8978194918410608,0.8981568691990592,0.7909205585829299,0.8282575795472599,1,1
27374,3229,23,3094,0.5038065718347948,2119,191,11.034984578625897,21.279730904942827,0.4659121627536088,0.9124763105193625,0.37442705792967496,0.2569298294269656,1,1
12493,23668,6,2714,0.7178138898352482,5193,225,15.48043735186231,41.59593443922542,0.870157797614898,0.7095644499515124,0.29545566389031563,0.23419659347859803,1,1
25317,18774,19,2429,0.7088114720934311,2704,99,15.13836184340129,33.440779614924864,0.6674589515036302,0.5583664422833392,0.6817653401230624,0.7651611007106736,1,1
9460,17345,11,3153,0.8419867059277321,3203,199,16.473453114715973,31.933270202177752,0.185009742610992,0.6889314882804128,0.14143272406825239,0.8399852058162531,1,1
22140,6185,24,3169,0.8350005156443302,3550,246,3.434139705210598,11.379497497381756,0.3289542646821487,0.5799232810898323,0.029622477823818195,0.16185856440682894,1,1
27107,18011,23,3898,0.779240169384743,4002,234,3.8960498339830085,20.168588633430378,0.1360606505086699,0.5275078937789512,0.35487124282506655,0.7494731863573637,1,1
18704,19885,16,4103,0.6374435621718342,4126,335,2.8663489779893663,21.394356989220444,0.7739486689309331,0.7030082417773866,0.19776468362928173,0.4607924623523565,1,1
24669,3048,10,1826,0.920009847219595,1681,9,16.931935878074622,35.48207153921397,0.9852507246957497,0.7710778714643644,0.3172203210040726,0.6981677996356453,1,1
24648,22950,12,2269,0.7484502337416312,3756,355,9.340179342235237,30.064543627104964,0.5463783265660116,0.7279656236226523,0.7888666491570566,0.21472393565507375,1,1
14816,18173,22,1251,0.9837270338959085,1297,8,2.5613671774603946,5.035447759434551,0.6558644141148927,0.9608284936725245,0.278790584175402,0.9270608397602211,1,1
19639,22439,18,1802,0.8743966834779895,1334,268,6.80524339148168,15.461803738700281,0.7460925681336367,0.5411271158745375,0.5663725667147043,0.8490882499507929,1,1
22424,28264,22,3636,0.37835827919252873,3499,257,7.298308578644453,23.23323270969264,0.2242591024304904,0.5882986784349914,0.200321607800372,0.44507664902773636,1,1
21965,19770,10,409,0.5551801005314033,2532,167,14.857737087366495,35.62644845527867,0.3360012476334342,0.7772914068630743,0.24273835501294042,0.8593550022133516,1,1
26146,3969,24,4286,0.716000458541409,4952,145,13.635368720820228,35.94774911374468,0.4123212113242347,0.7342295216023085,0.19452415476820617,0.8606868680668329,1,1
19240,28581,17,2654,0.8117405042377518,3264,300,12.874886317782389,24.055535502866928,0.5945883121454721,0.35119256661591264,0.45772869618060086,0.49206507117776654,1,1
8040,17553,7,525,0.7022153585676425,2909,23,1.860748617757749,6.495821966251847,0.8504925781487757,0.5498626998571143,0.18088686895714698,0.9048526766456979,1,1
13827,8820,23,3311,0.8531234703757963,4184,86,16.52648064103525,14.766459958523434,0.2542035445899061,0.5124075855799279,0.5746912821294123,0.9303285567457927,1,1
16259,17292,12,4426,0.5308996177647005,3775,8,5.056661904109736,12.970541965612254,0.47088880072778894,0.8875455274534501,0.544219358828611,0.28463082812764173,1,1
25371,6052,24,913,0.467703712789008,507,132,11.879513177429184,37.708241284487336,0.7515339112047117,0.9043991877663545,0.33701574079152236,0.1566666776987607,1,1
22849,14609,18,398,0.3845066776254529,3019,191,2.520014209688416,9.459356758265718,0.0873849995046243,0.5316916102599413,0.020461616830244368,0.381477316424675,1,1
24232,26781,5,1110,0.7169207965257741,2719,150,2.8451805158888996,22.851297452574034,0.5128934583261785,0.4153255383216233,0.018120905781094532,0.515509971928624,1,1
15804,5302,16,3637,0.7907036932323169,6739,156,1.6580253861470156,32.52378376517633,0.14437970336572503,0.4813292461175676,0.42624545368714656,0.1787749389091844,1,1
27582,5283,2,2999,0.5587358189563914,4374,97,10.837806134997955,46.34494918865174,0.5391488967273493,0.4630037753081977,0.6713590628453523,0.21956062385881397,0,1
13374,18385,23,1319,0.742693878307761,5925,35,11.884764548678929,47.96430727054868,0.7678227613154368,0.5019586299424573,0.47909893710079177,0.9259442536816106,1,1
29174,12799,21,3325,0.3833806277461307,4228,318,2.3326280033482742,45.78734074710563,0.23694741104493977,0.5001727374703457,0.3485203692680594,0.7267055068774124,1,1
10524,18620,2,3828,0.41354774162995434,3829,32,6.293000598606642,34.757390226916144,0.8494784454847049,0.6570967352966229,0.705695066785994,0.8436973588710215,1,1
17277,23750,10,4186,0.799123054245439,6569,141,15.548997833937275,36.08271915203831,0.33480411008175004,0.5545704836720413,0.15759635922142243,0.9254813920095056,1,1
26863,3122,13,3279,0.5855646113390712,3871,94,3.171588052578083,36.682874587623814,0.19078486355777013,0.7082859205474841,0.28753954345304295,0.4214227054057772,0,0
17885,26183,5,3640,0.7796537799059235,6084,53,5.073028215129965,41.54242919767563,0.4653233950708521,0.5702461595781385,0.4522475614964907,0.6846843503412172,1,1
29538,12472,23,1096,0.8823015169791476,1113,262,8.502454939795047,45.73391675405377,0.8760750821052052,0.8713932351777731,0.23333557531870888,0.2564186952656167,1,1
8778,6727,14,2257,0.8956783599847148,1188,10,15.397522693446414,21.948188792455394,0.06893306117410292,0.9585071857815921,0.7981699854879851,0.5689171206561902,1,1
9492,16732,8,3366,0.4601872930972486,1397,33,5.70500939884087,20.576011267979965,0.32757146621664535,0.6085078101472159,0.36185673354819603,0.2783967062831616,1,1
25044,27834,9,3320,0.6612227663048618,5947,160,17.952760753495145,22.641829731795642,0.6531631689691132,0.3816598622633951,0.04137777867292165,0.23636631846428754,1,1
25732,28523,14,2980,0.8197131031247913,609,267,7.361819916785717,32.01140705845992,0.3575808686955855,0.5033300783154172,0.1408667350019373,0.18367708696621482,1,1
21615,7958,12,3248,0.8453475816108227,5305,38,7.876402864979781,37.44593362505494,0.07082399473261558,0.4151892250899467,0.42598469461974703,0.5927760781794366,1,1
20132,3524,10,4031,0.8521926276664816,3512,241,3.5147523698081065,41.91558637236247,0.33199896878047375,0.5706489022802603,0.44004495974848745,0.9073735194336607,1,1
18178,12079,17,1401,0.49602709400357403,3418,142,12.723265364132757,22.441905451282462,0.8209593861365303,0.7628731098753085,0.7873154137557556,0.20388852562338675,1,1
15851,11399,11,1337,0.4732222833432149,1660,61,5.517175515943946,18.078513430466085,0.968037522505026,0.6821010617244868,0.47997313474101494,0.5269672870733093,1,1
24288,19532,12,1091,0.7276079796951653,4481,179,11.876315322368264,47.21757289100464,0.0397791973977184,0.5054404339376886,0.533301856287374,0.684007899675072,1,1
15156,27385,13,4474,0.8242949105524606,4110,218,5.182102518648289,11.898718187339634,0.5692838176350693,0.8410457936913003,0.17097821594736146,0.521482428595121,1,1
10044,19821,15,2078,0.5542492899418837,5244,31,7.899892409236721,11.434227256866432,0.10530343302684808,0.43414766680302663,0.08549190530803603,0.8750095357232293,1,1
15368,13394,20,1281,0.4170113003919498,6992,299,15.63508951724789,34.62415037684529,0.6803965291560059,0.4960454240798087,0.4816080065184702,0.241351303059166,1,1
27900,6749,13,1565,0.8087176850624496,2503,123,13.691947539322156,9.44389289332419,0.007892226008050951,0.7826701763793119,0.6919039812824828,0.12053877185645644,1,1
21635,14353,19,1043,0.5418066120832028,6262,151,4.050749849071437,19.772222988067753,0.014741625707373252,0.47623000748087474,0.4698983614321745,0.42565040361425743,1,1
17168,17009,22,2731,0.45647214355950194,2027,269,11.527184761672673,14.74218064876984,0.776879826430574,0.7844081381622972,0.35422657454769635,0.5721654874815137,1,1
28961,27570,18,674,0.44454305817416423,2413,262,11.872570752617854,8.929391467576586,0.0744353226972978,0.975242464189536,0.4625653130573033,0.3163310276968895,1,1
25111,23837,4,2053,0.5515421104170984,4841,352,2.994379812780707,28.246240237600997,0.3051816742870642,0.8820661038055381,0.3750172627885768,0.2431685155675819,1,1
19328,14437,2,4197,0.729313962184797,3681,193,9.18579329654294,18.555040065467555,0.9580404241038311,0.45240674583227125,0.11350526081225372,0.7841121559061022,1,1
21319,8336,20,2836,0.5793774327640426,6204,319,5.8010285285155305,22.725006123876963,0.9852471174474713,0.6831189897620822,0.5929475402023213,0.26028891327104975,1,1
8342,7551,5,2291,0.3632235850197962,5393,235,9.20764735559747,10.205561226799253,0.16140286188606678,0.6202858005967902,0.426430530771738,0.476279876759527,1,1
9447,5823,24,3228,0.41202139819379907,3846,202,14.321671356827439,37.08973972557256,0.5609019214358502,0.9846684244693741,0.3194583008465246,0.9113089439659751,1,1
14581,25112,17,3746,0.5359220782071162,5669,243,4.111282736870275,15.791467922185051,0.5591488284902999,0.967216449113973,0.44771080163360505,0.6207991086191873,1,1
19851,15916,13,891,0.7722108685741388,3363,331,3.5345193922027223,17.107754414264246,0.4523806905326133,0.4313517137733791,0.1929815635626679,0.5230649348422748,1,1
14317,18167,22,2869,0.41304964701986163,5110,74,5.9437221692452535,12.851236218705294,0.9247001582639957,0.9315877580904534,0.3423661723763458,0.40621269777189917,1,1
24910,11677,22,3172,0.7088203862404363,6869,256,17.21254493071862,21.416967889594588,0.7540339091241604,0.4737877363446136,0.49795616080298255,0.5423276350906637,1,1
18088,17868,14,1476,0.4267269573273627,1005,197,13.839099484551944,22.788101480217584,0.7645269356819439,0.5544489610961595,0.18095485893378563,0.724161001467595,1,1
20946,11391,18,1635,0.48543380950360415,4750,29,1.8210217364400187,25.89434506748721,0.2695694317693431,0.5761811070278038,0.599196067731652,0.7991481527383855,1,1
24789,15658,9,412,0.4602006576356881,2506,74,8.116579900975715,46.475709253151166,0.43431977220163875,0.5335661088779657,0.41680872948526926,0.6523705762667646,1,1
22567,21366,14,4072,0.3930263267653187,6493,160,5.747066654826356,43.520514978148064,0.4874236984754531,0.8960760276268348,0.6893653683348127,0.7717694965158164,1,1
22868,26380,21,2145,0.7796510831274177,6099,150,12.02938537814087,29.641453656391523,0.2989120412044165,0.56115673976088,0.6777892621571359,0.17515511692282082,1,1
17765,12663,6,2287,0.646578270327062,4706,323,9.078325483314186,2.8284629848655825,0.09481777516205803,0.8727125882145224,0.3956136349754964,0.11221828261577772,1,1
28124,5311,19,2285,0.8818742021742965,3355,223,17.414225660255024,29.776236021206522,0.12635922497221597,0.9864011625631727,0.15637248850574867,0.7242493762724334,1,1
20466,10225,16,3592,0.4132901375886828,4464,53,5.11314444123993,5.214424517913464,0.1806711281809218,0.8880873842093092,0.5893134292880741,0.3224484596938809,1,1
26230,14565,13,3542,0.44262907733636625,6917,198,11.199630863982522,34.38617921038112,0.20365333436494837,0.571531472917947,0.3349425085466366,0.8460265128162472,1,1
25862,13270,18,552,0.5461329480642884,6798,44,13.053465247338673,19.333649389303737,0.24226180921054408,0.8052015317842319,0.47570198676199776,0.5554730760111478,1,1
18587,16560,16,423,0.8401542316408372,2174,89,15.121814074198797,40.371735103720376,0.2554600289634944,0.6917110060742868,0.08581223213915107,0.5067428057621286,1,1
8771,19988,3,1536,0.5456856468196472,1690,347,8.215022002062117,45.29887452746114,0.4557163454875359,0.8533713816853814,0.5052671916127939,0.7568959565950175,1,1
29909,27559,7,923,0.6113879727991632,5638,340,12.834211476348445,20.604186048883623,0.5095731908260412,0.44798233257359465,0.29884039115609945,0.7299316030190621,1,1
24300,18965,18,3456,0.5430262824301852,2892,8,6.5028242778406655,22.64609888726607,0.30887920812635594,0.7584061392933785,0.26735179977479556,0.6986350525314808,1,1
16770,8785,17,3436,0.40134354675265915,2421,294,8.685355523970035,28.736936307603962,0.9072964199207282,0.8451467349387101,0.7839324630222411,0.6864158126004586,1,1
19093,28993,18,3689,0.9512375186535599,4889,251,16.277847664856086,10.265237927328375,0.5531397233389546,0.8371880546602497,0.34594451420819783,0.5380865976014567,1,1
21803,23981,21,3717,0.7010649549255608,3192,9,17.173475553960746,44.584643518932985,0.7874769280334067,0.9666995235864202,0.5424307024925874,0.8875042055791678,1,1
8193,27143,10,1955,0.8542132404387179,6081,230,13.360486224299867,21.350996545564513,0.9242378324208433,0.38738328370196484,0.5021820284590729,0.8570451982682626,1,1
10007,15067,6,1566,0.7713485389985895,4933,154,7.6768061978070525,8.840555788052344,0.1631351145758052,0.571298796219066,0.08344284070812612,0.37999420024139674,1,1
25569,26916,24,3245,0.6791227385996641,2327,242,15.030953534581958,36.84839617068754,0.4278744837156345,0.6549942923465208,0.5983420296514529,0.7839903583714936,1,1
26778,11740,2,1460,0.40739408426200324,2999,152,1.926806848469433,11.300114504867304,0.4332104017146088,0.5482486581709319,0.2585273627468612,0.8574422368256547,1,1
19190,16653,7,2594,0.7613494689729947,6987,107,3.1953075239004476,7.745875928377184,0.3544722504383542,0.5482652887503814,0.6391516393573881,0.6255167254568347,1,1
17984,20222,15,740,0.4494370277995725,1216,179,12.412666650193458,27.454987548218334,0.00890586655163994,0.46272230828155286,0.486112626092306,0.572242313801898,1,1
17302,6815,18,2392,0.615205228388017,1130,240,6.305601491955947,32.560276998704765,0.815972107778095,0.870288897936133,0.25367319196279164,0.6711037354554426,1,1
28389,20231,20,3005,0.7526324118274754,5360,38,17.197872603607884,27.769448811251067,0.1115593215539028,0.9311641884061072,0.2850343682648568,0.23860155885690107,1,1
15429,7709,2,4059,0.850626560302159,584,176,8.695000099523028,31.856000500526072,0.9954805979217589,0.4026895101259203,0.5852058957330886,0.1742421247780162,1,1
10261,7507,2,853,0.7884289124535164,4268,10,8.584519536421421,6.429628578463989,0.7729584919111816,0.4491353035253111,0.44004745209830554,0.7971277337220476,1,1
28120,9575,14,1412,0.7797814585949625,1236,289,12.688311918150365,23.372847780553045,0.5800100176065145,0.496209919917986,0.5346808325370522,0.5873272930396144,1,1
14716,7773,15,3077,0.44538701387213275,3207,229,14.164881278052128,17.779876272161438,0.15460641774159745,0.6757519896666682,0.12665465686015062,0.20412626678497622,1,1
29259,15446,7,2133,0.5715222656458162,6008,57,9.346719179064753,46.748324963285725,0.515392971393247,0.8563501013126189,0.629581337782735,0.453870323073139,1,1
16921,23852,7,1614,0.37746385450252423,726,261,5.0310148782434485,3.3323249064349687,0.2611087408578089,0.3957315358495681,0.2563130551320278,0.35349921573270093,1,1
12378,13464,2,3793,0.8104652116329374,3857,63,14.259592604972756,15.019827543816383,0.25232252454306947,0.7575603108213943,0.4958890137261387,0.8441562610918315,1,1
15815,18864,15,3438,0.9596550280431482,1807,250,6.785796035414855,45.267523122310934,0.8295292493824854,0.44557469201306865,0.09174386019360697,0.5311371539741022,1,1
21778,24576,4,3412,0.5190306497146084,4704,11,4.38932769334865,47.224320609663486,0.38064442395943465,0.9717325234408097,0.2571361929255736,0.5908856641877567,1,1
27835,6320,24,398,0.40612589386387793,4730,218,11.922063133762718,39.77037556317527,0.4507238033908041,0.9252149957451147,0.5190938344533135,0.29999684418908834,1,1
20728,13750,11,4225,0.6543648491223383,5533,82,2.9924855053407815,4.571917468771238,0.8429647377801183,0.9577330233252812,0.21936490583220047,0.7792040154526398,1,1
18332,7698,20,1779,0.898286862801644,4886,193,17.527319138919907,27.383686332146397,0.08779062571884255,0.41794488165293314,0.7042497573998537,0.8905860944571322,1,1
17836,23695,20,1522,0.703263484973939,4458,311,11.93455486280026,19.805780655511956,0.5946178530910495,0.6623432850266828,0.5289827195547363,0.7736201963937015,1,1
10800,23057,20,1304,0.3799373761216725,6421,220,17.76727609520897,38.90327068168388,0.5782156813730378,0.45575780287896017,0.6962227146374366,0.5189302717181183,1,1
16333,20948,24,776,0.9735342339378854,6332,287,7.091741487397495,3.5861390718526645,0.4252145692666752,0.7342275525012264,0.3163125618008966,0.809825591999284,1,1
13410,21224,5,1435,0.8803359423760644,2152,323,17.524885159641567,10.265051327301,0.829774641424093,0.498953032103593,0.027188114099740004,0.25976504048804805,1,1
25839,9058,21,3156,0.43422020931296645,2367,65,3.901777087522289,23.992168112463585,0.9428900613356926,0.8432038293561412,0.46091197068408224,0.1964016110330894,1,1
13808,26515,20,2005,0.9399505641622456,526,65,2.1714637437259694,8.409440158547866,0.46533586191361076,0.7621616644157874,0.27135480218029784,0.4724862522461941,1,1
14796,3726,11,817,0.6384405047073207,6656,219,2.044236997500942,33.55761170663202,0.4561470509983997,0.715826940343852,0.35855070073788264,0.254304297016816,1,1
29180,28820,3,1520,0.5880147139679623,5149,49,9.170361114887246,39.57605939357052,0.5020637296707448,0.8781453810978112,0.5448881711381991,0.32028647269717236,1,1
29477,9697,5,2806,0.6450741315374005,1432,176,2.8695692583968135,34.11243500049924,0.7231240308330615,0.6701747397343673,0.5605317336566974,0.5973492448790756,1,1
18288,14910,7,1491,0.8841260523974062,6867,225,9.95077008876543,21.693334541079167,0.6680602906989623,0.5227051138212382,0.022045131892652316,0.4433176467161809,1,1
25709,12257,8,4180,0.772066994103543,6664,99,6.903758307896858,42.28422031387437,0.22283494920688707,0.7472515179520565,0.6154421382716908,0.8359965376688746,1,1
29360,15963,17,3543,0.3879190095358256,3958,351,7.037878375822907,7.47124819083726,0.06389534859934332,0.9625200846065959,0.3948151319648632,0.2917704936538586,1,1
25543,19666,8,2277,0.9628667975143493,6267,48,11.987548442995301,13.235913443253418,0.9492541298167894,0.7347419925402916,0.44535901865964,0.9472720941211449,1,1
12650,4081,19,2542,0.44458184542612333,5945,232,4.191117101501733,24.008365206858254,0.2610697597337043,0.7529564473852356,0.23839534815188204,0.405484403537435,1,1
12987,23269,21,3390,0.8271634891106247,6352,66,14.148130610605563,3.8829141473248425,0.6385966846905917,0.9482404360061851,0.3366670288004648,0.5380924230603537,1,1
23200,22265,23,2187,0.7571273794740039,966,321,11.103510176347474,5.497231733627722,0.8284380027437224,0.6797760641969568,0.5683001071834654,0.21248229333740842,1,1
12697,13776,20,1273,0.47001795068579894,5844,223,16.596586375983932,19.679838470951488,0.3002767505471863,0.9876687754974671,0.6213710423554069,0.592404160834219,1,1
24724,17196,10,365,0.45926852871235174,3200,339,7.519870787164136,45.36265594652404,0.6354334136569287,0.45218370786116824,0.3096849449343824,0.9170921602696612,1,1
11828,22354,21,3206,0.9070096599710029,1998,93,17.714797369107572,43.69544358401901,0.10790024114922492,0.6937054995278849,0.5528940261210641,0.7369881111954597,1,1
26352,12344,11,870,0.6186047510397421,1117,116,11.001156170781384,22.900818339085323,0.9699314443756607,0.4862565382492041,0.20643480135075043,0.3074463761270906,1,1
25087,18958,14,4192,0.7689289690714487,4277,211,17.56113227709431,7.681451592004313,0.058158275050625874,0.6401288757380432,0.6656181321420123,0.47621995420895336,1,1
20605,26369,19,607,0.6726054424682708,5053,310,1.9465007917774029,9.371059830046473,0.4381746738409763,0.45916730208113155,0.48785139112589226,0.46161831692469035,1,1
13482,14689,17,3708,0.8155062509286141,3187,207,13.511609319804402,18.74466456662898,0.5368192420600233,0.49241841377651585,0.6201492128535161,0.1832556024536335,1,1
26184,20331,23,4042,0.6567151200251715,5832,301,14.974255150830148,10.873487169078725,0.790481778663364,0.4849120317646486,0.3817238818542779,0.852972653576016,1,1
13463,7760,18,1082,0.5339231457635638,5556,37,2.377359230162045,4.899852936347758,0.12112851707242123,0.5548200569753651,0.18328742798556422,0.42423764247876694,1,1
21860,16436,23,1065,0.5825653574377577,2004,219,11.052999456268054,32.66754172543986,0.44080797385517656,0.4361472220920553,0.34338489065091515,0.5201206694384805,1,1
12912,3066,14,3775,0.8998097244482193,4467,16,14.732047844225898,28.32808597625666,0.29971156954345235,0.8679789919840103,0.30518831558265663,0.3475606086450833,1,1
12648,28212,13,1072,0.6495422034705454,679,6,10.757138966180701,14.690947624969999,0.31201071569334005,0.49123238226701665,0.2661732347521273,0.2295362827695769,1,1
8855,27889,11,4157,0.4866075726365499,3085,153,2.5529242416901994,37.610573979958296,0.7787879160652509,0.61660415689176,0.1697389981931827,0.8667940268057526,1,1
10866,3564,2,3485,0.9481474483694421,2569,146,12.941879474822139,37.46959772217422,0.005460945031833142,0.3602765684672155,0.607333713503845,0.1317878560110856,1,1
19834,28401,9,839,0.8598242921589613,5964,294,2.499849092109592,24.077092599999805,0.7490836413359663,0.41712418770034054,0.0690813290564484,0.43989757611871105,1,1
24294,16393,22,2349,0.3856263334759674,5358,211,14.988236767771236,5.537030109059012,0.8103984301231062,0.923614016264481,0.7100487439086671,0.721091112904935,1,1
24566,6670,23,3583,0.9893234956675314,1421,345,2.2100640245604577,44.16806180476381,0.901362243842069,0.885782530457885,0.1400197783182028,0.36252923047073615,1,1
11112,28601,19,1963,0.7947530857216655,3592,196,3.767056786671118,32.42704460642565,0.6268818032304835,0.8881903695713246,0.7838989214812331,0.47912431591790894,1,1
12492,5251,3,1347,0.45257062338597565,5340,345,6.03927524363393,12.611388500141693,0.3334553282722412,0.6132661870431085,0.7907744384696596,0.5798056633789979,1,1
23114,15949,17,4136,0.5017873160311017,6027,310,11.9505190723032,29.691363710608652,0.4272347325488707,0.44057971126506507,0.31870963299292143,0.9458193704004362,1,1
9517,3804,13,3739,0.7931651079945901,2010,256,17.60992514391655,20.03601030389862,0.9697360822874292,0.4190524937563623,0.7902568581058104,0.7445561371307364,1,1
24018,24015,10,805,0.8490470753786381,4099,208,3.4440770682289177,30.861433067590024,0.8811868264358522,0.7375857438724578,0.6952548138245811,0.9220480676932717,1,1
29386,12583,4,3547,0.5029830036158759,6035,50,3.854676542029654,23.27193209935798,0.463525909099442,0.8800436831415229,0.06594422155733248,0.6891736528909564,0,0
25740,20619,23,3800,0.5144600664955333,5891,265,7.5863615455661755,23.817191061267472,0.9430630071109224,0.9260732685697556,0.7578628509028946,0.3286949548785991,1,1
28013,26104,22,2210,0.546557244718119,3776,70,15.297615772962784,35.586458319645885,0.822954875406459,0.534788256358545,0.03401150872367538,0.34436548768402453,1,1
28012,15224,5,1032,0.7327317534954475,3219,154,9.209310720388434,29.84511006500686,0.9010898616597948,0.5554570046934103,0.14553143499128574,0.7990946578621576,1,1
19431,26290,3,3813,0.4599623541128172,5232,74,6.8065749042210575,4.757776488478606,0.682977234575921,0.4145610603913118,0.4676764326773395,0.46355646751717383,1,1
16210,9016,9,1871,0.4167156472862576,1523,6,10.75986323144621,4.072557810976272,0.857654043461995,0.8456222651315277,0.06458974272001088,0.4146905643927802,1,1
19595,16036,11,3242,0.7844730170147287,651,33,5.798632757854875,15.335434162346088,0.8917661413343257,0.5264417735175289,0.12938220559149513,0.9033299224169975,1,1
20871,22933,17,2621,0.8486226814676289,512,260,8.119138469584096,21.221561837321076,0.09201658454067141,0.657794860520595,0.762793429689791,0.11124819150013912,1,1
20743,15392,24,3635,0.6705948188265635,1214,65,6.9879849623286905,13.935460281426446,0.9652169766606585,0.9444942748984527,0.7957503079100865,0.5462218524215828,1,1
17324,10938,12,3053,0.5828529345717666,3650,104,14.768326869841658,31.61861332928615,0.3336130987640633,0.8314180674079596,0.6385092334242378,0.7588151586946466,1,1
19531,7141,19,1672,0.6265073366569449,4125,148,16.750219486227014,10.17007279110423,0.43989950958335544,0.3837522536250059,0.41216751317176226,0.7257436637550969,1,1
14588,26350,23,1744,0.5985810136780492,748,196,14.032941170589046,34.09463153061998,0.7919037591928153,0.35521894045403496,0.7202407485533402,0.41243822906728456,1,1
11311,12546,15,3676,0.9643903412721121,1644,357,8.744879004494727,37.33808486877972,0.6648963055724977,0.8539410725634611,0.08951901670685497,0.5553010650612914,1,1
8987,8335,9,589,0.8415775393402498,4982,357,9.821527128694953,6.843007456995577,0.8930599124360573,0.7036001516663652,0.7543134953960071,0.10474070048469332,1,1
11321,8077,24,2365,0.48317581750407057,5034,274,3.5637159498356885,31.587893438060433,0.40057375077677215,0.8110140219921286,0.2812423419643458,0.5546057292464713,1,1
23812,16247,16,363,0.5958810573145472,3843,303,13.823267733719874,46.187490867305364,0.3732881636761586,0.45036180596903264,0.6891915129865556,0.6018410424395084,1,1
12615,8611,18,4245,0.6981678664723903,6943,330,11.341848710018228,10.062719411377296,0.031688849541319675,0.9081106239811969,0.5346987247883128,0.8435726369533791,1,1
23512,11089,22,629,0.7423109517207606,1220,315,16.3902599362677,43.73723306245926,0.4627253766696581,0.8449279865692556,0.7682194432445777,0.27912667933858626,1,1
21146,5892,19,2263,0.6496376934584109,5068,208,4.810083868990027,29.48425361587878,0.7240707703291087,0.9201369049949527,0.6917423582366546,0.8013738555466373,1,1
21654,8577,7,3388,0.8684810464076539,3729,249,14.0354810118881,28.77440876459046,0.30117871762621606,0.5683014929007812,0.710318250840725,0.7103565341420119,1,1
28125,23002,24,2790,0.8412678524532683,1506,35,12.79708241836663,3.4403660690807567,0.46272651367384143,0.5264513249812777,0.5054034848960244,0.6661262351530997,1,1
11052,20943,15,440,0.6733010679220267,5228,336,5.886451307860911,36.17011308416072,0.21939776848527803,0.4471081215513132,0.6665268247810207,0.4352296506556458,1,1
8726,9683,24,2773,0.8968348075403074,3798,56,12.511747552423614,23.478833474458735,0.7727878058714607,0.9452566450860781,0.6057049206090709,0.41231922422200307,1,1
11760,4507,4,4203,0.830697299483127,2968,247,16.752160779514718,34.8951964162513,0.0605115613411471,0.463170690277018,0.1292985047231098,0.6977720390687174,1,1
9875,19335,8,749,0.8482923831812117,4619,267,16.654193796507464,39.03151186199048,0.7053830550004982,0.4263630295753632,0.5188775130825944,0.9416897321143713,1,1
21969,5063,16,2125,0.9620964988373866,4313,178,13.373838479516332,25.618429548497094,0.3789400117449835,0.4733140537515407,0.1185404372161269,0.44455069530189883,1,1
12033,23026,22,1169,0.5205388423738897,1037,104,2.2932063568119916,13.391282724080765,0.04159606938712079,0.8436843051264725,0.695564897508424,0.8808098109572086,1,1
13443,5000,17,3864,0.5212948239147834,3324,65,15.892361565782664,7.653907095462228,0.8534695872917858,0.9192987103890438,0.05275983947197478,0.5985633200097487,1,1
25373,18566,17,3959,0.9189294436420097,3185,192,12.35334701557491,8.54364701282347,0.48772186318116517,0.8689846121577115,0.7896373361546203,0.8379408055343822,1,1
11744,4294,9,3902,0.8442248789668348,2480,11,6.622165177515118,41.74592873545254,0.5993189696161291,0.7104726738376222,0.3205013329101692,0.28461187998564336,1,1
24977,18096,8,692,0.9429891465188015,6406,193,4.589630968144038,6.808170494628268,0.7320306915244569,0.9860859204977428,0.1365034829611485,0.7478972635328147,1,1
9774,7065,7,1141,0.39040330260764994,1039,87,3.417363739455732,19.080621433188718,0.6550744330011887,0.39406660127580717,0.7485399869289784,0.8097019841305512,1,1
18651,17090,3,2748,0.7517645294474218,4384,355,2.3289088377530565,16.71090837558445,0.7308568708146116,0.9050026738058403,0.03634078898387836,0.8073437689161272,1,1
8935,27398,23,3091,0.4425621363990063,4553,287,13.942703591187481,41.6764163367316,0.7622816845778577,0.6237368714968121,0.3760845076071868,0.7670046718945995,1,1
21395,20987,14,3253,0.6724942069072528,3699,128,5.391409482564043,23.451594532631706,0.5891515305646109,0.6412783031714985,0.6161817023396021,0.3585662852728042,1,1
11808,20706,13,1658,0.4496780363862043,6322,161,1.9001734447137086,47.83298161536247,0.3656378309077567,0.43166073193681953,0.2534003803453608,0.5436576868158273,1,1
24715,25340,16,1290,0.4319702457503227,5016,91,8.054965755392823,35.6415730762478,0.24314214971634263,0.3713971035864502,0.42306773592224095,0.35474906314864096,1,1
19641,21825,10,1338,0.3577877410445012,983,152,9.463016829773593,40.99340804400143,0.9029032366527872,0.5526421286844373,0.5603304130510416,0.3915210207024059,1,1
27086,20482,3,327,0.7533528399250587,1528,74,4.2922988098520936,5.63759650325372,0.9699248446382203,0.4619062611929147,0.7615811368010568,0.35603605104997216,1,1
22376,24457,18,687,0.5797744746816551,6800,80,2.2267975466820715,12.89580599745011,0.3576627550982089,0.6593368038856394,0.08216211141682397,0.3415929908013938,1,1
13889,12318,6,1132,0.41732050232254186,551,118,4.620570471118136,7.365971191875928,0.11231072907230022,0.444291536674414,0.12578136297193582,0.6894084216322798,1,1
13054,11488,12,549,0.5566161777480383,742,7,12.705195570303477,22.790232702826305,0.22253732711643126,0.43827375136145647,0.40709671615525356,0.6527241444174248,1,1
11868,14241,23,2327,0.45812421852901436,2186,238,2.8570206746449056,34.75951194360976,0.6706673459871896,0.9112665498264636,0.33477996892003753,0.27362459942965556,1,1
28584,13417,20,1828,0.952684692161062,3321,171,10.658111004190399,8.945987705541008,0.17293336995833075,0.9396286088489018,0.32863692854693316,0.6877909120850288,1,1
24585,18574,8,4493,0.5548031268872627,2340,103,3.91579780048475,7.117921594777724,0.7801222730609881,0.9670983734962624,0.23756920234892256,0.34740830654997285,1,1
26881,18302,3,2138,0.5637302549052094,924,128,4.7288713640769195,29.886611192680697,0.9230302398747136,0.7855215634393036,0.4485478388071649,0.2714605843673319,1,1
9842,17650,17,1660,0.8875091221757347,2627,49,7.985785073900528,11.824699426880926,0.9636515150788472,0.8434505630693564,0.706630668932573,0.7351640983416383,1,1
18058,16350,13,3409,0.7645636872230427,1194,328,3.163618044886567,23.528278372425824,0.00932550597489068,0.8849022433552827,0.1287394724302911,0.4084378788875056,1,1
17101,23171,24,1623,0.8045098287379209,853,291,4.357857795906512,3.402533203202733,0.9581541649544166,0.7717101178372252,0.17222906359660614,0.5839479456759642,1,1
20497,5096,16,2526,0.7570411545529347,4190,110,7.257714788947343,32.988802167170846,0.7401944191296177,0.5613555870096186,0.5366587982396686,0.2701053663957824,1,1
12658,14801,2,3980,0.9555656217270818,2189,298,6.939538590723053,26.44186993717652,0.08405023226380226,0.4500876789974554,0.04495812342984334,0.6216397617270318,1,1
19381,21592,14,1191,0.48248053219714887,792,138,13.862979513649575,31.42887625105574,0.41524046877872645,0.5018549165812161,0.5390113596504053,0.27679441940007243,1,1
15544,25372,24,1605,0.9829851147237092,1216,12,2.733908034586002,13.944099862808065,0.700045474579509,0.8878649928991761,0.2515649206906699,0.24184538491856117,1,1
15718,19559,7,4492,0.8818119536361684,5124,32,15.697437138494667,14.094339841991962,0.9566854926610493,0.7955022325035783,0.286283145120012,0.42854928601734343,1,1
21851,10169,14,561,0.726942456880859,5075,275,14.967830817201005,38.663945055265636,0.16414139361139257,0.641709288656737,0.3244394990583202,0.7715525635026782,1,1
25154,16288,19,2640,0.7739178396135993,5072,227,14.138862054916984,34.77242871028683,0.127733281926954,0.3688192493954897,0.2796700491933719,0.2500541960210405,1,1
27539,25398,4,2093,0.765248560960393,4620,12,6.604643980641686,28.247246606334887,0.47234705326187854,0.5203707970776852,0.6729676970236258,0.19947258238653864,1,1
19777,13694,2,2596,0.3873735833978585,2978,314,15.077549461422993,30.522743361757783,0.9680988937384892,0.8164943956004889,0.7568547659202474,0.1269005385925435,1,1
9628,15191,16,2592,0.4895305590604407,2864,138,4.516234324773134,5.420076436551955,0.9713792152580105,0.6779278304608147,0.4384091802529508,0.4535708930508642,1,1
8386,21051,14,2470,0.9653413660958394,1137,33,3.552751896607966,41.240051309208916,0.22791474105290932,0.628740796468768,0.4655027990679515,0.33972130516237375,1,1
14031,13737,6,624,0.6919932344700027,2905,119,2.2417795025765415,37.185630551548144,0.31934714797145736,0.5507548164991409,0.05638648641074813,0.34829218302045395,1,1
14439,28251,14,1285,0.5921463060876236,1799,38,16.998620989592002,28.75310208970204,0.9080319856446545,0.7384363715692953,0.5705535426888005,0.9346506513758753,1,1
21392,21207,23,4152,0.837704616569008,4448,11,6.582179812137015,44.173971161742635,0.7348414908520642,0.9684866466378811,0.46727909837126724,0.265004892469268,1,1
28392,8147,6,2039,0.6856921232997182,1189,44,16.640695022935446,8.925981661871791,0.9723164286576182,0.9267191317104039,0.040315619046080275,0.48966299294150306,1,1
26850,20740,20,2160,0.35842417371641444,4939,334,5.99812376506894,33.27289714360584,0.8931483630155543,0.3695186803739405,0.15874053365736263,0.9384129455531544,1,1
10282,22456,22,3437,0.8211920618976755,6050,66,16.474838329049767,46.26014354965156,0.21509605031374335,0.6578104464534053,0.1615547363140502,0.12602534472871096,1,1
9856,22643,19,4198,0.8186192384338312,3106,90,16.414829371960458,15.570421334786282,0.7597268594126834,0.5608603507500465,0.1367743615546874,0.6921588279740565,1,1
23670,9199,22,1135,0.4556951757503836,1211,217,16.74065474267676,1.7187387611729479,0.048565231560116606,0.6767869838974726,0.5269167636982217,0.41542050941540687,1,1
9998,3546,23,4454,0.9622624565914966,3110,120,9.686531748189196,35.53877094754925,0.817832778741474,0.7379767615178974,0.7427516922846151,0.8701829715700016,1,1
13476,8231,11,3078,0.4933012041863132,938,69,15.788113732181717,1.328075249437972,0.6015567624446081,0.47801796351842996,0.6103802602866875,0.8751502220680127,1,1
17428,10965,9,1696,0.6429595951246075,4033,301,17.187637286760783,42.00908151156185,0.9561009626364617,0.850203564510884,0.3818987881711306,0.42913082554839566,1,1
12669,21467,16,1976,0.42343101520698534,4378,174,6.856179541303462,3.6461588488677825,0.9600324554690784,0.6540435520550184,0.32324103838758556,0.28824394548822463,1,1
20336,5040,22,2137,0.7361006844483766,3841,120,8.411427693762159,31.679942303978226,0.050815109024355265,0.9848838751348775,0.309166484247378,0.4638029225556972,1,1
17342,23918,21,4021,0.590288716836616,6050,326,13.367463091039776,18.72765478788807,0.16052148555576784,0.36608152687587914,0.48099756615666006,0.9205103334222378,1,1
28702,4752,24,3972,0.5760310158142115,3592,120,6.455937058434465,10.557010724686442,0.4842070473186916,0.4714202727593334,0.2873765271556291,0.33918880075238544,0,0
15064,4849,23,3322,0.8792652014214062,4738,225,13.937853597058872,43.218144793129966,0.8794935249461492,0.7913630723586548,0.18089757695097372,0.9341201284980777,1,1
15446,5642,5,1971,0.35611949622430605,2283,54,2.71922039602331,36.073555040562525,0.8144451422960564,0.7949150377763576,0.4822743252604664,0.796482773127303,1,1
25815,4600,3,1216,0.8606859333711504,1367,331,10.137723340760946,17.000706608733225,0.9643700263517787,0.7226004636268448,0.3125643307420585,0.32733448180576163,1,1
13624,16951,7,1217,0.7157270820787703,6996,340,3.518172487381796,14.355195364289575,0.6180841171113408,0.9720544183620023,0.011299863315067072,0.7724090470204661,1,1
15461,23786,4,1433,0.9811030486273273,1988,83,6.339837361205161,35.59257782557355,0.2565635195616206,0.6158016055807574,0.017784890853419635,0.14232952666230797,1,1
9819,14797,8,2136,0.7272436611867193,967,24,5.767318976026788,40.31882584249753,0.02510663950517733,0.6169035597232124,0.21930928892353468,0.5658538700712338,1,1
18516,23183,11,2438,0.38544264585469307,6083,41,15.34237921378399,34.64497182190304,0.22292649072054893,0.9327048724634709,0.409937759605491,0.4037467682934689,1,1
21749,20002,24,4307,0.38241300892398483,5472,263,4.693034714202258,31.079493576679845,0.6752731979536246,0.6946027404779589,0.283391606134391,0.4628955986261518,1,1
25514,4132,7,2205,0.9152179112779725,4421,97,14.839390682625462,11.712462083866495,0.9262748233430131,0.5763857034147842,0.01924412191004157,0.5019261873631189,1,1
10658,8491,17,4289,0.8883770531270739,1917,191,14.600345707480713,41.0817872139942,0.3209036673082648,0.8101203109336698,0.17852141100259233,0.5273058461693744,1,1
11500,8795,3,3785,0.5713696483724948,5514,205,9.731570416694293,36.23411322254362,0.8757043302892954,0.7465891956400176,0.0771354469396929,0.6579504333156391,1,1
10120,13531,18,2420,0.7455407898759279,6405,292,5.358413717336139,25.311891619021477,0.3948982483411565,0.5461024321834186,0.7589056010891333,0.6922604736149235,1,1
12020,13931,14,3032,0.6633384685155842,2276,52,5.243789609277675,25.044624826538694,0.3082712493685503,0.540674430771978,0.2502672605028212,0.9293484311257216,1,1
18213,10633,2,3069,0.9689849952870734,1581,257,9.171256677411488,27.75113230694528,0.5088442428058181,0.6031921904174431,0.0118130972763967,0.7483618684158089,1,1
11259,20871,7,1621,0.9579749765612106,5745,50,1.6453486219930191,39.92899052639715,0.4422734924096152,0.3958368420225239,0.5284506015885309,0.684628109359281,1,1
18081,27232,6,4016,0.9796569654660957,5436,235,10.267287451087542,35.8861987953652,0.9137998685170181,0.953274817592089,0.18595835240625372,0.4335900513411064,1,1
9823,8009,14,3654,0.9045272196059291,3425,99,17.220862175156412,41.24351471545651,0.4682569474081265,0.4671328257258656,0.4533890040248033,0.20013685481415855,1,1
25858,5113,24,1828,0.9321130180960648,4584,307,4.052663550732842,24.842290267959953,0.2773353872230755,0.47404755348974115,0.12059636368759029,0.149970156528818,1,1
26626,4044,19,1059,0.4890584184109673,4561,222,10.960202754347456,30.358505773858088,0.8425655775019036,0.7641045792109297,0.7872105880979717,0.506032003776373,1,1
21467,16923,13,3712,0.8818443449534556,6695,44,17.369348362633538,41.16487492411104,0.9987495116595667,0.8135181102718791,0.7762073492522665,0.6680182057331718,1,1
27627,5431,8,1657,0.8036685524507358,1511,207,15.698615301611403,11.919042828305622,0.6481714191813239,0.8215746941439184,0.5247866813522447,0.6526358735696517,1,1
14990,27363,16,2490,0.9661833656499649,1313,120,15.531271920292115,21.868971972042527,0.2504613689363586,0.5900480150427079,0.5657620974576486,0.9099322071488504,1,1
29544,16926,4,3781,0.7156075702032765,4446,95,15.06052385153712,30.170655138031186,0.23881507701317928,0.9089305298623523,0.3407031130333211,0.42506547725598887,1,1
11134,4582,17,1248,0.40450698669475604,2816,62,6.598889499927063,44.01187409583076,0.05770669621525981,0.6981593995187484,0.7697434763345351,0.6336162412536621,1,1
26454,17374,2,2379,0.7323352903597778,2643,14,16.195177715902403,1.7442925191678738,0.07729303851408487,0.6306960333840355,0.3389916962969608,0.8546927485982082,1,1
24743,4308,17,2066,0.7894117939336242,772,260,17.032115795347323,10.990938434141693,0.9149830951827624,0.8686473349540271,0.1915743979264482,0.4434660930912968,1,1
23434,24301,13,327,0.4910054583759541,4144,321,9.68057498443415,12.01917386478065,0.09648710704955055,0.5058791995032561,0.09230288768312321,0.5060816799230828,1,1
23007,11793,20,2770,0.6022325654481462,2216,253,7.350422279781069,16.35079597230433,0.4843438482767788,0.9005186837987322,0.16650024025150847,0.8845269615242489,1,1
18233,4620,9,2838,0.7330421849930752,6776,321,8.334778757496625,14.24397115977191,0.6981217796931782,0.6948508125215536,0.4577708031429777,0.5677056600755966,1,1
24378,26887,24,459,0.5894276718825635,3475,10,7.014406290215882,28.736522921425216,0.8503547827736031,0.9260372209108073,0.19607337435143926,0.7796684475253283,1,1
9141,7766,13,3192,0.5899665390327449,6732,335,5.004904293404911,42.624152419973036,0.1712709502537273,0.47903201987568583,0.5233995427580358,0.8952802607893552,1,1
26019,24746,16,4413,0.4351754490705903,4600,192,11.704399759172675,30.9379585304023,0.43777867912535684,0.9490803686415525,0.30574761590803734,0.5853993327726017,1,1
28384,8192,3,4022,0.9520779027697063,856,239,10.782848623047828,12.35174827085488,0.2514801950137775,0.7902411148623296,0.7094983243337954,0.19280892364524477,1,1
18135,9622,18,4031,0.8303164060768617,5962,187,9.132653672148047,41.59638395329397,0.25582308996660164,0.7457302571535267,0.4467824539724619,0.7984449607082305,1,1
20966,9093,8,2771,0.3507958008743053,703,291,3.0814488802997246,30.706152089933127,0.30383930748667587,0.6201232124691247,0.49808324248102087,0.7951148405868581,1,1
11361,26088,14,1870,0.8399925017741857,4245,127,14.648733917648997,11.291219874431373,0.5871162144184673,0.9620415999780634,0.44524784239414167,0.1977374151919881,1,1
15835,19484,2,1136,0.8234687953010296,2096,162,4.386403785388022,17.99832724682565,0.016577471685588208,0.6341085621193682,0.7084550193528194,0.5659004288732268,1,1
19172,26041,7,4238,0.35622781449953467,996,327,3.390273716034794,38.12834591676978,0.4087662863155279,0.6690674895664486,0.05073565434335308,0.5140227901344757,1,1
24390,25259,14,2586,0.5865467504728092,5297,17,11.780678025468633,35.729765529894365,0.18683013523279257,0.8501587894946,0.05387896567259612,0.8200884928004359,1,1
11267,23655,12,3705,0.7383185218083397,5432,319,8.077631960422433,28.0993713667652,0.9671185085126348,0.5322991549521319,0.5613921959397987,0.3334336575890151,1,1
14564,3237,11,2970,0.6397604171891429,562,58,2.486839843313436,7.804072628806406,0.5827291592503103,0.5365570002008268,0.6143711216385427,0.4623360520431007,0,0
29312,26610,17,4412,0.8479111159811246,2079,281,7.36687785685746,38.754596973781695,0.8680954688303226,0.8461905200775808,0.3468715346255743,0.6140723880282637,1,1
26990,27416,24,1927,0.6222933328860377,4834,47,14.234375812701886,15.454498841979161,0.19568998676961202,0.43229106508166903,0.2818441664434107,0.5396584137448656,1,1
19411,24602,21,2166,0.4484723004504557,1039,271,11.65161188608211,37.26510313296063,0.8100156993237878,0.876697292987535,0.22235605296433053,0.911779133489519,1,1
13906,23409,18,504,0.9749059995352503,4793,113,7.485969379285447,31.435619190826163,0.41478246130523333,0.7501120053183029,0.1875159086668382,0.916558728572874,1,1
24028,14110,18,3879,0.5049055953766698,5376,327,4.6647790619707035,13.416003237245356,0.17769468884940243,0.6950136104980935,0.7295668717428843,0.16933661716674245,1,1
27657,9073,5,3474,0.8093230787464527,4625,170,11.924627743278759,10.981353722234864,0.7612452023882328,0.4966300045951242,0.23611163708893798,0.35316994345061026,1,1
15611,5542,6,1091,0.44162003946500605,3213,355,16.144662465614864,7.152766393112782,0.762011097615281,0.8532756283804216,0.5184630366489573,0.10640459335483517,1,1
25297,18282,24,4392,0.5605680728217168,5828,110,12.163499847262578,12.37147311964144,0.995887906864061,0.8651699772855995,0.6296758243068977,0.4551812962289806,1,1
10011,13195,15,4047,0.6328976693954712,5682,55,14.912913601728699,8.417964055109579,0.780937261798164,0.6590827954409714,0.0175732627580647,0.6628181949490789,1,1
25826,4537,21,1405,0.4730284828973209,1580,208,10.105209336147121,30.001408646024313,0.14526724792712786,0.5990681439086136,0.02709931990654928,0.5005920639229852,0,0
29930,20138,11,1390,0.63797412887591,2355,306,13.346523261226976,29.142806591930917,0.32254474178572823,0.5075435760153215,0.26650992370989546,0.15710459252612188,1,1
19246,14560,15,1907,0.45058420671472,4004,47,16.287741767342816,28.55008682624147,0.451726917291146,0.8327097709370719,0.5568125954509625,0.2665628018752235,1,1
21790,16434,2,2139,0.7077641849509697,3879,287,14.25745314126781,31.168821033567404,0.1266528057097951,0.759249230801092,0.20863890820987976,0.2472976460553795,1,1
19738,10396,12,3697,0.7747764816129241,2098,89,16.512590231069403,39.29487309633461,0.788038974447814,0.4822438587947889,0.0011866323458002094,0.5344590462950851,1,1
22730,27207,24,366,0.38995794177792686,2128,221,8.613803434914988,43.936977442840764,0.5266985379125865,0.8584595709983365,0.2305183199551336,0.6760280133814588,1,1
19120,24891,19,1578,0.9075245574925875,3678,162,16.419634209596435,11.82765028138282,0.9444495690957535,0.9146114005494141,0.0721046533148102,0.3688766096780256,1,1
26213,23619,17,4458,0.4684901664269027,3147,354,11.755859368948176,28.625401037939508,0.5893081445258203,0.3879182481588773,0.1755306446338586,0.21089105469209024,1,1
16767,19924,19,1113,0.4942319522050072,5613,131,15.855804640347946,4.681802398621759,0.5228990837382539,0.8443492083353864,0.2665520005594381,0.7788080008616837,1,1
21703,24894,9,702,0.7732638976531603,3872,195,2.149712752224284,6.646694602712971,0.07142515293286433,0.8957932373936977,0.10244588405500146,0.8296075612935375,1,1
8929,27845,11,2302,0.650000678678025,1569,270,12.354564301573346,31.75394770918535,0.14934590494457778,0.9845650556637101,0.565091781958128,0.3350149814280381,1,1
19951,27310,11,4466,0.6696131834694821,6720,64,15.491588801485328,23.869286399451187,0.8495260767641512,0.5020649593199148,0.20473618560495066,0.4576355470070266,1,1
28083,8131,6,3225,0.4320191901204049,3276,287,4.374333555112796,36.641608081218386,0.9906759778258083,0.5874420513371218,0.52887583944397,0.16964143723249558,1,1
23845,11697,11,3293,0.8656709260009012,1692,66,12.419484402171232,21.006841606556854,0.4151791358982695,0.9683622990085626,0.47922628225693553,0.29354267371486586,1,1
25438,20513,19,1386,0.7449147175066944,1313,306,15.111752784574419,6.997125121148091,0.8100860837249291,0.41016995218789404,0.7184363901549888,0.7519503213426565,1,1
23747,13271,22,2866,0.43664450771805186,1652,130,6.251164598938511,41.98652173004879,0.6275857663306518,0.6851730201054427,0.0703465378757354,0.41041820616641034,1,1
13744,6145,7,1071,0.5893595948963815,6332,176,8.186564410455468,4.895758143830147,0.9590592736717136,0.6743165310962481,0.17168648909093182,0.6139884255914894,1,1
26284,16100,4,3972,0.8686623569504193,3255,67,10.89704235523712,9.881338199162956,0.23813723544409326,0.7381905528839448,0.6921427432351809,0.9042568083257913,1,1
17649,27937,9,3548,0.7137472294314372,2383,264,10.066266866595274,14.017912700206997,0.544835743007943,0.5617072735016256,0.6577051651085546,0.7150921689479303,1,1
14980,23104,10,1969,0.4195352186450755,767,20,2.146624985112738,47.778188532075056,0.4087958183425956,0.9425875767499464,0.15368444574564055,0.48543435692169035,1,1
15069,7067,6,1856,0.5885773093051435,4171,183,3.1280896184093216,20.592411548271244,0.5417159759430152,0.5228392070138066,0.08618880955689932,0.41184826381090767,1,1
17591,7195,3,3258,0.5053244150116701,3312,334,3.157698558521962,24.580300932471403,0.2688580834188552,0.7658051312540175,0.684993171696155,0.26194796271682075,1,1
27799,12244,3,1451,0.6811779543383849,6369,105,5.827420440736388,37.17574729577182,0.497746162715744,0.6673932945631591,0.1425104454597638,0.7427190620334898,1,1
8442,10281,8,1517,0.8897511224780733,5180,180,5.5567578612404125,30.911532510924243,0.6248041467247651,0.5206710095872511,0.6968877648566362,0.19556143628560974,1,1
12652,5509,18,2531,0.6292109662748286,6486,197,13.746669332482194,40.54677252124267,0.08121588399949209,0.4708664292623532,0.7688917595021926,0.15218463682201439,1,1
17370,24400,11,4244,0.6273388994357267,5780,305,10.950282369266384,23.86237255363101,0.7429872548076232,0.9621997595249018,0.17664531086053634,0.18910437397445073,1,1
15597,18502,13,2342,0.9294245774893036,5677,277,14.105605396646478,46.69235131218143,0.7065229631604173,0.709226535421303,0.6723100799367641,0.3064695788350196,1,1
22325,9533,3,1005,0.7187586640046544,4585,265,2.6532849472793574,38.450180994556476,0.8804576014514852,0.7366821838236427,0.3390648719858105,0.6330549026395433,1,1
12458,24111,11,2969,0.7123622959343403,883,179,9.506034918281411,19.864173250723464,0.42585655180992554,0.8510530937868661,0.6310227398027967,0.8321306133371613,1,1
14591,20065,21,2413,0.5176223308002492,4456,238,6.842297057876946,18.919775678426653,0.06166913261471774,0.4019850615038612,0.3259164327830746,0.9437290426019362,1,1
24346,17670,2,3277,0.7389425586157609,3350,304,15.523998627469815,44.686086026078236,0.4614611290216869,0.8068091313899384,0.05631647898697354,0.7217615256385277,1,1
19826,6932,5,722,0.7185826991471337,5025,220,13.178521089013405,33.16753488329171,0.13760917206196144,0.455689688046285,0.5701562180909314,0.2240805313285273,1,1
26693,17595,14,2321,0.603984941018793,3911,251,15.84276476864214,30.207380822705016,0.6474468135218178,0.8239078944489318,0.12055091192286325,0.3360490444100666,1,1
22138,16041,13,4093,0.9840451621754756,1549,25,2.266047519699991,36.61803995938911,0.047131524131305835,0.4404503498415214,0.7416200714533593,0.2121887326323646,1,1
25294,8560,12,4431,0.9144102175667755,2333,328,13.393587577848908,27.359189921250437,0.37399640622769514,0.8827959679191015,0.334197026416561,0.1982190142867164,1,1
28724,7016,11,830,0.8297352256491619,1297,247,10.410137810633037,8.480838335029155,0.08284289848749538,0.785850406865288,0.06560011832766365,0.5825727512601753,1,1
28393,26723,16,390,0.6939011765843204,4967,292,15.112500478756836,16.003126717686264,0.003366434071603308,0.5969697848655491,0.1827840118191955,0.8707145983708238,1,1
10169,3719,6,3672,0.6457182732125634,3475,284,9.868149750276046,27.22340859432158,0.9605572239015918,0.5796540440976534,0.6900140939741557,0.6816774071350097,1,1
26556,3074,18,2242,0.46833433294284754,5655,248,10.413449785381498,1.853887583576847,0.9961273480262802,0.44532612067578853,0.2568683756993226,0.7805526676713116,0,1
14313,28869,6,4105,0.5456719833693592,6409,167,2.3541617855440746,21.555483133271707,0.5555029515318131,0.9285941476903146,0.6850623959837516,0.5318822471535135,1,1
16315,23541,3,1540,0.8453349118868545,6444,150,12.530627273093451,36.52273532596902,0.2389558499454839,0.4258587346232399,0.13782939071371914,0.5040229389557208,1,1
16036,16161,10,2058,0.6403993305200328,1790,71,6.006807947483326,8.7189982122648,0.9110990368086574,0.6521295286586404,0.37457449886183564,0.8968618812595122,1,1
8785,27895,7,397,0.9146524906044808,2687,107,1.8249497159505381,4.034270657374568,0.9230365970761066,0.5013718110654742,0.702607593429293,0.7136699423557236,1,1
14139,5149,19,1779,0.4446631272611384,566,314,2.596213181349496,40.29336961420183,0.8545088911707059,0.9876496051321767,0.03872386585860524,0.49043994401759317,1,1
14344,17033,15,2132,0.6753421414487273,5610,129,17.29521254793942,30.01187181777801,0.5443699845673821,0.7249401929719669,0.2434217462236964,0.3826950795348303,1,1
26800,26097,20,2885,0.7640580377736376,6149,121,7.210275278067475,9.299211707004806,0.07470216089602744,0.4457340821702482,0.7278812715510287,0.1791583691501923,1,1
28538,7207,15,3947,0.6807830120370726,1892,255,15.823247872249123,38.8963340874101,0.08843892753679783,0.7772409584779565,0.47722106216643456,0.7978354743949383,1,1
22973,26525,9,379,0.9191052106143918,6904,325,17.33467436214272,31.932085159898982,0.8966197877126552,0.9846297710224329,0.5729857048177077,0.24392513896443127,1,1
13619,28036,18,2523,0.9833205003706494,4491,230,17.063908615815826,16.703605673476595,0.8758268474572294,0.7372276995938394,0.673702750873926,0.5377634549138993,1,1
9936,18043,4,2869,0.42413418133847663,3521,192,16.048466471540433,18.681224782201742,0.4343972491812177,0.6427226205159644,0.4188771410152934,0.6416873534549076,1,1
11807,12078,11,2072,0.4331711386092294,2201,191,16.264924555611465,8.326743669791272,0.3281546194764253,0.5376928778359389,0.6762927208172801,0.732466389474538,1,1
15151,14725,18,1423,0.4334074326784775,1078,80,6.2686327316257,40.25701292781079,0.6441239201441021,0.4089589854904115,0.5110116565347266,0.17084202439901902,1,1
17493,6936,12,4111,0.7859533414851376,2105,277,3.999253189295912,24.923312627255875,0.8069879482555249,0.496077631353528,0.5485203604508018,0.10908321813183401,1,1
20355,12307,9,3774,0.5885127011173362,4543,153,12.047832274450741,27.179896602252047,0.731684942051821,0.7043172989215192,0.12228356413451157,0.7001072214678933,1,1
11236,20459,2,2923,0.8193213832101799,5822,199,9.553742265835593,42.52412001429414,0.6156029380507063,0.8324228471357327,0.7512150633877632,0.4862325835458011,1,1
23848,23260,14,1703,0.6095017426476663,6554,288,3.1293208584703223,1.744038973295414,0.2315110444448314,0.9118757697469758,0.6368674803479326,0.25396505591356044,1,1
10352,7615,22,2878,0.7516683016525207,2478,48,12.679431714369779,4.145383938594726,0.26250486922071514,0.857975840238509,0.2033567969177196,0.9347233002477557,1,1
9932,10265,5,631,0.8427091236344919,5005,174,10.78719012349876,8.594212147411305,0.7240674813977017,0.4302977288783473,0.4639957331064425,0.7726510319646354,1,1
18913,25763,8,3908,0.7008581828191491,3380,98,15.740612113372245,2.411777215142842,0.8026198524510311,0.8450143264083498,0.30117272388892885,0.5917361019863219,1,1
16556,13116,15,1039,0.6952822978880039,6307,228,11.551532628858578,31.93333936134678,0.11613518809958989,0.7222269095333156,0.5283215990479293,0.6967910289613349,1,1
29300,18733,6,341,0.406469968182806,6756,282,10.970111965408936,30.792335004851076,0.18729704771130606,0.6502288368030871,0.7949974745619761,0.23176993798002257,1,1
13498,16892,12,4178,0.6129003154620383,3170,42,8.77240343498836,10.907689437662324,0.6804702621773714,0.7165690358221316,0.03659711771491612,0.917891415806841,1,1
18582,28502,18,2249,0.69929737806396,4216,274,9.13598665316636,8.022102909674654,0.38898658747140114,0.355168210414392,0.7620189103708997,0.9469120171901864,1,1
25330,7652,6,3760,0.6456677284265024,5435,239,17.247290245155416,7.847180965170516,0.5632928672710307,0.39334735550145716,0.05791306571492019,0.6511786832779547,1,1
21865,26176,21,2428,0.9265004801205923,4784,115,3.7843591551039486,45.80234642597619,0.6148149526556361,0.6865435386067079,0.3686117086726224,0.6680657112263392,1,1
17569,13473,4,2454,0.9301796045564732,4872,172,8.862610506606089,33.59471284536285,0.7762034672673319,0.46111631966819683,0.3856873604747489,0.6987897468750845,1,1
25823,12247,6,1537,0.8760271235768075,6356,58,12.321149359792907,28.515154937858725,0.8057169507169075,0.6991462093653973,0.21497956367984683,0.6659182899229523,1,1
12857,26840,16,2066,0.5901907682387968,6746,131,8.644675652241594,16.156882974839434,0.2800962452614565,0.5766966859998817,0.45335942884774916,0.4727597041758803,1,1
8340,24058,20,2141,0.8090714570800219,2654,279,6.173057846172503,21.353030301713112,0.5412967289221713,0.9307436932318417,0.6671713170709016,0.5595748016377544,1,1
19181,19925,17,805,0.6029846150845503,6535,46,6.241396617587105,5.20207641636276,0.12352393862188027,0.9577973934748504,0.23516974496901855,0.3403172678666472,1,1
24766,5161,9,2141,0.49885990334448577,6573,45,5.35532476325231,47.91313873858507,0.8420151686975487,0.9770618323638525,0.0563239501217101,0.479820728924797,1,1
16491,21635,14,1694,0.5694576918725642,3304,54,7.174402809620979,36.48901678786683,0.8454479383331956,0.925320317365004,0.5058269605130099,0.470687810096743,1,1
8138,28628,17,556,0.3954173653027427,2720,163,15.882633797128856,30.20829837092671,0.29950571899945644,0.9809701447630931,0.6013961033186015,0.34491935896634845,1,1
8358,23953,4,2020,0.5623376057629742,4489,336,9.836205080329421,28.625058175710464,0.16062020742204253,0.8019341604731915,0.7636184078368561,0.7686990965641458,1,1
29315,22128,2,1371,0.6448750190471497,1498,186,5.463939013284004,24.70277548555911,0.07009177820026657,0.9647470591366729,0.12761971747470638,0.44822120371989516,1,1
17714,17588,10,1922,0.9615077726597312,1221,185,7.844690830937784,13.099089100710705,0.5749764419115859,0.7607471778923693,0.7210878926438443,0.5689579871217865,1,1
27840,15061,10,2366,0.5505827751805599,1714,170,3.2462017992963723,11.640348962607485,0.09142810039987981,0.867897092406861,0.38569878175128997,0.2326769447080622,1,1
9627,9041,23,1369,0.9275702650915332,2193,236,16.416589705689177,26.828025487893548,0.6805948446205999,0.43442239534317456,0.18860658961923324,0.5037218651535211,1,1
23996,15673,18,750,0.4964692965270381,6868,210,8.235264229508628,4.299438284223729,0.6781264010341463,0.7868637360656371,0.7701987761570156,0.7472370315229516,1,1
13004,24059,3,1197,0.4722200945659196,6303,359,17.676454875785748,4.500127546821178,0.6139874071316246,0.9459061179745661,0.19074341642905843,0.47784679324088564,1,1
21283,4560,10,4028,0.6821570921165856,3894,54,7.2343897588315675,27.358239348536454,0.8765605018630944,0.6956308745809681,0.5867553485887455,0.5740801762701215,1,1
14652,14954,20,381,0.7804072763503398,4525,150,15.299874779247498,44.23116626588124,0.3782806927291318,0.46956461665939786,0.6279094227233035,0.6964505964990735,1,1
27554,20548,14,1036,0.3783726405134601,4079,302,5.730357669308978,43.970777003103166,0.9022695826245776,0.6872086788640008,0.34441524193912953,0.43062923842447465,1,1
28219,18078,6,4474,0.49148215363021863,6777,149,2.7565227407304365,1.5089301310572392,0.036925368846130846,0.8024422361980725,0.5519878757815561,0.40029016968851217,1,1
10151,8419,10,4244,0.6416375465608425,5656,20,2.0236004676177117,6.04752813543014,0.11275698792140754,0.8426646394223347,0.45798166002340085,0.17288066436057264,1,1
17429,5722,14,2507,0.5618427750292361,6736,89,11.501779039638928,28.404651606658664,0.4122055625184433,0.6851692863564697,0.15362620194649415,0.5949315352087411,1,1
22072,13550,2,4248,0.806077490782926,6718,220,6.640965582614225,40.87835892488972,0.5939930186885735,0.489115535499936,0.6079103056908308,0.7009147667036512,1,1
19927,19854,16,2302,0.6771427814664428,3303,56,8.818078027851168,45.85910707287095,0.0323756366393656,0.9430808246903983,0.7424129158691475,0.5940645922797628,1,1
14905,28992,5,1991,0.4526298275864961,2730,40,15.007676087413122,41.447364624151625,0.5674344714242641,0.8451151465301485,0.39091044377531214,0.3409965433281875,1,1
27218,4468,5,1479,0.9224578427616579,5312,111,5.5937834139642355,32.847817358933426,0.3073983164830314,0.5232405763952666,0.7954482032534065,0.3229863448537481,1,1
20452,27309,21,3235,0.5374596323093501,958,223,6.592765866126069,10.424678646694082,0.8871468078118292,0.8695602671336796,0.3423722508278886,0.23556447122519392,1,1
24212,3808,11,2815,0.8179239097372311,2201,341,15.44804705346801,4.41320927701123,0.5332845916687309,0.5726320956915578,0.38378926053714163,0.13994220634168092,1,1
26951,27747,7,761,0.8491460986274624,1126,302,9.630577510167818,3.2332417862253013,0.5878939082174337,0.5499560605877637,0.5391180111789078,0.4628463307922617,1,1
9307,9719,13,3201,0.9664209281639053,2956,258,15.156475256366045,29.767608877394334,0.9456218111148833,0.9023690415021722,0.14861611537947503,0.23644227306408439,1,1
22852,19363,21,416,0.6690447785754249,706,72,7.67885405719422,2.700864388721813,0.7641710266545936,0.9088705323629577,0.7215568079577652,0.687178045842264,1,1
10660,13591,17,1954,0.7441347298972365,3816,191,8.07310468364729,35.74427795388088,0.43827326614676565,0.6050280978041467,0.6410182377115738,0.9174730580776296,1,1
18403,8073,4,2098,0.5643208278269016,1856,128,4.257782969341228,34.48612465549555,0.4768796149560194,0.3557105952522013,0.6979338291134236,0.16245932224726747,1,1
28114,11012,15,959,0.7840347477837226,5268,34,16.619706584316944,4.741708764503909,0.6479238685593989,0.4694019976959948,0.48764686360327,0.8590124161203574,1,1
18238,21029,2,3537,0.6465654309544446,4096,189,16.296930951208054,43.611251156729345,0.2001992166505131,0.9319496500637175,0.7069983689435944,0.6590586752228794,1,1
14207,16892,11,2422,0.6300975134236302,6573,293,17.739580740318765,25.530676565389207,0.08865084049412264,0.9251995757152369,0.5439779898224442,0.8312371336030536,1,1
27546,11249,16,4119,0.8974992186343075,2439,57,8.14037759830024,43.50861266487339,0.3112365159456184,0.6401406387798064,0.40924871982860767,0.2317150235140265,1,1
9140,20513,8,3643,0.38210805983916074,3295,181,15.007146539017596,43.37567264085114,0.7783827979362303,0.5446346926565623,0.7454326431877726,0.8705097242691608,1,1
9708,18147,5,2850,0.9144559538123959,4868,137,8.346736572589958,10.26060100269456,0.25732379876995104,0.5437589069473099,0.35177581505720107,0.9141910482395743,1,1
11630,20737,15,1886,0.8953246962102764,3173,81,8.99593001719605,18.887148513005386,0.1307592003359197,0.9242046736822644,0.40045588439349916,0.8707069926095788,1,1
27595,3767,17,3047,0.6740744022795451,1549,354,15.194989994314605,7.327437674679364,0.21902259846226024,0.5578293190243305,0.13563498466139975,0.7676746867267981,1,1
18485,6895,15,934,0.6637298266916021,3091,64,4.4265517196255955,37.423966476407074,0.6789729120057063,0.67741136623367,0.7581272078871684,0.1767586186710864,1,1
20021,28258,4,3182,0.5815567155427137,4289,315,5.135130418618913,24.69387103027954,0.6139480566935188,0.8178470723794546,0.17684224676984456,0.28762141061284074,1,1
24859,22838,18,3111,0.98627122667631,4504,95,6.6930159665309485,44.65395604356415,0.6883149972964362,0.48406786663002804,0.16113273935333333,0.8761649294414193,1,1
15684,13200,22,4315,0.42114837296245833,6473,302,14.504954036250949,10.786115099185036,0.32195812268038204,0.5124570122149719,0.08095568338493662,0.29501065264277526,1,1
9207,10329,15,3039,0.7277377508023084,590,329,7.6487505645733656,33.353280091403626,0.9008561269332717,0.5791596115808811,0.3626875609215751,0.39555692746952353,1,1
21331,18332,19,2184,0.7862762176719469,975,284,7.409775436632566,47.49413090531731,0.4517703573281454,0.7687029691823296,0.2188916399024663,0.1429053603736012,1,1
9960,17621,4,1818,0.9479712052588445,2546,203,17.980469696711488,32.2729193055866,0.5137130319269436,0.8731940167336498,0.5926248004251543,0.6338790539227759,1,1
8557,14334,23,921,0.8493302379883274,5321,122,7.832801361141411,4.232374843043495,0.9488079760021272,0.6998916885318397,0.24601729616324272,0.5788057839288918,1,1
23883,21174,20,1837,0.76206220979939,5807,187,5.588213849207185,28.655944435673955,0.9792772679449756,0.4350743914557591,0.5766162093795155,0.9175059177215079,1,1
21893,3885,4,2637,0.4247598827597585,4190,59,11.783025690315565,9.452609235018125,0.6615427259165517,0.6355971347646214,0.15676886622103173,0.858492939993835,0,0
8882,10734,13,2294,0.5891894507721391,4525,275,14.731019207257514,2.4336305387078236,0.9448131925757911,0.4317220621588441,0.18397267472006656,0.5300523072327119,1,1
12761,6906,23,2370,0.43885865123071055,3766,9,2.648529256432128,16.743152773345066,0.5415073863404433,0.406510188586685,0.6449393283532042,0.6179367075946454,1,1
13867,7492,6,2665,0.9139761487779288,5129,105,11.711721813784838,13.50689190354109,0.3072829455667717,0.7273547327049266,0.29687484153981114,0.45121729713176395,1,1
20869,12730,11,3145,0.8297575395607315,3245,290,2.0896350220237085,38.07223224434044,0.31509285596654135,0.9619757515506707,0.08941918048375426,0.21259026679663878,1,1
15166,5073,10,3338,0.8348235435502267,584,57,10.184483791162046,18.56298543067072,0.5589405898823455,0.886071573333798,0.7691230440707265,0.8376220061227986,1,1
20982,19696,2,1154,0.7674441713750682,3139,222,5.740360802003852,35.449062678104234,0.6050361206551984,0.8456616080271955,0.14191372515488912,0.5671077938547048,1,1
15929,9269,14,3028,0.6745078636394941,5436,333,6.559588011607564,1.763232621618577,0.4396170699197489,0.8153158181538136,0.12015769492956592,0.4615833053030387,1,1
13347,24701,4,1215,0.4459814780566382,576,290,9.207083405709312,1.6961702713693794,0.8837714835118439,0.9241618285668465,0.2867056506812959,0.15819559512927114,1,1
15269,20194,20,431,0.5610047274912331,6973,244,16.797273102302185,2.3777325047351834,0.4266961187135505,0.8318144538513776,0.0765070153850588,0.6655758971015155,1,1
21527,9841,12,1416,0.43762610718520994,2930,218,13.226010558699961,11.309846763781282,0.27342364699766786,0.7512015009924937,0.12449310076093507,0.4397151698923806,1,1
10454,13955,17,3893,0.8139444114254997,4004,108,16.95795233869419,18.577425896342397,0.007981878343539806,0.583395251375181,0.6771556780279596,0.3156414863380739,1,1
28878,5032,7,1160,0.4525464166540832,2924,226,12.38952157521818,29.568752746492162,0.9705692781576368,0.41460408951026734,0.1372054845677349,0.8452402810037637,1,1
26330,12699,4,593,0.7993526721098787,6984,344,1.6172778269496844,47.33795263386772,0.8243132831429444,0.6450613528601666,0.0891414509300307,0.2560870591825505,1,1
20991,15737,20,2988,0.7930434493413789,5796,352,5.88215575623668,17.65724964967363,0.615559584685329,0.9418619111330351,0.7039660295050099,0.537766893275458,1,1
10808,13762,7,1299,0.6439548665544248,6586,193,16.44524753238617,3.6159686175868124,0.8305422539034614,0.7231841698400976,0.355037206489948,0.7763926158299763,1,1
14642,10129,9,2596,0.4365463386355535,2721,331,12.116851095967789,10.160307598294887,0.8102892302509439,0.4680826751328855,0.125730353129942,0.8217135571457759,1,1
11825,22089,23,3985,0.5514725287257835,905,328,17.697179403409535,43.19903618929852,0.9318507802258251,0.76537491742774,0.46521394440361563,0.7958995899316744,1,1
11536,11788,14,586,0.5548595898083529,2629,315,4.0734063171018775,33.87082193694232,0.3860676833603749,0.6478958298115228,0.03320467190073506,0.8621323850105282,1,1
23309,5147,13,749,0.7982464852117077,4616,103,6.39633924625757,38.13943872981231,0.5548522420859408,0.9460832566930985,0.34190604370364364,0.2210037709273557,1,1
11802,3615,11,2638,0.42279553242478357,897,101,7.479066382031099,6.835905666621254,0.09862802372024593,0.4530015424396816,0.4722510611002748,0.8993897525328035,0,0
29083,3947,4,3540,0.8806039335782981,6973,331,6.888203999760624,7.344388469252872,0.9653154257189731,0.805687519044328,0.7656960242090469,0.1091824926217384,1,1
26354,8677,5,3003,0.837044665718985,6868,77,5.65786024747303,6.275562354610112,0.9851270692824998,0.786225577476353,0.2611718110277921,0.3175184014881512,1,1
14142,24035,2,3416,0.4692364276315353,2300,260,8.817184309986835,41.28695072254767,0.7890842479312017,0.979466610253763,0.6120408772291555,0.1714329342791951,1,1
27203,10866,14,552,0.8102652043384893,3973,235,12.097919035594625,10.868477608599408,0.4541209831483368,0.7115437610358007,0.10615985112410345,0.9037031648957885,1,1
17094,5013,5,1719,0.7778484361394059,2308,174,6.635739227630484,31.22813203284692,0.49656675091435765,0.9078073829975296,0.3468658800272,0.46034530536101714,1,1
8364,23081,23,2636,0.8287973120709928,5489,337,2.815048734685219,25.259819210613177,0.435366932987857,0.3658169200201156,0.17850778390437505,0.36797899414654867,1,1
28642,19874,12,1535,0.47091427548716447,4426,161,13.190786693737195,26.58632585807112,0.29331063652223044,0.42865085966344485,0.3939742687010994,0.24202434400132453,1,1
27503,23734,20,1299,0.45085780618013993,2444,226,9.073773170390933,10.185461844389607,0.5277914055487666,0.5714006866217796,0.3337854870927028,0.2324452213243855,1,1
23688,21812,12,4060,0.5013497509905627,937,350,10.681958050486044,30.85656639233751,0.05344506950056682,0.7463695341806322,0.7838280399679307,0.6218419331365093,1,1
9863,7987,13,4416,0.5841578900153443,5891,103,9.014110843204598,3.025725119541565,0.9918870619371684,0.6374107807791416,0.7339983983365158,0.14002154143356,1,1
24499,11733,12,2911,0.8579455878629128,5899,224,16.190898807006022,47.693196984108546,0.4240501351641408,0.4797255983018168,0.46576471973282996,0.6051808189468194,1,1
15084,12479,7,1746,0.822271319986464,722,248,10.71929245324527,2.2576686051582655,0.9273665840371063,0.7270903935305181,0.14120782233209592,0.7584519663689855,1,1
16016,12825,13,2470,0.9422890190582612,2110,263,16.734067857553867,3.357357413645522,0.7242714606600036,0.7126873979784721,0.4455655931375089,0.6108626369150078,1,1
10384,24304,10,3221,0.3875229178231139,2460,198,9.924493135674004,16.258428734909025,0.28994291686393403,0.6856463862533431,0.6336658226590179,0.8025919528390651,1,1
23072,5926,11,3983,0.35739601984907876,5104,154,6.32770467696465,40.086391721168305,0.22205261817460242,0.4079559117508468,0.030421689581845525,0.325469898441189,0,0
11935,28928,4,2561,0.7974488510085114,4500,159,7.364802688407243,13.087892953506918,0.9956754337623562,0.9432963153639877,0.3472234789238587,0.16559578996990748,1,1
21127,10282,4,2245,0.528743997308266,3164,26,10.115133344148962,23.180945648192424,0.7721263550540357,0.7290433943689193,0.03411753186356368,0.7128420243849827,1,1
22482,18635,21,2153,0.5638104931416432,1565,120,10.244825723782641,1.844934565281068,0.24966147414934092,0.5189547182071406,0.19516635003833907,0.8039108318325827,1,1
15742,18847,24,899,0.6999532965852878,5795,117,12.841072075557655,4.707327874731278,0.0674450481772606,0.7899476418524932,0.07369172768074295,0.526425056080636,1,1
24165,23760,17,4435,0.415544398801151,5864,215,5.204165391079408,29.574404281413234,0.6969165453013787,0.5534611141560879,0.768462625780066,0.7975243989904419,1,1
29826,12490,4,3703,0.7613244265907517,1776,28,12.370907849430779,10.134848064123144,0.30301645681107636,0.6737478571356326,0.13506292222428415,0.4892312821369763,1,1
10490,24252,11,3290,0.5580943655879361,5893,287,14.346702138282412,33.629964461917695,0.22133081262771737,0.568324333477749,0.12008310586900156,0.26874848883409064,1,1
21324,9986,12,3118,0.7549376795526346,1103,296,12.663767826205335,37.913385225807325,0.7349374151493361,0.9134521769841235,0.7776439731767674,0.5032349149658464,1,1
26108,9862,9,1162,0.8837644243669669,5630,60,9.45016381199025,40.96570737519731,0.6792613226543476,0.9861475741023553,0.4127738322424588,0.2835580516088755,1,1
27151,15159,7,4355,0.459511253335955,6795,270,17.86273074342776,7.288568885968164,0.4814126747601911,0.45315652180985516,0.606388025123638,0.5012268351698048,1,1
9137,7423,21,1519,0.945758779465293,688,58,8.179417125632067,22.408901804500474,0.9426559327703732,0.36509052835622197,0.2618517209356281,0.2254188253020943,1,1
28501,13450,12,4095,0.689640410279964,1175,341,3.258745140567182,45.512828145480746,0.6796383660574911,0.49036640446850716,0.4262885647478844,0.2577277607126265,1,1
11420,26254,22,827,0.9406737697113398,1137,112,15.05481955422116,37.28792649488246,0.8934195606199092,0.7275692691824726,0.005482969662178494,0.850475850655587,1,1
13845,11159,13,3222,0.48294725260913796,6854,206,5.0013201115269,6.497137946768971,0.1905529423497191,0.4613287293296211,0.3270547771019328,0.1984794535147269,1,1
29162,5073,17,3504,0.736920105346712,2496,206,13.269211952890295,24.617511515864532,0.2966459100808887,0.8693500317479381,0.44407182915516313,0.2906331380810928,1,1
11906,25554,19,1462,0.6084877550871071,2344,341,4.4531086647995775,44.35188734642542,0.10452013369372826,0.6115491691484432,0.411528130799299,0.9461920430284056,1,1
28021,20085,14,3864,0.8455022023398484,6982,222,1.7784769491559997,21.681823859589734,0.3045799978720354,0.7407409540570429,0.3246557497734047,0.5896157386771685,1,1
27337,13111,23,1146,0.7377817236565096,546,247,4.136676962518923,40.358627615525535,0.9717783292063804,0.6415954186386297,0.6303261309955573,0.5979463345855458,1,1
20413,27497,4,2417,0.6664898924533238,1319,358,7.720313493501061,24.30465489586219,0.9628562460923007,0.9281298698361303,0.40131266132296634,0.818225244958983,1,1
8276,9825,16,3386,0.9343106601158455,4307,182,3.2592010776416718,6.020148830550424,0.7603863545509909,0.37248661571985775,0.5088964189167516,0.5456716910156137,1,1
26383,13652,23,2070,0.5913549210698753,3522,65,4.761704889888754,7.949181524796845,0.5210482627829572,0.8167532132202238,0.14769690530722146,0.28851466046093655,1,1
25611,15454,22,3583,0.49078733113483614,1580,40,14.116333581792484,3.193760381984446,0.780779798792245,0.7673901653381546,0.6892000771288992,0.45909657285566663,1,1
14337,27251,15,2125,0.7391847595853387,3646,50,14.203079531622658,10.179792807051532,0.5534869512137199,0.7656896198308863,0.2902689455117051,0.7417510655858927,1,1
19944,23648,19,3623,0.7493781997906008,1777,99,14.988555748651116,42.99986269391041,0.0035085046714433687,0.6149532115444513,0.38568290666117006,0.8415811726768815,1,1
28119,10968,15,745,0.6310205578060002,4234,331,15.379061403035276,31.559308159333064,0.5015470739436155,0.3600321462245744,0.28175582385971715,0.3322232512485509,1,1
23906,27530,6,1325,0.6614304279612047,2717,48,8.437192261126963,35.726275939496816,0.5989234460110525,0.791114062059493,0.7135257408057235,0.3226789745183143,1,1
25079,15516,22,2071,0.9641141851519359,5765,324,15.814569401443219,30.218088544486406,0.2657483575030042,0.8808615761972821,0.7205921175697863,0.3784669752766263,1,1
28536,17290,15,1659,0.8189188424939529,3386,230,10.17795843773171,19.16734673050234,0.20329356424166156,0.4045473990319028,0.17942747568819445,0.6067790948777511,1,1
20306,10776,9,318,0.42078512094884923,5652,150,9.264852429444135,11.192473241412076,0.2738090948056513,0.6326352027161399,0.6021716446098669,0.3367327057653934,1,1
18503,11558,24,860,0.485763245357191,6134,273,13.3558494284303,44.50388544846204,0.6236277495178657,0.45406070652611463,0.0823068365665594,0.8591663866415036,1,1
27225,11719,16,771,0.9743690460387577,1295,17,5.028003787438468,25.19699973322701,0.1460641149355525,0.7410001833149493,0.023880282646238628,0.9313064504088668,1,1
12208,7886,16,327,0.81493795442786,3828,29,14.526706717653289,23.611694416773148,0.7203283013294994,0.8527871208697835,0.6692672908001696,0.6772519341204396,1,1
19590,23319,20,859,0.935628880732578,3506,265,8.586186138342352,47.81689216389665,0.42267482096160947,0.77669220155354,0.104942516415956,0.9247547416444083,1,1
18886,7619,21,2955,0.544471336952782,3684,132,3.600374331062047,19.0447094542584,0.3533478592053255,0.5535584451109667,0.12382617428879339,0.3446728982243793,1,1
20866,24575,7,3536,0.824794790455419,2889,43,3.468646573029965,41.14388979993524,0.8072312916803529,0.43942892981272563,0.48527060743520256,0.7928948002077116,1,1
9088,16956,20,1244,0.8069617334550473,4643,161,4.220961273470552,41.53017083489224,0.5060632494365266,0.8583316134722958,0.6534148132351788,0.676677943868044,1,1
11363,13345,9,4248,0.5386015906812001,4358,189,16.19445011502241,11.935499886816391,0.37840056119092813,0.557306789435323,0.1516807360328338,0.3237130560644315,1,1
8024,9875,7,3956,0.7025224482884513,6017,178,17.850474067274284,5.457465540457618,0.8781547155606045,0.3641694923164327,0.09135378776983966,0.37064618820796724,1,1
17764,13100,21,3363,0.7515456712129889,1718,190,7.390067686821177,46.854145438645624,0.36825163219947576,0.7157095771835205,0.06185787640068244,0.5153318165278774,1,1
28620,10856,24,2279,0.6579243589295776,2260,285,6.32037356138741,21.017152614371646,0.8590002829433705,0.5078734785493622,0.01987712926836256,0.7728968360543377,1,1
17959,8401,16,3016,0.8793943722611282,1224,78,5.109721047806566,1.1043551344791889,0.5041986984625583,0.8883718389492332,0.09318331988645756,0.8413889288245031,1,1
20935,6022,4,1115,0.8830361867507133,1844,299,15.09297187325955,24.453838189961054,0.20800709745500723,0.44168333081009825,0.7541535276549335,0.6388549871887802,1,1
16068,14675,11,2626,0.8943843509129963,6413,20,4.951923459911455,30.107117096130168,0.6128181881110838,0.6282725433979202,0.07622601006756949,0.7133399163906803,1,1
26619,13912,16,2630,0.8641910842228242,637,192,16.74748714384945,37.4761476300576,0.28532352626996127,0.5120033303110475,0.4780471792600966,0.32427210697272646,1,1
15295,8738,17,1302,0.6623734254061726,4950,176,12.511281253026164,45.318279556511015,0.14715513217619514,0.791345036301492,0.7367731111328238,0.7299108173114465,1,1
16392,18126,18,1842,0.5941205108153647,6464,190,16.302608562541714,44.01301956043676,0.0865293713977795,0.7010597819887499,0.5022561126209376,0.6142328410428681,1,1
19390,25368,20,1529,0.8820808215771971,5689,36,10.641162597503413,45.18638354257882,0.24169733579744201,0.8562321403191014,0.026196603618678083,0.2894827694593467,1,1
16448,4770,12,3605,0.6637289334760108,5406,67,12.896217726011196,2.50988196819522,0.7365546420021912,0.6435120481431373,0.47713104577276994,0.9076589258620398,1,1
28131,15305,17,2829,0.5076776951219084,6201,353,11.721058660852176,34.453384290031984,0.8379992223757426,0.35307739618841316,0.7224522454724609,0.5359306680026287,1,1
18433,12969,6,1730,0.6746998606862185,4054,305,15.214725029342649,11.61532425186727,0.8617208459819216,0.4877257475452772,0.2580472280641013,0.7752927165406985,1,1
23038,15404,6,4212,0.4407838860283149,6339,313,15.291703384567038,9.814976298665737,0.27014827370994365,0.9894605492443351,0.2509023436566755,0.5467708517862603,1,1
27559,11989,15,1832,0.7926428739832312,3259,193,11.231584497444565,38.614972724164765,0.6609729329453419,0.6094207931580866,0.19909087096064565,0.8929962088860298,1,1
19528,6215,19,2192,0.5649896202393,558,310,11.936376213941243,20.605095391125353,0.23035405991492952,0.7469504690471843,0.40443566955702404,0.22008747694212857,1,1
29281,14980,9,3424,0.5168216310063707,1270,30,16.710952688214192,44.080203561769785,0.6227621139682403,0.9291562291576045,0.19035427688747647,0.564231431904974,1,1
29421,9694,6,1721,0.9621655975902368,888,350,16.842796985421995,2.994449267398211,0.8872109930416968,0.3631354765728566,0.5790310171192238,0.12138175175087401,1,1
23743,22360,8,690,0.8472038372853168,4424,43,12.460121434270498,38.70249898589667,0.04089368260208137,0.7721487336943329,0.5158893979356897,0.26778455365739695,1,1
16605,23121,17,3118,0.8537244817433162,3922,197,1.6279455898571984,7.431217330281996,0.9852256677254061,0.5345612633461995,0.32061889229567264,0.3388725289131541,1,1
10014,20136,24,2169,0.7491820603386774,4934,167,3.2227850434400267,9.29912847355427,0.827087877458445,0.5287188834255561,0.578044046235417,0.501718560432745,1,1
9381,13661,15,3260,0.8870705987265901,5352,57,15.656051774277866,23.43553062965145,0.7616621162936984,0.49390489807891635,0.07879704515177233,0.7971467588104818,1,1
9098,4392,6,1495,0.835863987944564,1095,178,2.8977829201182246,19.592727221021576,0.691362893711791,0.8765466984263423,0.5996227227072797,0.4966563254815185,1,1
27810,9789,10,2905,0.7332151706455146,935,200,5.023066484108595,23.850098388047538,0.7702738889138784,0.5886865487657564,0.48232654526696195,0.577009119582135,1,1
28039,17385,5,1157,0.9651196171850991,1973,215,5.304020223657255,45.18124653545959,0.9945953560405459,0.3929545844866725,0.5040663005493105,0.8854462065791138,1,1
17101,20061,5,3527,0.47262076779803075,4972,282,11.40387370136843,31.897279971487936,0.7701912971125406,0.41198474104522437,0.051730960177987576,0.7430525948267518,1,1
8187,3105,17,1816,0.9537630201566406,2482,192,11.01444116508211,14.644540946574029,0.351600784668327,0.4451131921195533,0.49450800938262224,0.14267287998309391,1,1
19948,14479,18,1453,0.6069204236792736,2938,312,6.275389136436605,9.126709478938714,0.6139218529335032,0.9253136558405921,0.39529761906039407,0.24999320211332327,1,1
18207,24137,16,1142,0.6881753493769514,3368,335,4.925587531879307,20.74217493115388,0.3369230161598358,0.6235637929646991,0.38869000185355507,0.13248488531157715,1,1
29793,4946,5,1982,0.4285531645083577,4709,218,14.114778492648352,22.227128281583667,0.9700654432566708,0.9362715773436934,0.2574827198329316,0.1586978216617121,1,1
10092,8544,7,594,0.6956687609099461,4317,333,16.935026567498607,29.260837265277264,0.9001397328257004,0.8731868625677596,0.006091106672214686,0.38802658168975546,1,1
26514,20479,17,944,0.7411723211892438,1273,33,2.3712937186212386,13.502127066369095,0.5676202274628285,0.8862448776050227,0.33810992003692686,0.7186797282863155,1,1
13242,16275,5,3933,0.9885289867574554,2426,175,3.697477634630237,37.07293461355039,0.781273754493449,0.5335723591243728,0.32073297938059087,0.30769995885499923,1,1
16549,9985,7,2435,0.974123143085777,2719,126,12.095705813644173,5.6276315375309345,0.9096869429717639,0.5236412241341029,0.33824432585490927,0.433443323100807,1,1
13185,4782,6,410,0.9684942667995439,517,163,14.773283952578524,27.341308089230758,0.2436002636565593,0.7084437630962099,0.48959520526403466,0.4347934622270765,1,1
23271,23925,17,883,0.5729683584653167,4830,90,14.554613034810593,30.30598770247323,0.5794818569288046,0.6174719756735685,0.23992497140812202,0.6017605677909498,1,1
13776,22641,17,3525,0.9844105591968279,5929,306,13.374772025864372,10.72108431006183,0.4817163192525483,0.6757988405122218,0.2155067593873878,0.8589811560902819,1,1
20449,9213,11,1786,0.6415060170208708,4466,8,16.142561249218517,39.82253347348219,0.7715913548429414,0.38405068918892765,0.3982250235786242,0.9357431909160016,1,1
15823,17485,10,1948,0.8951752056076163,2192,6,5.086256512918412,29.925309884760843,0.3790825213338287,0.9718177224080179,0.47385414078819194,0.6139193196786992,1,1
23717,18605,5,2681,0.48844478017214205,3270,137,3.270300617117128,31.348944088454726,0.7089796397081917,0.3872280370176788,0.45386274132536086,0.5293099078628445,1,1
15355,7869,15,405,0.6737332349802254,4876,306,11.653489006507577,24.39394477088161,0.4029930890117378,0.46445203050360784,0.7053133873052695,0.6795943322782192,1,1
14465,20945,5,3853,0.9682477415216675,5426,83,15.067552210136634,43.750928207287906,0.11107486464450422,0.7840483358945651,0.6153152466758565,0.667826560308719,1,1
20737,23390,13,1994,0.9561000940309936,3767,151,11.103719044929457,33.61459632991835,0.10712143160831722,0.44952099310629323,0.041751917100007675,0.5453539832744948,1,1
25881,12867,11,2033,0.7875903218057131,1638,170,17.389458543071953,18.94627155010084,0.11905632455318738,0.41839675373298496,0.4507803321184792,0.7264128539948715,1,1
21324,28698,5,681,0.8606011664339582,2195,319,14.626813612964526,12.214476725852052,0.03251987593216177,0.44831704407739015,0.33425136759190144,0.5175806925371705,1,1
18350,6981,19,3036,0.46291308582553686,6286,242,13.063064715002804,4.3398987167039005,0.532973171596772,0.3896289556585018,0.28884103473388606,0.9469896623142393,1,1
10555,12493,14,1616,0.8118614716698607,2086,332,2.4942452993836044,8.771959347476898,0.6719026819837349,0.5108439937653404,0.766316724899531,0.1416477079298701,1,1
29793,8682,14,3002,0.7455525173346382,5013,280,3.2777469390727543,47.656098747932006,0.12672840182568956,0.5235163334494813,0.365436626022442,0.47673327850230585,1,1
10951,8782,15,4374,0.40859311088079747,2831,208,14.449820937754707,20.118044111607087,0.611858000221612,0.669118136030926,0.5755479159750699,0.4374706923197449,1,1
25622,20327,19,1206,0.4224217642173928,5180,57,4.770925772020984,43.23829968203811,0.597740078257912,0.630782411011056,0.7736695759654588,0.7547583634048411,1,1
12727,23934,2,962,0.41940391536080757,5947,111,1.975780405303344,9.016759773607427,0.14709405139686238,0.6531765856952609,0.12080010872192881,0.262201552946303,1,1
28349,12137,22,762,0.8135884382910947,5960,59,16.52755131482492,20.991960953019934,0.4040825999612633,0.7442652826936977,0.043693009719162304,0.46896417330656714,1,1
13686,19984,17,3202,0.44069773327844636,3169,250,16.19828866607036,46.14436795057209,0.755135709770984,0.497815315999708,0.2508961835576183,0.693252856156759,1,1
11701,16012,16,1242,0.6493486535132611,2768,168,5.104983149319615,5.283215816707097,0.0167560255520115,0.43621064389881287,0.03555541227784422,0.6127130863692895,1,1
10780,25760,23,457,0.5784683557617649,2556,19,14.373403258203751,28.917261339187633,0.1469478838983882,0.9124820983331479,0.09341168900278901,0.5633535567551256,1,1
25972,28993,6,3609,0.7023226500929394,6528,5,2.291664409992309,44.201079332726195,0.9958283743247446,0.7557224573241288,0.7933678580166713,0.46971186254495323,1,1
10368,4524,7,1626,0.8021449518204178,5427,355,6.203457063083841,45.63511852884978,0.7335448971490596,0.38882450811827174,0.768143123814213,0.7392074802073652,1,1
23592,23150,7,3017,0.7882224238216524,2922,141,11.79050398623431,40.76235142425346,0.46413027921925576,0.9650730559365249,0.5530341271671172,0.6494613587237303,1,1
8436,19634,4,2968,0.6799327461852009,5129,155,14.09245343661336,41.22891832092702,0.6298014120916252,0.7935638414517816,0.6023895996834447,0.8435043715441116,1,1
10828,3078,17,2868,0.6471743191106467,3986,184,1.671586615005128,31.65259884352088,0.8462209705984745,0.4470909709356874,0.11239366211442042,0.7230490534823671,1,1
9556,6123,13,3692,0.6046019808782456,5718,236,6.882442119016777,11.35988608046465,0.8423045855536367,0.9702460362728964,0.4761884607634736,0.21934642978228513,1,1
21364,28473,5,2406,0.9016223669148028,6301,192,5.036701741050621,35.34189159079123,0.3247014354612071,0.5838606996797652,0.12353019552653013,0.6266073354999278,1,1
23061,10064,2,947,0.5617451551184928,3249,22,17.97987669485394,46.98406982955999,0.49129142254522407,0.9800864511134529,0.30270892488176193,0.1378576682430947,1,1
18576,16068,5,3622,0.5159941255471967,4541,229,12.571206834356378,25.718875189622107,0.6380550964986437,0.4160964028117046,0.27627602031185045,0.42926523294895425,1,1
24566,11417,2,3238,0.8257219159393736,3324,109,8.193578972515773,13.252775876614354,0.07189691651460406,0.45238029890271725,0.4911683689507249,0.4501470507135097,1,1
15190,16362,22,2783,0.5802486154859049,1905,210,2.748267932681303,27.953140184954897,0.9457965993907522,0.7707485125599003,0.0637544870209279,0.8266504679187315,1,1
13565,4209,9,3206,0.8920791038446518,2386,190,11.378059248864902,33.458686743308974,0.43274182566237296,0.36417181770628687,0.08276965593736199,0.25331595076058144,1,1
23369,8153,6,3325,0.5598487799277726,3487,69,12.088074270445059,10.789174542947416,0.3708623272579269,0.3619613703796708,0.48794553936962776,0.6470102791847926,1,1
29959,7898,3,1675,0.7992446877277364,4075,337,14.970697803801729,34.80189933764286,0.9071003614498259,0.8568690126239362,0.5088941255517011,0.2635289691977927,1,1
9589,21562,13,2123,0.3788697640226151,5042,211,6.261518073169498,28.60934436756642,0.11828664875310468,0.457379412313485,0.2719059401945287,0.9063696285181251,1,1
8159,13871,23,544,0.5967602432706048,3227,233,17.69356332792159,29.780445729958455,0.039260797387108526,0.9380255952560687,0.11749690223158851,0.5500723927509814,1,1
20145,10610,18,2648,0.5696673119792329,6987,73,8.751184698680166,15.381432697772205,0.6850024123002739,0.6225735437896779,0.7088639326332898,0.7019817001042065,1,1
23373,14077,8,1167,0.8726743931365909,5220,146,6.383071951881645,8.297540075226454,0.38500296810510415,0.9091375067515364,0.0423590382754659,0.649563581905456,1,1
14555,18791,12,3161,0.9689154580661185,2363,210,7.249414011024054,30.30214507936588,0.7644758088301058,0.6173686938153782,0.5739004140837699,0.3580927453744057,1,1
24237,28279,5,779,0.6449640170834953,2853,178,10.073169873957543,28.552950490170875,0.0685446115267555,0.6893472031821696,0.11203577450270741,0.8660180963596578,1,1
17203,5544,6,2762,0.8778952173784051,6791,201,16.9555758143676,16.886572822548832,0.38375714353538637,0.5525690634729041,0.5098991267415574,0.6331613684083136,1,1
16244,8522,7,2235,0.7978046086127136,3396,335,13.630120165670109,14.907002374656699,0.23532521204611223,0.7711689073637985,0.5309246775431197,0.5337703164879104,1,1
22743,5370,12,3673,0.9691270321047637,5327,311,11.022309216152408,17.32048969812735,0.7396065329465973,0.5536487462035623,0.6434077096282964,0.5491065894321334,1,1
21333,22665,2,3321,0.8691094491794078,3001,201,4.18637140166772,24.024516909444547,0.22717011042737145,0.49282886262403147,0.31602006581634995,0.8570869455208736,1,1
21341,7710,11,3492,0.3995859622167875,1437,232,3.9643296296993826,46.81652755022458,0.45794533477435484,0.4018702796561285,0.01743717458622438,0.1502515519091296,1,1
26691,3328,21,387,0.8065003023246311,2580,275,9.786249077923806,36.8875372352317,0.8188775511367119,0.38690838260982185,0.6488395087751941,0.4307027782774241,1,1
9228,16683,22,1540,0.6927198178703191,2255,203,13.523693625927212,41.03176774077795,0.9153905354644696,0.5458235860494649,0.35525441550282716,0.8153833986461609,1,1
13590,8579,12,872,0.36051907707668934,6120,329,13.891700850459317,24.76552973846596,0.7226057936657777,0.8213429409595234,0.6776718556780645,0.1318879598868415,1,1
13585,23612,18,1113,0.510840293584284,3890,19,5.2275873339582635,25.727809753602518,0.42922841153295366,0.4815968424599144,0.6207879597287578,0.6433040364238152,1,1
17227,16122,9,478,0.9399233568172115,6316,290,3.1516419619796787,10.6032590875403,0.5719858747427331,0.5415055680892777,0.39864545698613185,0.4427745556688869,1,1
14046,9794,14,2025,0.9426792785835219,1716,338,7.843606322687526,34.88915430615068,0.6896899471524939,0.9293097078541593,0.799519527194101,0.27389594992672556,1,1
20237,3120,21,462,0.861264294528406,1703,220,16.649846963527224,20.8144482721599,0.8749326265741181,0.7590607973192451,0.36966006162864745,0.6196941371684549,1,1
23649,9749,19,2940,0.9783389460979132,2390,39,10.498559669044807,35.89500236443243,0.8885739847602917,0.938622329230065,0.5572036960375675,0.8064018525461493,1,1
12945,16763,23,1305,0.8661889437594911,3531,73,6.781646152724276,20.225602921693394,0.9309694914883471,0.9331846617623258,0.5358430559382792,0.49723862119432316,1,1
15927,20348,17,2648,0.3565306798625569,6137,216,6.840021527595508,6.100307799053682,0.8107110989073822,0.39058283679084155,0.41445337202686183,0.22472678100786275,1,1
20641,23608,3,2721,0.5342139777929675,890,50,3.679436246166052,9.133523325936524,0.1467979359416668,0.9612059679541535,0.4682802312033896,0.3602285368486683,1,1
23998,18450,6,3055,0.3695994766321682,3011,252,9.308191645751606,39.14379366951012,0.7476395333862431,0.3827538937992036,0.6388870094224267,0.9341502625416644,1,1
21386,6675,19,4442,0.41022909999203805,3477,89,14.557484195494833,13.154975009269831,0.8145923735632177,0.9423961073590316,0.4572906142355184,0.19442810371527888,1,1
15016,25078,4,4041,0.4900581228484967,4246,52,17.48121841020113,13.424657860652257,0.8778714276763837,0.6999093994602982,0.3601186442274771,0.2366077671578004,1,1
22027,21460,23,1517,0.6722774696483343,598,235,9.776317499306595,44.68030023010957,0.9248168946178259,0.6912413330415306,0.5296659796988609,0.9416511707233903,1,1
23920,26249,18,2774,0.8924204822156914,2695,71,4.259046111404359,31.908874274741926,0.5091598135184474,0.8064890000766842,0.02840722829737601,0.8497862101347301,1,1
21752,8643,17,1229,0.9016587239405491,5165,93,12.768681596747264,6.372455032564747,0.6550926951243105,0.9126952132875072,0.08735510000350218,0.701059433025385,1,1
29470,27908,7,616,0.7443691894766697,5322,223,13.987057155297373,7.7485076962009085,0.009552776616969072,0.7448829156232044,0.10034110401662746,0.22833576544187903,1,1
26268,14560,20,1802,0.9440326010023904,1501,56,2.683045865481186,13.801269337853132,0.572783567692434,0.6222559064200457,0.3406141308384374,0.3044667773738716,1,1
26193,24633,8,720,0.6700398890177331,2070,26,15.527295638915277,28.91779732785174,0.47319838107393963,0.421609179510255,0.6974201918808474,0.25315487345550747,1,1
11167,20700,19,1749,0.918983068245249,4898,103,15.183819434931648,36.38279708556662,0.9623060446947994,0.8550939557727223,0.5146356782134576,0.6363116267590064,1,1
19989,20580,15,727,0.6406017640524877,4129,135,9.296927391645447,13.90133284230026,0.9017092986027271,0.43210783518131524,0.7780947830376077,0.4390385545793266,1,1
22087,18383,7,696,0.5274240047500046,6647,92,10.746971557161828,41.92017575850333,0.7976039294333856,0.8148741511675155,0.03195277551004212,0.1406122657658296,1,1
10437,6170,9,1095,0.9365042675842737,6750,140,13.271233051230166,6.131468407554982,0.05699418452026672,0.6878719653004965,0.5776056358868171,0.3475984573175285,1,1
23275,3355,16,406,0.5982784484344763,6718,43,12.666344063537178,10.75716089802944,0.40202884228333324,0.5969349918451639,0.25136124591219905,0.8315552421549535,0,0
13276,12718,16,4349,0.6721786296604555,1563,22,1.7728436401879497,46.61185129371524,0.6960422221945601,0.7423112872021553,0.018628349128824873,0.7766359834024644,1,1
16859,3028,16,397,0.5604708048196334,1138,109,3.520182513500015,7.333008591721911,0.029660743564281056,0.8443078950877074,0.6607413519474509,0.646560033373832,0,0
15818,17831,17,2203,0.774216064186067,3242,150,4.182744170390555,42.74123146301911,0.23581379175280115,0.9523293558083974,0.13015483474348466,0.1727119870650186,1,1
12728,20397,2,3870,0.9868199840038627,1642,340,13.96865216968963,34.08494854399248,0.8875071901181287,0.5194060050161919,0.17125992780992025,0.8503721962686164,1,1
27008,13894,12,3601,0.36632867127345253,2620,228,8.76137878772427,4.435093260160215,0.12978076729942423,0.9561633025354869,0.27237268692041994,0.5543401374360166,1,1
13738,12019,6,342,0.925902723844545,1051,121,10.500793335382614,23.734220958297364,0.05137350433864418,0.9650067494321869,0.6306856934886959,0.52038960852554,1,1
28616,15638,6,1877,0.35251267647312984,3775,5,14.249342708775488,25.392029597805898,0.5805857562846692,0.8707235292669953,0.4996724633370744,0.8939540404348904,1,1
13793,17889,22,4490,0.583105843933575,1476,121,7.126207439557498,44.810562676544365,0.9464646154277803,0.9141197919631034,0.21188890867759114,0.10751742288631556,1,1
12523,5024,7,684,0.4579083560252891,4691,30,13.856688750759757,20.79191587462693,0.8346247399086386,0.7931536087789899,0.1347914706603117,0.5725126258095572,0,0
13571,27874,3,3771,0.8346987396304328,3850,16,8.797938031387734,21.997889926820967,0.9747725047209556,0.37502222075602215,0.08763858960149201,0.7725577325104002,1,1
24209,8839,7,3877,0.382390938084591,3714,298,7.723473098274408,6.286736474959779,0.7535231536962493,0.7180502686114509,0.11985325837580839,0.15413690345718703,1,1
23246,16503,15,3538,0.7042303702939698,4047,345,6.9951148569032116,31.041110481570136,0.43736977408457156,0.8282109202948941,0.6945161224623111,0.4035962573026389,1,1
18380,25175,12,1996,0.5387527256610001,3431,173,17.421589455624318,10.912157866787542,0.9466164395898741,0.9526900062120545,0.738146698519482,0.9308624068417508,1,1
10224,13303,5,2434,0.43554895927340936,4569,57,14.237561276698152,4.644063136514221,0.4266332784533118,0.7150891820920791,0.7743662460844571,0.2800181439081505,1,1
16389,20138,10,4192,0.8439636557456901,5787,273,1.8332330227632347,47.85519300332732,0.3500946163442443,0.8582884340847253,0.6677855075825745,0.551502518395062,1,1
23927,28345,4,2836,0.48914677392336425,4485,252,17.29735552755033,13.672592514251845,0.44819591776743384,0.8012247792284761,0.7099122600186799,0.7341586721293718,1,1
19684,23119,17,2692,0.49315213571516087,6920,132,14.29475389049011,7.629498761053785,0.8139739543824644,0.5297138486704523,0.6528828003707405,0.4318177746308952,1,1
18640,20622,12,4115,0.5260491424882707,6902,80,3.9613827884952166,33.87604760606729,0.9176935498488883,0.44902596809686945,0.7664446152368241,0.44669225965907566,1,1
16662,4906,5,595,0.7255307288499375,4641,273,2.7595790692867324,39.61906132832939,0.35768210995967553,0.8305794103538562,0.6765207532354878,0.15377809928777902,1,1
14361,10399,2,713,0.7721861962820789,845,150,6.585202545380981,4.011642176938295,0.4622474565322625,0.4996117511548847,0.3696021452943488,0.26157934615755296,1,1
9948,10961,22,2295,0.36126561516886074,5442,52,11.798995234210018,5.953485451079991,0.898327323304383,0.5066025949632902,0.2586034514863621,0.8485178416882498,1,1
20091,28794,23,303,0.5047965671128258,3442,203,11.673020370966212,5.238169708356154,0.04704366452866893,0.7621255927684145,0.467369511081253,0.7955699943542383,1,1
19992,23985,17,477,0.625821339203381,1576,75,6.051527064962138,3.207087256158026,0.7838686941138514,0.8550038169788982,0.48654666224612475,0.35894274392360803,1,1
14318,28933,20,1045,0.5624652493831892,1671,96,8.853637147847394,31.99445449581134,0.4542177582343391,0.7226925394311912,0.459931631130491,0.4244546041337838,1,1
28180,15031,17,951,0.915869221446967,4270,213,4.9961875692766355,28.650719917750113,0.37651835104967124,0.9163892184826056,0.565381074176773,0.4743488600787391,1,1
20180,18128,12,4189,0.854133587767308,6152,346,2.334548305251168,32.15191285831685,0.44692129183683904,0.48532369232043165,0.5591812631201912,0.3940520840331291,1,1
8234,18663,9,3571,0.7505697379448496,3661,343,10.030012712543499,24.76635667388651,0.4186906755015798,0.5115452349060733,0.0697554271399019,0.6558249485533619,1,1
23372,4460,24,2782,0.5663471462381054,732,52,7.2253537151586285,39.42286121406234,0.756618618187806,0.7576515226607645,0.22841796139794282,0.11090416624088409,0,0
27991,18682,2,589,0.7984303007015423,4298,33,10.457560132915845,26.693410217433048,0.9279475222441557,0.88079563815571,0.7118881499322052,0.8481428475332743,1,1
8522,27053,22,1102,0.8899283282213084,4646,180,17.117370820762453,44.181105935582366,0.4914558254465786,0.6951851530740694,0.4720280432295855,0.35555172951972636,1,1
20718,18193,10,2830,0.7306914415097514,5260,23,3.8656101429727983,23.825481027687687,0.8327337857825113,0.3566442069136295,0.2628197585531222,0.8415174425523884,1,1
29272,20800,13,533,0.8520553388117627,4407,359,1.5323733021307628,38.160957076945145,0.7319445357122386,0.7832436026924423,0.6803669196664611,0.48622794497979416,1,1
17821,14045,23,707,0.8294271752958386,4199,51,2.7684905191550655,20.1459366231308,0.33068078555647684,0.8706927571314782,0.19923382851643412,0.7598813429507619,1,1
13832,10766,9,993,0.7159118791426062,950,349,9.134686885676878,21.455523054492815,0.5873138145265476,0.5269879218534234,0.32735989150098455,0.8019128630748992,1,1
20820,20812,18,1469,0.549797258765767,1862,64,13.164378491738338,40.90262612618209,0.6668156750156945,0.3846868664846511,0.22100381733765442,0.356095500086548,1,1
24211,7378,11,2777,0.827300581120814,850,180,11.082599454733618,6.060012261810177,0.023499371890463028,0.6814892659888309,0.6970799390284799,0.6442760877493673,1,1
15122,10529,8,731,0.4823496744688681,3196,259,9.665761021666826,27.551134484210777,0.3959555512242403,0.37697934102461017,0.5826309494403449,0.616301879580783,1,1
13842,23858,20,2844,0.8488725417417816,1808,233,7.340391663024804,35.137813985602925,0.9926381758474568,0.6162507161057564,0.36818051571989563,0.5046119866293348,1,1
9316,6071,7,1282,0.8649098829712212,4504,151,6.614573830269766,36.26976892460152,0.6372564270700936,0.36140342046098906,0.7458406659777301,0.49913337536268043,1,1
21200,19939,22,3460,0.8761727229250388,3425,302,7.708721889232171,28.800195776988843,0.3342440692917761,0.49397870266107935,0.7419558244346529,0.35942277978705717,1,1
25508,27931,20,3344,0.6526662214262129,5178,337,11.591976741149676,22.05903075549715,0.2500240394007278,0.5988463692076224,0.5692200209299564,0.3636619348667677,1,1
29807,20947,19,4224,0.4731876913730698,744,243,4.267940271781347,13.256774861737615,0.20948160210075628,0.421491769436965,0.7135949065994844,0.5659288670312297,1,1
23206,14692,16,3612,0.41382310404228395,5145,336,14.227474370401325,43.74303306164374,0.4016414089652075,0.4230597785527572,0.5755144971352596,0.12743002529094566,1,1
26971,4040,3,1988,0.8257512003122716,5323,192,10.99167846153632,18.380033533502292,0.19326569060760956,0.8793195138084006,0.5025694940339341,0.8936147246785138,1,1
9378,5686,15,767,0.9172072860990804,5234,328,5.941080230588556,38.552628161067254,0.13518618205352817,0.37651127472473567,0.33662641434120605,0.6524824245243143,1,1
27758,15666,22,2916,0.7665365496556202,5179,339,9.769023886386181,2.488283809243904,0.3640632844269589,0.7909383991511333,0.21877580968384863,0.47692700885539874,1,1
9519,5553,11,1645,0.4422624386485565,2773,213,17.385848346805247,11.911953090270629,0.6069996926457933,0.871268511583585,0.04820588694701238,0.15253510181380855,1,1
15935,4779,17,2722,0.9483337270512474,940,79,1.8381102308957016,17.24248526555376,0.14639918208612834,0.4336623066468089,0.6406959772054408,0.6355106336046094,1,1
14093,16186,8,1311,0.9830252893051645,4045,187,4.792123574870281,32.5639809755796,0.04434327386286008,0.4750372700886225,0.09773046466744839,0.11508126333254028,1,1
13355,19459,9,1977,0.6273623103583501,1967,91,8.898273958404086,16.008547936608878,0.03463281806369156,0.7605557130208188,0.3282793925278453,0.6778871158282148,1,1
29352,23710,11,3997,0.7306881851352136,6415,275,12.034255409367164,2.944098638507435,0.2673842524359683,0.5520138321556601,0.187707371396262,0.1616457803953849,1,1
17083,25219,16,4366,0.847426252801061,911,184,5.001766393710506,9.171773254538754,0.19013229051630165,0.6549107655903361,0.36370103925619274,0.6576868612958412,1,1
13574,8057,9,2192,0.8212894656320286,1313,249,16.86816514820724,13.180771561358323,0.5392553602901523,0.8850417332990285,0.25198706037393553,0.4450046013978812,1,1
28456,21733,14,3169,0.9693838028374074,4841,350,12.102438205006596,9.274231556983494,0.45572018705089945,0.4383092296859455,0.6637550770039377,0.6632342206223273,1,1
21324,22157,13,1786,0.4235251782904249,5178,11,15.977627157781104,10.57505432663327,0.32476661433901866,0.7465776140190118,0.7825428489918577,0.21772272673731008,1,1
10257,5262,9,3639,0.7216639143313957,2230,273,6.933745849130256,37.140976211647654,0.8335428341509608,0.9531345422597121,0.7532438206135103,0.19977547282659672,1,1
21411,22613,16,1716,0.7928361085907789,5577,17,15.177739916059387,20.36558126567163,0.5049469929965265,0.38677864299978915,0.4978959350191241,0.31031043485839493,1,1
23233,13308,13,3146,0.9196629914801088,2474,230,7.740617078840863,20.043424499392486,0.09152999208409918,0.3884043295902472,0.7834212380021455,0.44978462048976364,1,1
23887,19776,12,1657,0.9094301617396164,1049,270,5.670404245609881,46.43049782299585,0.2957643540736953,0.7050351184752878,0.32057812659673735,0.31507630909797407,1,1
28808,20492,20,4360,0.9759198678792256,6760,246,16.542313096202584,21.994986383377412,0.9733392661965915,0.9644485095003708,0.417989955159001,0.1697130767199317,1,1
27621,23746,15,1691,0.6777302105201146,5983,184,3.0216048487011,44.59993222902256,0.9769773207580144,0.4911031311147448,0.2054798656873995,0.3762738835606617,1,1
28277,8188,19,1878,0.881686954760465,2437,184,17.05766513493067,15.055965616183975,0.25467163554711925,0.5617068606183683,0.7183860257197003,0.6998967651103025,1,1
10005,11802,14,4049,0.6234602932014897,703,130,9.065500896815491,19.829434215496136,0.1672361287949139,0.4131347037106391,0.14376729690876822,0.5956231885562441,1,1
26400,8057,5,3925,0.6202808818278607,4946,287,17.878320312516717,19.625317735170718,0.49568814621724433,0.5818382274795839,0.4883899786583674,0.918825871766615,1,1
18860,6998,18,2803,0.5121429532626298,4914,194,10.403311786627976,26.665705118788285,0.48146491816684656,0.37837278721285117,0.6395632949497346,0.4705334118419663,1,1
18070,11864,20,3437,0.8736718636923071,4088,20,13.998554839358002,28.459622670135754,0.4101376872690171,0.5990201585566356,0.4763189974613864,0.3828820018672817,1,1
17388,25950,10,3209,0.98092166772065,3036,319,1.616671769577066,12.661876364986636,0.529357227493953,0.7055121759628997,0.0630201742957599,0.6896275985388237,1,1
26156,6677,24,2964,0.514058706142245,6288,25,9.695002529342725,38.29845976960458,0.23219537851820082,0.9740030890779272,0.48915750299931543,0.4501649710435496,0,0
28360,8796,8,699,0.3859242163334863,606,20,13.667982281698901,24.336719869809247,0.11492934154368717,0.873768306970848,0.6136634576891935,0.6255628784232422,0,0
26135,17450,2,4257,0.8719471599481646,4311,273,14.41664582931441,1.3310470153839513,0.570461458476435,0.8761218628962235,0.1502625270823603,0.9043441884814089,1,1
22609,9363,8,2533,0.7469472336222439,3201,37,4.107801612926368,28.79300976588397,0.932597996782375,0.49601236772620616,0.589562284764118,0.5243108442583407,1,1
24363,11123,8,1839,0.9642072323526428,4397,186,8.413020681315848,38.50879375186941,0.1377492766202979,0.40583020938806086,0.7028621664589809,0.52344875500763,1,1
27604,11222,21,536,0.5114331002092494,2719,73,8.41468730896909,12.771936677326517,0.7048147242314624,0.7359678106267159,0.7891667957775534,0.7588915449132012,1,1
24923,27074,8,1227,0.39545770112081985,6474,56,3.210073340234422,2.779937440010522,0.437896687380385,0.6835284448356911,0.3280474110274244,0.7426651569055505,1,1
22823,16654,9,719,0.665163046954561,4436,69,8.810250876909201,38.937396815583966,0.293976589728804,0.680562481009684,0.020129906059546166,0.5387967294321778,1,1
25845,20784,17,4424,0.4046982546976944,4590,304,14.81703381848409,46.88500565066648,0.8531092183924258,0.4197651111684543,0.33526320033763773,0.1550122965622719,1,1
29568,7071,4,2695,0.5175456007057327,1457,339,6.452982170713286,4.598489889250411,0.45649169453718197,0.6660863323285284,0.52818227212965,0.9336689447764368,1,1
16547,11808,14,960,0.43062583092426765,3075,232,8.637479611249072,45.0877299443089,0.5833120140679902,0.44622767398372376,0.7130920303198027,0.42072235787488255,1,1
19515,5786,11,2923,0.49344459498245036,2867,226,17.355818303525353,17.885897362874914,0.4430562869399294,0.6201533399755765,0.750484633858624,0.36920045398143686,1,1
8234,26553,19,4250,0.41793257780569076,1560,276,2.0231832522107767,45.24766160364011,0.08124958166955287,0.38978408489268224,0.7276606296256566,0.9343148082915252,1,1
22562,3870,8,749,0.9604998396334626,3046,22,11.260109170273369,31.495448228115002,0.5949046869001859,0.8984112636214842,0.5263678180152712,0.8413149343598771,1,1
25932,7196,22,679,0.5282801366078307,4236,222,13.76669551433088,42.84148268507543,0.41884097503812123,0.3584352552357874,0.5460184340641366,0.38068414556186914,1,1
15480,14796,22,1550,0.6340944550352419,6908,277,14.054560161514443,37.93415217741643,0.0867566060676297,0.9511668092450111,0.0019070457296472831,0.3620626973900227,1,1
12213,28988,6,2759,0.9251115568859023,4266,312,13.312977410586731,2.3158939125694613,0.595811734418975,0.9022507665465209,0.2909849947271787,0.712811021238993,1,1
18293,5739,24,3298,0.7834858162953435,6287,177,13.486448817229201,4.075797609277533,0.009870932039227509,0.8316691664443538,0.7254849888931392,0.3841685171208167,1,1
9673,3940,23,2601,0.7455439875595355,2172,60,2.4737089836053228,25.70999644057157,0.2085203882545923,0.9788323726628638,0.5516941313713913,0.3137171686897442,1,1
10100,3340,8,1026,0.8015604418309358,901,353,10.313254215749492,7.0920939327108945,0.7810695369052124,0.38444479816165317,0.37433660085973486,0.932720219888173,1,1
19849,26806,23,1767,0.8804462445474444,1101,13,14.418989682344725,22.668609240386118,0.03792742485873446,0.7606221478735018,0.0834019319067437,0.580853702116315,1,1
28132,7133,18,3028,0.911708331425127,3499,287,3.052073309115938,45.867624032529974,0.6466820980551388,0.8935533379018983,0.19705333274742876,0.7481229780667025,1,1
27557,20043,5,3452,0.761289389225617,4813,297,1.6988237193833198,14.853592515060761,0.949706946207324,0.43103494177969237,0.4439380142539955,0.7060967157381072,1,1
26199,13225,24,3820,0.9196046558041969,6973,26,14.940270221394359,23.97889754933982,0.17119245817300677,0.7242559863465774,0.7180012108813904,0.7421970954525958,1,1
11841,12752,17,3654,0.6926544175523052,4781,76,13.252857394847073,19.060202613199262,0.4171118602095746,0.6021100215645899,0.07664987811651641,0.8678814797560118,1,1
18197,6457,20,715,0.527466148011791,3952,359,8.301405879088303,30.60186731966768,0.5754976973709982,0.6289293525421398,0.12300435550038911,0.5256530829597642,1,1
16016,12848,11,899,0.9132490936856604,6852,332,17.016541137473837,10.110711740623266,0.4504158387338443,0.9340154146465448,0.5240040610953084,0.7403714523723045,1,1
15011,22359,4,3374,0.6965426095443757,4134,176,14.148868561749275,13.217146636311314,0.6203776861817673,0.6947369281758287,0.2353197851976531,0.7772917591746107,1,1
12493,12241,4,4474,0.92992805604303,787,127,17.469705536508528,41.36208901410848,0.40409752516699815,0.40968770870164745,0.1357630332092879,0.9044268976716177,1,1
25058,3453,18,1867,0.37570740092837196,587,95,16.83370178253321,39.1328025214359,0.14850412902192045,0.9498183512604345,0.14274877206974876,0.7061321975947731,0,0
16578,12896,11,1394,0.6044100809863907,6779,228,9.441344449158567,38.0919153769201,0.08904435982445569,0.4685351491602531,0.3940905808772593,0.8587234294771472,1,1
10158,27568,18,3243,0.9565952117519797,2705,296,13.95269814761884,37.233221637941114,0.7444431561771444,0.921287562542121,0.46699540483372737,0.18078238516996759,1,1
27045,24826,23,4453,0.5097760593653138,3467,358,12.541657915326043,22.593562192694215,0.2386239495219048,0.9713892614946303,0.723479573386848,0.20718210482186689,1,1
10064,13976,18,1747,0.9525831974646353,4750,256,14.888845966526109,35.257866309013785,0.8474503127667234,0.9118159764228452,0.4238537511536684,0.23459426108379114,1,1
11253,18872,22,1792,0.9604975751227199,4034,302,14.496858637141369,19.198626439989535,0.7430272438218404,0.7833656177977091,0.5530188651955467,0.22309111123692274,1,1
29363,3818,5,2971,0.914571081104551,719,260,4.0283275055482415,5.733350268905568,0.04945318434236168,0.8258731646867777,0.14454876215864018,0.17439099054114227,1,1
20828,7868,22,1758,0.7107475488597111,1982,17,5.356636274841015,19.48860815749794,0.20121111706373518,0.7979150360094434,0.5707682295282795,0.2041877179183276,1,1
9401,19396,24,1508,0.7640412474116086,3738,339,5.884571023429861,8.457163078712751,0.2919926565595382,0.6447356082272401,0.5189548711481112,0.9465237421372278,1,1
27643,15171,7,2512,0.9065548790079163,821,122,15.005226227080675,19.370028989727953,0.5944822488260402,0.5256286199969198,0.17294565003724102,0.3313572751178876,1,1
23193,27111,13,1654,0.846574132729078,3238,182,14.877238114831616,14.978985122055668,0.809827000315139,0.532401747168659,0.5355019720443275,0.5063408910734168,1,1
20096,3920,23,512,0.7532600636514635,5436,312,9.673033224500795,29.16055135219247,0.06033325515842314,0.8179474312231281,0.16919363545962485,0.7983730641051324,1,1
28307,24304,21,4194,0.9786460210372497,6181,165,11.083732277656699,17.9923995284259,0.24960895187981091,0.7506633269251521,0.47486222009595674,0.20055897297470218,1,1
12214,21802,18,3263,0.7888330472535643,2336,99,15.144215523978598,34.16271417882138,0.3762097623797209,0.724325781740254,0.5350797636843209,0.3697602553624577,1,1
27611,12506,18,3148,0.9743084751665672,3059,318,6.657794411182763,25.07089400923952,0.18337715458816628,0.7676696562716144,0.5546804356379067,0.23539311718495656,1,1
19023,9475,11,3342,0.38672862374853806,6730,172,2.3279498191199943,44.21613709022379,0.5452920975063491,0.8458631906757689,0.7274132741900488,0.15317269862329574,1,1
19950,5017,8,3334,0.43893463727501597,2068,91,9.462841231606259,5.278195461468188,0.4780024793583103,0.8289381853731415,0.7582698839977629,0.9166403735359321,1,1
18704,10957,17,2032,0.6389336614403139,2822,7,16.576332873503084,33.32233186614261,0.3164956420511599,0.41745369970713714,0.6481583619210894,0.8296041606154725,1,1
18343,19230,14,3381,0.5963228549659616,6784,20,14.542726305841203,32.60265324579186,0.5168868869203568,0.5823424318122972,0.7029984905462154,0.8474032956397192,1,1
19867,12420,4,1570,0.8509502984684978,6355,134,7.549185501290014,45.67944772839693,0.3558215643511139,0.5189389675418148,0.015463106486842283,0.8383781131625206,1,1
10745,7792,3,1829,0.4527929769402904,5220,27,2.568727447966806,18.46293775105167,0.34319406746729075,0.6944727438234529,0.2901344869842692,0.23138180909164244,1,1
11866,26214,17,1381,0.9747009146313527,3463,102,12.009171838811415,15.355584576471628,0.2653955253569925,0.3893062927178104,0.0317777715927531,0.7672473617989898,1,1
19956,16237,7,3831,0.551642160166985,852,162,15.269098131863581,9.102491878041857,0.5404379343143882,0.8379769903952045,0.17987628588713322,0.7186905215021921,1,1
13818,21818,7,1451,0.6245111729537021,1528,243,12.471651346501535,13.4685602216988,0.44411539445232684,0.4181774936081432,0.30537945822400525,0.8866030563608949,1,1
26606,19251,14,2022,0.5258368207616146,5953,14,8.513731968589825,24.588866319491515,0.19632478412722376,0.5236972965827954,0.6940604080945372,0.2864239314236917,1,1
24093,22252,8,1016,0.7207927150889902,5070,325,3.5353346174546774,40.37250921211893,0.012966260898199189,0.8509545633414705,0.40940326895422663,0.4519377288443063,1,1
27176,13707,6,4499,0.3875223682704537,2509,26,16.527775028266355,14.36147036359014,0.1509295406129194,0.3829983890679734,0.5190888408862298,0.35068923580679867,0,0
23493,4438,8,2490,0.44579360356508724,1427,312,6.053312374930819,8.413879482897357,0.04283460149853924,0.7725286838758346,0.29025247574714036,0.3192301455692802,0,0
28447,6543,3,504,0.8273105301879835,529,188,5.200736102133829,13.79003814048593,0.4315988336384321,0.9416660939484073,0.4823327254000588,0.6545244343944121,1,1
25908,14367,18,4129,0.4693603733790745,3040,221,14.963614982559292,5.743567826338775,0.22509685391235834,0.7452882030001842,0.6524291991415839,0.23935184732782322,1,1
16224,21165,14,3409,0.5007292489962643,4319,218,17.69012898894364,44.55468456647582,0.42045533252472456,0.806100791936903,0.24099310558168227,0.49508605168820263,1,1
12025,18520,22,4394,0.8575086308638962,994,340,12.392644269288546,42.013335145045616,0.32944987337000886,0.85705079841443,0.7458053583697111,0.6496443803127776,1,1
26950,9343,22,1632,0.4097127541486423,4983,162,11.809373068905085,15.49911069830216,0.5380148106865668,0.4922376461991369,0.17065079670816888,0.21075760700953627,1,1
27187,5263,17,2348,0.6299832465733382,1372,214,6.770609342147532,12.60842734879775,0.7238668287886009,0.7218169075280405,0.7354410452292968,0.3184331167370772,1,1
28093,13161,21,2149,0.36476056767822523,1334,137,1.836821936304634,43.55367376105104,0.47931393813385637,0.547796298259321,0.022638036277516527,0.9222611492186816,1,1
14155,3211,3,1537,0.5719567355634585,3824,57,4.6646647860747095,1.083281712084931,0.061968060939130876,0.5096770427041953,0.434201822199812,0.7761149319199969,0,0
21839,28083,6,2318,0.7973480976708829,1129,233,11.143102203183437,29.227143815593294,0.017510481414907964,0.4731721056547548,0.7881383222128442,0.675411474844281,1,1
8719,25543,19,817,0.4076660990190261,3486,187,3.996721619964751,44.052176764446514,0.21323116627753913,0.7246755937937349,0.4878229814057726,0.8275738260361041,1,1
22890,16809,8,1738,0.9185341611384065,529,27,16.083290814366897,24.90220197859858,0.42496751122085374,0.8585004329944352,0.44388929842894076,0.11187318431806026,1,1
28963,10027,12,4386,0.9320793874820582,4282,110,4.6043873495726055,1.139447101182793,0.04490502862726731,0.9105690010806051,0.5459761974039691,0.10516326924009682,1,1
25356,3331,12,2352,0.4171938400800864,1306,95,10.114723474696376,11.286957181102318,0.327733804839889,0.62429500553079,0.2314417982575744,0.23087164057931994,0,0
28102,26244,23,2612,0.9840687592804971,6985,123,9.948218555185116,44.354754912920896,0.8870257078951523,0.5886553601266808,0.04313227126229089,0.5209685515051081,1,1
28786,27428,18,2559,0.5404189141731128,6428,142,11.465102897139234,1.8000539364519743,0.09001902185216937,0.7898764173443782,0.20085139934547247,0.5844776510909752,1,1
28936,11169,17,3449,0.40382506952422786,5906,124,6.902662150347644,19.554649004970468,0.9485165097695736,0.8494299147855044,0.1409977337201914,0.19663525172575208,1,1
26591,28126,14,1081,0.35324295327824784,2468,165,15.913314317577703,38.118002137649974,0.8566717755091197,0.5121243754703337,0.7388553894289912,0.16144277687307804,1,1
12426,25104,23,3013,0.611454653288872,3968,212,8.830975343588648,40.39027670319516,0.8317811560135387,0.5402661658950635,0.6818096229298836,0.804084011432349,1,1
20512,12133,6,1544,0.7530783908519153,4080,353,13.052534049153472,23.447572833547493,0.863658510876291,0.6913717242566082,0.254171106846848,0.4947982092520996,1,1
23064,17591,21,2716,0.5625947199381205,2460,322,11.992529205950602,11.926736331444069,0.08005026525298309,0.634406840217564,0.6688554450344776,0.9436202619205845,1,1
21767,19125,17,1275,0.8854991139037586,4839,342,3.4330753714751037,29.18612173124947,0.1511680939786968,0.8017041491582222,0.1694021509185074,0.2949446602460633,1,1
19308,3727,23,3791,0.8086280163616321,720,159,11.773549319593087,13.397567483193171,0.13437242656108217,0.6728703942321574,0.1596634029436622,0.6501209452848539,1,1
19477,24359,23,3725,0.5741033804595409,5775,267,10.586594186688083,12.997420125808068,0.11124181075137596,0.4214234276624529,0.6140283431682684,0.7837299407013546,1,1
20903,14054,17,716,0.8199581866295069,6002,159,16.326967043722448,38.95718887965962,0.32771121953222926,0.45621004466438686,0.2615444900538482,0.8417424326108371,1,1
16680,6243,17,514,0.9519121516603198,6367,334,16.034464502000905,8.250494258940815,0.8302168829505273,0.9272216600452093,0.051834111539661,0.36037116315170403,1,1
10204,20032,15,4278,0.4095814390675309,1843,317,3.990753992292165,1.2595094848935675,0.25196214363122926,0.4955349534911545,0.5759892647475855,0.26428832547113373,1,1
29729,8095,7,1435,0.5459065345008748,5126,290,2.8478049021790266,16.828435199274907,0.24422167899226,0.3820550985074561,0.7916811040738655,0.2921803873214096,1,1
27660,16809,3,4075,0.6465286010346837,2762,263,6.360771616979335,24.075775884766408,0.6758887574206133,0.8181309173038241,0.45278217186153197,0.6667313541060396,1,1
9102,25998,15,1882,0.6687136817630519,2914,161,17.779112135291093,34.13877841908021,0.09692510213671712,0.7877671320605701,0.21093406025661832,0.54398036244636,1,1
13243,13929,17,1032,0.6970052127270872,2661,18,1.8559673107042263,37.71241710740156,0.360279992361924,0.7340486519390848,0.29832455494410093,0.6091426752350567,1,1
14614,17842,24,3046,0.542401220184735,4620,81,12.602721952952468,32.18540292328062,0.295426306844221,0.6714439388574467,0.5189196468790527,0.11744932528451882,1,1
24299,26519,21,2563,0.7770461734287034,3481,343,11.540476608376123,30.44591737489555,0.8473008641294213,0.9705314265899645,0.5611036897383321,0.4323272277098419,1,1
16707,20393,14,4104,0.762854082259091,5740,339,12.168541627553978,32.29018994901345,0.5145012776254599,0.42669266938781014,0.7090657783168421,0.3636261961722619,1,1
21913,4550,16,2727,0.7198057640138329,6361,224,5.101717181217234,13.761746326311654,0.646473564121941,0.6765041808500161,0.7270682978553312,0.834214097132829,1,1
29607,11995,13,531,0.422807501894961,1357,236,5.240836205697524,18.970982179334687,0.12903433820623522,0.7109887638208279,0.6890228097999969,0.7598198858622374,1,1
8630,18166,10,702,0.6552594503014044,5622,298,8.605594355868107,29.97251554697953,0.9289182605559102,0.36439546776373716,0.5187927409798994,0.4651360847057394,1,1
19908,10492,19,364,0.5779852079932004,5493,146,3.0816538166047795,4.081821036636724,0.32245215412510464,0.6136751518747766,0.3598818958554271,0.6359501439217906,1,1
18847,15501,22,2537,0.6642646206963985,1272,255,2.7311179488125132,14.880291453189216,0.7068388378431615,0.8509933602487303,0.54344438750207,0.14052748468052723,1,1
17171,18567,15,1249,0.9399945187296166,2992,300,2.9579309825206037,20.101690403609695,0.9546261799155435,0.6515032033554767,0.5332523658875777,0.6416637331728885,1,1
20721,22785,21,472,0.6575400596213813,519,144,10.954156326553253,26.07171209413499,0.5086488616160025,0.9101782078661868,0.17438633704447062,0.18262424605127772,1,1
24661,26831,5,2975,0.35894770677728755,5823,146,8.062740638815246,23.864659045965173,0.5075352587338555,0.7626713164092539,0.40604290352168926,0.7069159637811601,1,1
24616,16265,9,1550,0.6308555123738437,1305,133,6.3446768808450145,34.7521982732377,0.11724942355845192,0.8402946329919194,0.1665718111499257,0.5877626812535375,1,1
17744,8424,9,3348,0.8752148352316046,1880,328,6.711019764246542,23.25105374457367,0.39027555642312917,0.8648672865231104,0.7192990247882823,0.35541925624587534,1,1
13690,23625,23,4305,0.8492389908596276,2675,309,4.920174546509717,43.494109239774474,0.8524649388815355,0.7912801532416853,0.25859832688052453,0.4152139968741042,1,1
21401,17086,23,937,0.6785696470580358,2905,22,8.289838032811925,18.874962081163616,0.13510650709894834,0.8296036224168647,0.6443407912472923,0.17657784506818267,1,1
15659,6161,17,1248,0.5098521682299617,3863,247,4.850458141799462,25.692470190279348,0.9175041305606574,0.7949987454855985,0.30178165188642353,0.3743701998524609,1,1
18601,23539,11,2560,0.6476567442653088,3926,168,13.017759697938986,1.1508883112952595,0.6673094143866567,0.7022967990103188,0.6109889132486105,0.9218164737517891,1,1
19704,26862,22,1994,0.7107694204276427,1380,324,3.544886458789946,15.5924639529709,0.42095983505903845,0.7125810979810772,0.17672996388383622,0.5132571332246023,1,1
8025,28103,18,442,0.9899177204954457,3608,100,17.14599439558397,41.72892993375764,0.5464984185256573,0.4715262608875528,0.6109945740252458,0.5031047837440693,1,1
23384,12215,2,1760,0.7622739777084016,1833,32,2.982012512100156,16.678090546025707,0.15049660773670093,0.8795611093625963,0.14362562759570832,0.6348444706411166,1,1
21705,9617,19,4187,0.7943295552400726,2184,234,17.067101785617954,12.899757666625714,0.21748329313773096,0.5497678808140152,0.39265403221186573,0.5117772382760085,1,1
16652,25044,11,592,0.6645306518835532,3464,29,15.24936703008671,26.546237234784414,0.2864084270666728,0.6928716047778118,0.09090139583151835,0.4021827347985303,1,1
28148,14926,22,1943,0.5768733125008191,2105,179,12.731749990120775,4.700314626777406,0.3848461181744145,0.5097091570832102,0.4223184646480409,0.21859333795841712,1,1
21379,18092,5,3018,0.8702899095342118,5703,165,16.55297731683048,25.985441187568764,0.9155219949929847,0.7953535866279855,0.6565714800731604,0.6357679524417763,1,1
29486,28008,2,1137,0.6667566875771112,3057,34,3.7971100930367183,15.272292517382851,0.367569024965157,0.9741081293977187,0.6044375620172401,0.7365840593624421,1,1
15006,19160,5,1337,0.986601683177296,943,169,4.409193774084103,19.005835824096216,0.523835240386221,0.8632417501743407,0.04057217227299575,0.8846372550350576,1,1
27867,20560,5,571,0.6425571675315482,2542,212,5.66051776897046,38.19415520384581,0.1620261614178422,0.7462211084080428,0.39374205707221394,0.10256177808609218,1,1
26378,27340,5,2258,0.3935201815344495,5824,106,5.5393901916372,32.11230887486356,0.7359732010520706,0.7132041815949446,0.6817802483266125,0.15666134953189076,1,1
16682,27976,18,2669,0.786850007737653,6107,110,6.6289964702981425,21.966986376820614,0.5602808490667015,0.6634536047058746,0.520082792254089,0.8644948126798846,1,1
9072,18638,10,1105,0.37985052859251905,1278,334,10.99790982150604,28.143266714992155,0.43990745798337194,0.4811817163287041,0.04736105521552441,0.6364822085916468,1,1
8215,5233,20,3474,0.5103210220062101,3659,73,1.9648480865342264,37.042361500050774,0.9471864655581935,0.5727264331803171,0.2605056187553174,0.9142237349673323,1,1
17915,7700,14,1182,0.5763924817791382,6895,12,7.8074978181596,36.05183602422085,0.8906508441418367,0.6100922074696323,0.44526951098451345,0.46621790500375915,1,1
17784,14027,5,1131,0.8232694947976497,2246,127,5.565354610227842,9.710120395905385,0.6595112723444972,0.9545242078982467,0.13812118017149153,0.4541840947122513,1,1
26990,25290,6,3471,0.6663109929008721,6474,357,11.509392492869914,15.143203433962622,0.921812406156527,0.6223730265830478,0.5455312537614109,0.3926248924877659,1,1
22824,10860,14,2491,0.3683333960385642,5650,105,17.755293962350336,17.367135755403186,0.5647817949330726,0.7251618270693926,0.5078771274920675,0.22139608528925875,1,1
29165,10526,24,2340,0.7447839048165902,4440,5,10.041301101025647,9.81448763023521,0.8269371517152668,0.9403517059915256,0.16195542412965028,0.4218379726056035,1,1
11313,8559,17,1894,0.6133191919530638,920,355,8.523806445454158,1.5715883382962972,0.40946016418518627,0.6817929009992596,0.44031837183592243,0.11245125916459224,1,1
19033,9732,23,1926,0.9399740863789485,2351,11,7.5760184948944165,9.176461633074172,0.08674419134794764,0.510927859112982,0.64937484471743,0.5329162921426066,1,1
17968,5513,6,3884,0.6697198791297507,2608,322,14.451662111517653,38.9874833728299,0.9941485895291096,0.5938439082227696,0.29986135982174517,0.8201286760505085,1,1
24241,10830,9,573,0.8037440934011769,5174,115,2.6876853722369947,26.658261215446142,0.1656315208265725,0.590345088289781,0.1975892600003002,0.3730172406370226,1,1
13939,17781,17,889,0.49007583509090996,5845,347,17.336213488592005,17.0579272683975,0.2515100392589893,0.8074192414093788,0.5609764587624385,0.18044413304315338,1,1
22696,26328,2,3000,0.837023081300258,4496,190,8.39564511880275,29.592188944584844,0.16310338942483948,0.5395172674944165,0.056643451209120246,0.9276971248508633,1,1
22794,10910,24,882,0.8114113987095503,6582,220,6.676061976114364,35.77220389129921,0.3374795179787451,0.8173846897666524,0.6661390456697611,0.20963096754887195,1,1
10295,18847,7,3933,0.9286122934664373,1858,347,17.57212392059507,17.658105801980543,0.28928013372633876,0.9191153356075044,0.7547671738112898,0.5493928722625744,1,1
9696,8649,12,2290,0.3716458507002875,4410,127,16.9420012435128,22.9055175521438,0.6011022485492349,0.5650867274967756,0.77182960413601,0.7878078341660016,1,1
19185,20480,17,1558,0.6364004464751687,3126,205,12.091913306134396,4.018021183495433,0.9964600144192844,0.4366183041572922,0.3460310034525427,0.31449342628597765,1,1
26330,12120,6,3166,0.7846594577533632,3187,12,1.805371685031622,29.06325520198652,0.0525090554855685,0.7586747846199313,0.49856227277403975,0.8152661089112864,1,1
20001,4951,17,4038,0.4109048960513376,4706,68,13.850827107408435,17.75113349095268,0.778443113293322,0.5809468592153563,0.6858916459764163,0.5734713696007981,1,1
22350,13165,8,871,0.612786602975304,990,140,7.036697100693021,21.37561143723702,0.12799192440648655,0.6917511469725299,0.1787391920343475,0.38214532789895017,1,1
27167,17352,20,844,0.952973825962365,1795,190,7.906623809095309,20.86222904350546,0.019835024632215648,0.7558660043773509,0.022162135006404605,0.8358358337110122,1,1
11644,12746,2,937,0.628998074170322,6432,131,4.119245128126912,30.72323657089951,0.6385768201156948,0.6109554841989833,0.3076529859881949,0.6287001303160082,1,1
29625,13970,10,340,0.9806590614276041,2581,53,10.137058383770839,27.9058714008606,0.8733152288693673,0.9418044491456478,0.7074968472141336,0.6230767625995878,1,1
14420,12186,19,1920,0.3863769990910845,6855,170,13.785117837362144,20.838984245498697,0.1762985066483953,0.6057533786691022,0.4040575292363908,0.5284082595660445,1,1
19837,27183,14,3972,0.8094110567301704,3871,131,6.004683448535629,1.7968860100642488,0.34161378464194736,0.5467195694336184,0.42417515880982876,0.3335268640636728,1,1
27029,11804,16,4437,0.7218503911988925,5992,306,16.98909298271569,30.185242887674825,0.16875020422307718,0.916832141503288,0.5531792361887105,0.3591313792034828,1,1
14353,3595,4,4428,0.6703453933645602,2672,325,4.713158124048746,42.34014127961337,0.9065075693029171,0.43723310299251816,0.45961380829940385,0.17486721193051602,1,1
18541,10875,11,1599,0.971342336950406,3674,181,2.5933286198081507,37.16892386491319,0.2703604324181226,0.4294937144227776,0.043581311230415046,0.3071651502553334,1,1
9932,28417,10,459,0.4329762563143223,4564,207,12.132003910273365,47.13593471575386,0.4447128914061025,0.9488468528676005,0.44868810011759463,0.33615132313419743,1,1
19486,23823,14,2252,0.9234393290757845,6337,161,15.513759076020772,7.536540886973528,0.8947412762830783,0.48373978503004733,0.5183670807100443,0.14989626873674483,1,1
9757,8972,17,2031,0.7923938631274305,4253,350,17.226692178573952,11.458442481029124,0.5528692037626718,0.4449999383197699,0.5132766222578391,0.19376752617725462,1,1
13085,18882,4,2746,0.5157574869117649,5489,223,14.158321673522561,26.345570865433018,0.9328498007687058,0.692507714572511,0.5826753272624245,0.3297150402570482,1,1
13637,3858,23,3462,0.9270682532046678,6974,289,4.794225189850193,12.086440010158903,0.926450414647039,0.37994461837459037,0.41593622167771677,0.6756646446517369,1,1
9116,8519,24,2032,0.6247487474310485,4329,293,17.63140954926155,2.6238397202394226,0.46160101989372093,0.7468096004656384,0.7200470382017299,0.25659974237654215,1,1
18759,26769,16,880,0.8711054899667653,6471,32,16.670691954475906,19.907548979705467,0.5823826127333706,0.6398757109370015,0.37140849073963395,0.543572159904687,1,1
19691,28020,18,519,0.5988553709103359,2449,355,4.1922624755803835,14.519302505237178,0.2303142737129369,0.7598636572254294,0.41454917840974553,0.5317177756711995,1,1
8492,12980,15,2049,0.8945957295572742,3880,87,10.719966144102854,13.396759745967492,0.9905358188011633,0.5317196182609603,0.6242446050263433,0.8089323676801079,1,1
16811,7317,8,1770,0.7574426358048312,6189,116,10.666037527861151,45.79912240013969,0.2783166604117949,0.9295022171833226,0.6665879805723287,0.6177892345828513,1,1
14474,22838,21,1694,0.4402698454935854,911,158,8.801823839136269,12.207343464476129,0.7833069879809512,0.5231716561442212,0.5186891735984503,0.8794492168897647,1,1
22385,15144,17,1221,0.7657844246204977,1922,33,17.740641949284864,7.083330845807698,0.31296906015522596,0.7580413987474308,0.1010985701306571,0.6338861639180914,1,1
17738,15879,22,3073,0.47246064812919847,3481,217,2.4837669134736498,6.890005121669004,0.31304226208978503,0.9548587844016798,0.2655616753303778,0.12168829212936272,1,1
29342,4030,9,3734,0.6136304818522641,2176,106,11.848946989319147,38.89723145396087,0.1038629267009461,0.6065179445384208,0.01612444188803073,0.42426826111075544,0,0
21979,12487,5,3882,0.45898917392130156,5782,218,4.887509774200367,34.59785950275679,0.5598958107965798,0.45331297810742077,0.23635984652519337,0.6941907796476957,1,1
19755,27290,21,1418,0.36409031402695585,2146,308,10.200964878060834,7.085851191651924,0.24483233812820926,0.3937647845835736,0.45619543300912674,0.50385361025657,1,1
17797,16305,16,2165,0.48560738524797276,3211,159,14.36572273449406,11.328396586456956,0.1483947577576188,0.966331517956868,0.6441845914774977,0.4564881893483437,1,1
22607,13255,6,1024,0.6932780951834405,4459,204,5.570992252281014,36.12512139684593,0.2266666945167335,0.8387689510361209,0.4685198188818622,0.6708137862614821,1,1
20867,4447,14,1011,0.6581990193775014,5684,172,7.990432516971951,13.906970698226864,0.2510931570640299,0.9381293184453019,0.03191572457762897,0.34287294770385823,0,0
27127,13237,7,2125,0.6709581411430807,1739,242,17.187673225626586,47.13247753239555,0.504083456119486,0.7972531540222794,0.2072851678986365,0.8726313269380613,1,1
15866,5850,6,4226,0.5085196022058248,1102,163,14.064432172385107,26.406793131182713,0.38592303655556226,0.5691670426811883,0.4624493451618441,0.45117206084199635,1,1
23449,14953,18,690,0.7885031683930792,2437,197,10.949932544445288,10.024374609274146,0.07549028102196009,0.42873061502936327,0.567238177282179,0.6365351392799029,1,1
18685,11106,8,1370,0.8007285035650213,525,171,5.162956898810826,41.36399736209846,0.5360285828958611,0.9447563899360004,0.6931630800155424,0.9349832765846661,1,1
13451,26535,7,3065,0.579099408358186,5179,230,8.517539718380121,16.015350657170053,0.7877474515887647,0.6633561882438024,0.774116172913751,0.7676581954609241,1,1
29642,13000,3,2728,0.9139488566234716,1567,255,14.272011764323725,14.573945688025757,0.5742351608939953,0.6037657576176786,0.7134292970339989,0.5518796849557676,1,1
16548,12503,12,2447,0.7621748586467506,5709,284,15.038960788814608,16.389737972220427,0.9745402522517708,0.7197869191930388,0.37386238951025397,0.8304794500120198,1,1
15186,26336,8,3872,0.8063451361655243,5752,225,5.5360022693495825,37.105270666482774,0.0991502081444714,0.4181979657158842,0.5975436088758054,0.5763720606987459,1,1
14102,18493,23,3054,0.5274975474809211,5780,27,12.423993471880816,9.141008636649563,0.8211523367581094,0.5478904443996697,0.1924222398194278,0.47540541943374826,1,1
8619,7055,22,3563,0.3503914464995757,6363,193,3.0675493700360983,18.943931672264085,0.5056926698973331,0.7582407085428269,0.051064635605894186,0.842435003248296,1,1
8882,8402,9,4125,0.9038403917453501,879,276,1.883003072932663,2.4491403208672904,0.5215951775452281,0.4140786856685793,0.044055211252780606,0.12308205335730152,1,1
11642,12281,6,3716,0.8763516061310774,1784,31,10.55311973664485,39.851451015431564,0.5190999346495484,0.4365553657375257,0.19304454774336657,0.4463462162487275,1,1
9296,4672,19,2357,0.4288428083474113,6002,214,5.202267595627074,17.013782016429246,0.32531882790763844,0.6767762330182755,0.030032868116927337,0.3915435965838592,1,1
22122,7532,23,2611,0.5894272863720361,4964,39,2.8020485154951924,12.664127230993598,0.32455501424025246,0.7490125597446983,0.6802179311479967,0.7069733604077696,1,1
10895,7924,17,3179,0.7732571573686928,3682,202,13.542167162771294,28.254982391648465,0.6318445066424758,0.469681091708026,0.39193660596894403,0.1106982828807416,1,1
25313,18269,15,3942,0.7673509486199861,4247,178,9.716580708016643,34.13461853631464,0.04476508538311641,0.37117416605151476,0.6487200325534231,0.6617246069838029,1,1
13366,15546,13,2909,0.9006242142774762,5696,222,14.638570680814434,39.20611374759833,0.5887860453018035,0.9633548113707239,0.751918621486455,0.39440705053589153,1,1
16711,9085,18,1730,0.43977162344667425,2756,60,12.45507995472919,17.345892438456193,0.7245907182109155,0.36759530104483634,0.7951263092404112,0.18320937218646893,1,1
27596,15390,6,2213,0.625161438582476,5632,156,13.541781508605585,39.17813995700627,0.356326293475418,0.35131330657321036,0.7497312075829164,0.9332811644752338,1,1
26793,16280,15,1057,0.41222362747291186,6540,42,6.571449591382347,22.849407017458535,0.2173569394596333,0.5569379640500478,0.5732454377367854,0.28039442717315544,1,1
16199,27118,7,2434,0.5993409590007219,6189,202,5.8440511237734,5.753686574625572,0.21338691272290444,0.49237002801636365,0.35358372147277123,0.39676043960548857,1,1
18717,7864,16,2212,0.3596687651761308,6517,13,11.414435719571811,40.776451687641625,0.081839653344566,0.7170952717428549,0.4783878712489532,0.2759896008874725,0,0
11423,12316,8,2039,0.9248947616704812,4427,182,4.801355316568392,26.738834758916873,0.0897193192064083,0.9222936811782914,0.6531970943276532,0.6626925176982188,1,1
18211,4221,15,3517,0.6873081579703559,4620,329,14.954299907928348,29.316069881527117,0.1666878681945927,0.6579089103611613,0.7180436040874675,0.7651388669579325,1,1
20782,5860,19,1434,0.8938734469135063,1045,180,10.128182788074936,45.062089675652565,0.019172905053087108,0.8449127736428612,0.7651747748831048,0.8315447094453439,1,1
29542,13702,2,4012,0.38833900864215276,5759,265,5.2453338837380565,27.280119792144998,0.2662354075241843,0.931905304626528,0.5844845592455918,0.36434848525253904,1,1
20474,11428,7,1064,0.4955731907026692,774,88,11.81527583344349,1.262425941865483,0.3064018292479601,0.4712157783079728,0.4319628392973298,0.5458703828017888,1,1
11667,18385,4,3025,0.5160031969415556,3941,143,17.093089628879692,41.918944527145825,0.9952212533561309,0.6625189671180838,0.7746973678562057,0.6637689811277623,1,1
16277,12336,6,3668,0.5974825565688243,2769,246,2.8545629887477726,14.383300775202619,0.9916877376561254,0.7609247997431868,0.7668999694142334,0.6350928288523323,1,1
20424,6253,13,3797,0.8638344783344295,3608,320,3.3041959206727984,24.583045276848175,0.18704884683708478,0.5624052722690205,0.38204227006816904,0.7086231145734345,1,1
26852,6782,12,1972,0.5973970391881552,3422,159,15.423345923245108,10.62967032038675,0.21303215809692444,0.8234413510325921,0.5189267123957028,0.7542682080980415,1,1
28003,26341,14,3705,0.48097825897364926,5748,225,3.308297280353414,14.958227717383751,0.4919063705604325,0.8014015841419679,0.647413718313712,0.18285235266060834,1,1
26020,20150,17,882,0.3915937666168118,3887,139,2.1496935943242987,33.27249585915059,0.14878433373771016,0.6195003418569085,0.34646328534784687,0.2430643709879152,1,1
16155,22065,19,2121,0.40087471894571997,5942,192,7.240854587266803,21.189947498781954,0.5040394081581917,0.4062904021916553,0.6635021013465119,0.7241728920869757,1,1
11583,27094,18,1485,0.8364302118150255,6052,182,9.20064710120636,30.475139637325192,0.3993897048050743,0.3574040214288509,0.08916437798818909,0.5051742038233892,1,1
23515,19343,18,1937,0.6346739142634451,6861,71,10.895833205396382,39.70805749170869,0.3246228910498724,0.5863837197829442,0.38492137668214516,0.46297872241168625,1,1
12009,26866,12,2480,0.8147559180800097,2370,73,9.870453837310123,17.018635042758223,0.8226051708097752,0.4025240608752629,0.38608999911118275,0.48712410631595515,1,1
27710,24470,21,488,0.7866637579287664,4513,81,16.56754528385887,27.711981801323926,0.8281176999930576,0.850239643653287,0.5477256449343219,0.4162221114166563,1,1
18410,27348,11,2046,0.43663197552656496,5867,16,14.183023656462016,37.5466309885374,0.9878894669837266,0.5639685012921477,0.0931304081402856,0.6024073856938438,1,1
26601,22049,17,4126,0.44144827788305097,610,287,17.73286922171823,34.61079006016061,0.22308811408158224,0.7763028965066859,0.08256834676022518,0.37482671125706957,1,1
12967,12951,3,2920,0.8334188898778456,2255,250,9.361514483217817,26.372641491146993,0.8882774971437462,0.5716825518722933,0.7204758499244074,0.6412930905022639,1,1
26753,19269,18,4245,0.811611707830667,5303,241,2.891438562346452,19.01902500418569,0.537845929673931,0.8594005867699316,0.24299317156268938,0.2722415481909859,1,1
28022,17567,23,2626,0.5919396907995587,6790,256,17.26625560855743,20.152593117951824,0.591459431332352,0.9185839978366599,0.2615379026464309,0.7440355765733929,1,1
18695,14683,21,1484,0.3995502485330176,1867,211,1.5678671662201065,21.357354963824484,0.8962932143325263,0.8860090555281536,0.6214892373560698,0.764359978388113,1,1
17135,6513,11,3093,0.3577427338870094,2028,345,14.305584228344298,17.395739860469135,0.94263079637832,0.6600630809471061,0.33192722888925524,0.5917426937909491,1,1
13722,19879,14,3246,0.5344204476555167,1051,112,2.016153507732711,33.8565548398158,0.7268112577006373,0.4037290309566851,0.666339003279135,0.41392494333711216,1,1
23514,16335,13,2800,0.35590225509582524,633,213,14.060034145752034,6.894516856775996,0.3478424319351239,0.5878951077077949,0.321174984931214,0.11223708725133237,1,1
19128,14372,16,469,0.4972464775063702,3411,315,16.975992507492894,46.47034367371201,0.48966798966850533,0.6216518366112529,0.6084798129661934,0.20330260158361638,1,1
12444,8822,8,3045,0.6184804737352567,2513,312,7.922794905962273,37.61231859266239,0.6150538640541099,0.9645625669483998,0.4202479662797745,0.1677339608703674,1,1
15618,17837,23,1380,0.42770608979965064,3762,297,5.475920045125342,15.01366345183837,0.828640038986097,0.7119182753325413,0.7486625010705849,0.10867427137653601,1,1
28331,15122,22,1563,0.41673776501218956,5782,117,5.233606016445209,2.9997357557198745,0.6579477053775554,0.7601415890537226,0.2619111783669344,0.7138868061157675,1,1
26060,5072,14,2548,0.9237199588599914,5680,19,9.613341128478355,34.43124910180953,0.36544761668762304,0.8504822918413273,0.29015247603131383,0.9126567459459347,1,1
9196,27179,13,4208,0.7247008185746491,5624,344,4.3196360899870605,35.51487511358216,0.4178804513602944,0.7136495790146168,0.7759892129952146,0.10949302550399274,1,1
20297,11529,13,1625,0.9480516395281802,1560,87,12.60323990588525,46.2902626947961,0.05043770203927478,0.7330301498769676,0.5900200783731558,0.19578701152614436,1,1
10787,23333,3,3477,0.5713287448228347,3007,69,7.577813898558186,12.924161206032755,0.9242678604371359,0.5070097902941474,0.6180538708994667,0.8315744804473905,1,1
15927,25417,6,4173,0.7833727598906643,6356,7,6.831306624653774,4.888079239598519,0.08811901332949323,0.3876746288392164,0.2367813991576659,0.6852269120548052,1,1
27702,27712,3,2448,0.48100267175794587,2522,240,9.111212008231542,44.011333612766336,0.5799307906855448,0.8116869626297828,0.4256355178313082,0.44400383702185753,1,1
10176,21939,24,1988,0.7457378030591624,6347,133,10.452693790255905,13.156504626800436,0.8716518812388218,0.8931582063068326,0.2508327883433878,0.943877039847218,1,1
28127,25754,21,3285,0.43293486720639,2686,251,3.8418493272701304,34.91197802422245,0.42086524951500714,0.6136801173280664,0.20789510948744896,0.5875781405214957,1,1
16792,23799,14,2376,0.35133160907282285,3165,239,13.178095502647915,3.851002977900862,0.8001254875113715,0.7013052500788542,0.4281929501017735,0.6691591608370139,1,1
28806,8959,4,1829,0.9461803529021305,3670,34,16.068627148437884,36.74748583387985,0.8038160796362951,0.5466625454948503,0.790208499399907,0.6551999118101858,1,1
28208,12107,12,1761,0.705132400752134,3227,75,6.086784117319499,6.970217165445599,0.05984603858624693,0.6381411798180703,0.17169811777148444,0.28929638557556,1,1
17171,8993,17,1702,0.9432420241805053,3835,152,4.476449880186499,33.69255835795536,0.41214372573072167,0.48368942481053123,0.1940158872700314,0.5149057483108683,1,1
10451,8021,2,372,0.5636521751693261,3146,97,14.04833949136455,26.020123249110025,0.6910254866870436,0.8363275571871751,0.19450319067575592,0.28394960376777667,1,1
8628,22291,20,4334,0.5597830842635243,1095,287,4.528438442133217,45.90794213196124,0.4223535090688829,0.6648235441760608,0.6333618092906321,0.5330448506764801,1,1
17821,22298,12,3096,0.6064192011347402,4606,221,2.180710145988784,2.7351292246351218,0.5451672481793561,0.7001801940550905,0.40838564889173157,0.12616403598731527,1,1
15778,16546,10,2793,0.8018662297332277,2874,242,11.717513136315851,14.726291052602733,0.59445790460664,0.3737363700871828,0.3078141253847532,0.42466530032393857,1,1
11696,13174,15,3876,0.7121175258791514,6317,231,5.4558983690382785,4.2669191147094585,0.15122937673124248,0.7483349710677423,0.675031867493753,0.4163785619551983,1,1
28058,19138,10,332,0.9422271405434355,3921,223,4.334871747321235,42.32228885626679,0.41198120614852984,0.47969971968498526,0.23799251068842875,0.34788602857405104,1,1
28313,23254,8,2994,0.36628217672476115,2778,323,17.696445238289353,28.913354222072062,0.028463221683565854,0.5953725723935182,0.31377431893969177,0.16734460084045155,1,1
27149,14759,17,3898,0.8032454003024233,1664,341,6.315772226095507,26.14357178082125,0.14962608319534443,0.614138048061339,0.05889644743474279,0.7553220012230706,1,1
28753,12190,4,2692,0.5614097211945948,1117,35,16.40681428855634,7.178520929466559,0.5122540633764986,0.637188862392378,0.09512808150001346,0.4573866346448272,1,1
20972,24469,20,4412,0.4653495371638151,5360,118,4.440609637161971,23.984516093713392,0.5735859979388103,0.4955592890334485,0.10938485337692719,0.7918772019470569,1,1
16307,15886,5,3171,0.6766531984128633,4644,106,15.01312267903018,19.739071793263324,0.1462344065916623,0.89407054381801,0.2775801907538414,0.810368152233325,1,1
12956,25930,8,2977,0.6732408218751974,950,97,9.783311405299953,15.840337802534092,0.7556192702124205,0.6238240964509584,0.4192682083901549,0.2815577814165212,1,1
18195,19779,24,1701,0.4376870583605942,2298,211,2.796813690413922,37.292880908433936,0.3729878878709927,0.7417660530612872,0.0005954519112648882,0.45813059672900036,1,1
25076,20322,13,1117,0.4792134759250495,5086,233,13.604487345118944,3.8799738721719037,0.9206499288276719,0.7429200292440148,0.15194584919986573,0.71282790442768,1,1
27546,12828,19,1960,0.6112253855369951,2392,75,16.21921063362387,31.394229186023484,0.3876627233054065,0.7384701916296738,0.14052001615282483,0.524571730623662,1,1
9105,5510,6,2738,0.6116393039310818,6028,346,4.189780340536105,39.68067246650396,0.14981097643260455,0.7079635257277421,0.20267747903081343,0.8268079958425254,1,1
27392,24020,24,3283,0.5532372093565983,2954,140,13.472238998546892,43.643442294435246,0.7579704586807576,0.8764804788894647,0.13286474084258346,0.5858336565563955,1,1
26545,21033,24,1510,0.4450688969663878,5670,288,8.843366564706542,36.058079953504276,0.5678008004393289,0.870075400798201,0.15610254493112913,0.6351438226797815,1,1
23417,23074,23,899,0.35279915462462685,2722,342,13.938862478735851,14.27541690633613,0.38668816824415575,0.6169725264671098,0.7871042887711983,0.7689699448629994,1,1
22188,6435,11,2146,0.9709504399539332,4308,355,13.279811145057543,29.22385064461406,0.3559571634322616,0.756941470803598,0.4757842073236903,0.20388879148423458,1,1
28083,6201,13,2155,0.9538395070105132,1784,21,1.9389038026395893,7.645969712974698,0.15076897355727104,0.41581071649707946,0.6101545318825574,0.5966110022303465,1,1
20602,23563,9,2187,0.6595362426727265,3027,219,4.44889709345806,6.5018493160044715,0.34083462746601145,0.4080945140917441,0.6554747016645508,0.17261538844952545,1,1
28170,27789,20,979,0.9868331220960036,2257,248,9.271949508382527,31.015334680510186,0.029344140978335043,0.6571464995336076,0.5341444779407561,0.3214684550064828,1,1
17256,18153,16,3552,0.7811387717006357,722,99,16.904303836549325,41.00205976545753,0.5024019140757711,0.9261305751078537,0.5632642160217944,0.28068595046089195,1,1
28584,22621,2,2135,0.3940688240688266,4864,125,7.144212036454225,4.160661907882089,0.8967237418137359,0.7659998096151651,0.5058267556282274,0.5820146770625644,1,1
22212,23246,4,4330,0.4253396474128815,1400,10,11.876412259623002,5.9821754102650395,0.7953307962153271,0.7782985104944602,0.5194987824370383,0.8173170216318848,1,1
9913,3058,19,2477,0.9363109400765681,5514,272,1.6993818009880755,27.583543449179775,0.02852119720421431,0.4509109197308808,0.7427597033900756,0.21288816811793854,1,1
29904,14122,19,448,0.7532334093757622,2865,91,13.233594205524579,11.25595746790899,0.8812603262682325,0.6401148443320568,0.14859077910038218,0.753137048500022,1,1
18593,24322,3,1795,0.8896375210607047,4980,193,11.450626335421275,29.755451770549445,0.4523248288825533,0.6065062047900759,0.21978402866101537,0.22160620660933655,1,1
9772,5971,6,2044,0.9248925757656603,2109,107,13.304013319160136,11.083559787000974,0.1908914654154944,0.8511061419226835,0.07460683905498992,0.26122095592116285,1,1
27164,12719,2,1946,0.6366828872207271,5221,108,16.42690011491159,6.474652792384794,0.7524119552153874,0.43820742193425155,0.6698595703714176,0.8793991676668059,1,1
20996,17017,11,3295,0.3810566090090835,3790,295,3.9172323964438656,26.642024161746885,0.32287355017704633,0.6950822446917149,0.35900425890227894,0.10826978218065646,1,1
10871,11314,21,1972,0.47049942329428607,1723,71,5.816228334133107,41.523171487533084,0.2533184231368528,0.9332649616312652,0.7256836484380195,0.2675724350485079,1,1
21234,12628,11,2239,0.39260604627355844,2407,110,17.930384720774345,33.200732691074904,0.16131840678154763,0.9211743293775347,0.32934057059709787,0.2832226775866556,1,1
25044,12354,6,957,0.47079350124704467,1862,252,4.078685315408845,39.48008146419034,0.4866219069002228,0.895495750238541,0.35409132646520813,0.3395984788738301,1,1
18521,14492,19,3967,0.612741072931761,3251,352,13.390345607679434,13.517753196332269,0.09339399954944527,0.5899906002792854,0.3586852010300665,0.40889995103027077,1,1
18642,6345,22,1353,0.42564595872959066,6310,211,13.46375252342988,42.64099661096021,0.7856131291137866,0.952304442019237,0.48999447374480465,0.1877013100629224,1,1
9132,21870,16,4371,0.45670927859541965,4469,209,12.769396812886896,18.72084120508472,0.470674576666411,0.865392325541998,0.6128992935726898,0.49818613790057886,1,1
8699,18357,21,876,0.6353259405258747,6948,323,5.252769723690531,41.0650403892787,0.4469764168189202,0.8947304443141781,0.281033820893775,0.43944781225930574,1,1
22534,3561,9,3395,0.5677094082486333,6371,87,5.049712043028867,23.145252736990127,0.0018539564815209797,0.9467064283679918,0.5041323627378559,0.6311937392779621,0,0
18230,23365,18,3331,0.6493011994803461,1768,86,12.494627622574003,13.589309425943322,0.8178638603085613,0.9496808099930117,0.1631739494055478,0.8373899889583961,1,1
14297,9261,13,3272,0.6246700977657997,5437,291,4.573128043577064,13.232165058259268,0.4928370590382537,0.5036415764863941,0.44323768360115984,0.353062221115507,1,1
20839,4737,22,4248,0.7624659366271254,6248,41,12.415794973718867,27.680390565138683,0.43989451980134786,0.43172013553738675,0.437267919874944,0.5645146081206553,1,1
15812,12096,13,2345,0.9498013112805469,1731,217,9.626716653417748,4.713482699721753,0.7613848852843905,0.7921599638856418,0.7109726925186296,0.4156707646191571,1,1
12557,22938,2,4236,0.41903317660431516,4568,137,7.879376316214837,44.71264114565991,0.06289854910076087,0.7104569322477711,0.7166761790797818,0.1342127389250803,1,1
10179,15682,5,3248,0.41352649555788473,2247,119,6.453833764736105,13.758784297831177,0.3666804560952037,0.5595529636044365,0.3897689266396605,0.797914059508029,1,1
19030,14723,9,1927,0.8957959110981772,3058,215,17.135019399831425,16.774366438755198,0.5757339575537564,0.78804768433729,0.01967957262270721,0.6390839739931476,1,1
17065,15098,2,1788,0.6740938909775738,5878,136,9.883545352755995,11.965173025837938,0.4605775627391877,0.3896780014821899,0.6756975604945353,0.10184642981899056,1,1
16275,12126,16,4445,0.840499215083803,6806,158,10.760657381430873,1.1413741463539053,0.18163888987797439,0.38021332255736534,0.0004979764521375607,0.31213614917222415,1,1
25806,16389,19,4498,0.48787001830866006,1237,298,17.16272539733196,33.5498611300135,0.2992765076803118,0.5767587738891264,0.38260290840603495,0.36264099424063023,1,1
23089,26479,2,1235,0.8804720468272331,4936,186,12.288975748602706,28.755986348608506,0.300200557647633,0.47406183899658294,0.015832126106765456,0.7898018094514704,1,1
11180,11266,12,3863,0.9412618394833254,3479,151,17.304573307987653,39.05329338926443,0.991970802765227,0.8098758724720496,0.2820730354848183,0.746606228845693,1,1
28700,3294,24,3929,0.7567091299497525,2451,226,3.2550512186245246,2.9275063521960822,0.3261971188066488,0.9567339762612429,0.5094117488532592,0.4367222743151916,1,1
14696,27596,3,2014,0.41776257374323345,2281,286,15.469553924244664,44.64681530246605,0.20518206254229898,0.7734415447581603,0.2969607224432646,0.2337408838368484,1,1
17583,14434,2,2102,0.9229886810600568,1029,131,7.034341362380999,16.55168618283718,0.8226371531041464,0.7690619949616408,0.7415130868614851,0.4281273296941682,1,1
24998,28614,13,1720,0.8571921455168456,4629,312,14.87304416366063,43.914283537772306,0.42117125500360864,0.35422116698853323,0.5126109067558471,0.7886243740391077,1,1
21869,8330,17,3891,0.8305617769692735,4918,207,15.618004299217146,6.035179657174358,0.44386369448705076,0.6778572619037633,0.5171550980437923,0.4845326562691551,1,1
19757,7655,23,3820,0.37350604089978595,1704,122,5.979550121352171,35.96426732907313,0.5488890634957373,0.872944844912102,0.29954963677549573,0.1984896600429768,1,1
28954,20493,23,3611,0.8613360161644615,2486,65,8.245705172505403,28.22983687731935,0.5956891972625116,0.7686370338163313,0.0308348194370077,0.1327653515408987,1,1
24654,16460,11,2605,0.43828864669974843,846,235,13.479236846195917,17.83498711687145,0.5905556004103395,0.49578072617525404,0.5905437787935648,0.3833349814465822,1,1
20258,6771,19,2295,0.4923271527660086,6325,154,3.1344179098000158,4.719692608851908,0.03449972241104393,0.8930241589934085,0.5729957844355725,0.2261083893677192,1,1
10468,11563,16,2267,0.7193662943163248,1715,149,13.96630331659911,29.422615962796804,0.8188424328979528,0.9672011034977166,0.42410002160305393,0.7332850016924044,1,1
22208,25507,18,4014,0.5195876946668051,6198,115,3.322803279903276,2.2426745044739156,0.19485281907483798,0.5285554224001731,0.3330144314061527,0.33694329191708106,1,1
23042,27031,11,4335,0.7732628520396285,3268,171,16.58851958242296,24.560258659862352,0.2923421277838608,0.48254037898611624,0.43065364000689715,0.8458350763155148,1,1
23639,20558,4,3758,0.7391650865274122,6298,193,6.059598339389831,29.397803062301783,0.17342952002067547,0.5666572189777126,0.5974523233203083,0.6247468959696777,1,1
19546,4164,22,693,0.41921574272848805,744,53,10.997389223311371,35.42861612251353,0.7670766575358777,0.39042130168170947,0.5702283446302923,0.43461419584219363,1,1
20327,28668,17,4030,0.7698493309385641,3225,111,3.433032751258501,47.59272780856776,0.5836579926254195,0.9089969107756003,0.5264877298625522,0.6185489211759302,1,1
22270,12475,7,327,0.9413311422879552,6427,97,5.946637051930899,13.22440453486495,0.7552961527520513,0.9447516675407879,0.7230218139226635,0.3508978770775679,1,1
23523,28421,4,3791,0.4531103393189332,3551,128,8.16525821753724,16.15232160455333,0.6533984054293004,0.7553139453652034,0.48791070184024277,0.22012529718211177,1,1
22300,28096,10,1473,0.732119693403448,632,321,9.536306465269737,17.033831300022623,0.10415863441940187,0.8391742802262054,0.011607718036029802,0.9195509556848895,1,1
27991,23850,12,638,0.5687938380394841,1870,144,1.501113711168478,35.38438745736525,0.3014997758510053,0.7779364335584998,0.49445106850820386,0.5786872287172315,1,1
18775,24922,22,1368,0.6441514699351065,2596,318,16.16282007927773,44.79550560803735,0.5072651595901213,0.5915067067455162,0.49004739653622353,0.10622890306658395,1,1
20265,15388,14,1141,0.5336801146105408,1587,15,1.6266343577214724,46.793216230333265,0.30494503143136364,0.7545071117147301,0.055708930804350576,0.3637670753512394,1,1
27459,16969,19,593,0.576643607262525,2147,175,14.265795289408013,45.45313422823207,0.20730390440611646,0.8852449093600723,0.3421838034527689,0.23560432000681206,1,1
24673,26495,23,2157,0.36850356689059666,2391,40,9.26455205388012,42.33100136261644,0.8698119690665997,0.8683407425508909,0.520877009566662,0.31945581621110786,1,1
14614,11434,23,1622,0.9781931122670212,2220,134,10.144020410872711,47.575936569569656,0.7477836752153759,0.40187681690667165,0.5636009853984415,0.14735819177350462,1,1
11252,22184,5,1947,0.7498719501265589,5723,347,4.936380409019924,18.669449161221355,0.34522006055417664,0.6460646147475949,0.714439700190371,0.3083227837783662,1,1
15415,23991,23,3920,0.6704515779160866,4502,65,11.521577780704119,45.5711020399392,0.7650123626288985,0.60428573693264,0.6731047845679045,0.6805636854528657,1,1
24662,10262,9,3394,0.5955778236802091,2760,338,10.364326501295961,36.76793823260785,0.627538618445228,0.8312855972991133,0.09324144744874596,0.7975181152829907,1,1
19116,4541,14,3791,0.6951997176473776,6136,53,4.209900709234874,8.917613397814979,0.0037857336323967594,0.6708806013093013,0.48702754130993164,0.39528321498762675,0,0
24964,5765,11,3795,0.5932678391781145,618,190,5.428963522262116,3.1368638302285095,0.38026202601163495,0.5738087094844285,0.4771851289573172,0.544095886266165,1,1
12958,13306,3,4101,0.5803410735959509,3403,225,2.6039098787055432,11.080746019905146,0.2904874991943305,0.802063846779649,0.24299833414207958,0.1355220073736536,1,1
12276,7491,9,388,0.6469257867020883,3308,10,2.593678939475969,37.60130284151843,0.21790862170589687,0.6530902530149751,0.14728456489431405,0.1771806803608273,1,1
12776,6083,7,2256,0.5266291415495621,1394,304,1.7273004682150384,30.689753417616558,0.2515893940708449,0.514239377761904,0.1596069271951211,0.5691355206093842,1,1
25208,24740,17,1199,0.4652319359787427,1765,179,5.137826370470882,11.544744095294204,0.9423648465755226,0.9198668304705444,0.1420382152320987,0.8144903742095361,1,1
11832,4857,19,3777,0.7062277748353878,6923,283,12.714410252051419,35.870308360153885,0.4863170679915373,0.42235062281795305,0.6450109379319893,0.17478977029587395,1,1
22901,3769,18,2044,0.8893698791361927,862,358,6.717553904348879,7.64214525359554,0.8477087182241195,0.3615761324067114,0.11871444052647062,0.455764668298112,1,1
13445,20806,7,2553,0.44781003374457107,2273,208,7.155115452811715,39.62654551135864,0.21421715215298254,0.44210306089474516,0.21151358187344435,0.924860967672625,1,1
9380,27982,14,3961,0.37094997798669993,6336,100,3.6764389887148377,38.32556587062441,0.17440379964594832,0.4547316822383003,0.1742307236173712,0.7279736635688584,1,1
17865,5972,24,3260,0.5079595168985831,813,286,10.995266016330929,46.71107062318428,0.8887895883139098,0.6943470080304419,0.5702854659272254,0.2679627372381762,1,1
21926,21256,15,1933,0.9770212118104389,6132,139,7.145370085521165,8.063139537577953,0.49570468578246785,0.749913920407704,0.1267167155137053,0.3423981270909603,1,1
27540,8599,22,1161,0.8804051671957371,2206,37,12.659227256598543,43.61081073748621,0.895152125312413,0.6371111257976314,0.01925196208678308,0.9057287976007107,1,1
19580,21653,11,1313,0.7313542742583018,3965,86,13.734081235902131,17.03182519492641,0.06302885287127491,0.4806695969785445,0.29938033753458565,0.2878395391136261,1,1
28691,8275,12,3599,0.9447193057556069,5682,152,11.147432441598305,20.554813645379646,0.9164355221763077,0.4346021752281121,0.24407540892078938,0.474771274692126,1,1
13634,24133,14,1806,0.6349786347758366,4867,99,6.0551473573985986,23.016917955678164,0.41544531634222304,0.664977260239185,0.31816376396460067,0.40226854554899316,1,1
13810,9571,13,3505,0.9792995856481113,5656,174,9.892028689064697,30.464490500520125,0.15537048742184778,0.7119091760766797,0.6030525912907008,0.5165330071735926,1,1
18179,28757,10,1277,0.5396333088763418,2289,215,5.656858277258005,47.75387839554801,0.6833826894351941,0.5445352778902234,0.009893527116129432,0.30109315892128363,1,1
20251,8072,5,3761,0.503795679690201,6986,195,16.39806178333965,29.19806374359596,0.796902683294257,0.4910815662982234,0.03016608139004706,0.6680978654697017,1,1
21131,12631,8,2117,0.7583508487340871,2893,11,14.145364876362194,44.55564565689914,0.04737472758140038,0.4015793451823534,0.20451570549264622,0.2994023382437402,1,1
27493,14245,23,3984,0.5920185394882307,4110,318,9.634597449091844,12.98632549798198,0.9871959744186861,0.3667964716750289,0.7113667890238609,0.6117861511973635,1,1
28466,17706,3,4358,0.750873946864805,4194,346,17.430042862439418,19.725348105312033,0.6970268873161803,0.41767131573515515,0.135259600478211,0.4041039147719957,1,1
20707,8463,8,2934,0.5451971317137189,2780,38,10.521464871048101,24.7114778836133,0.32140199165784433,0.8249308238617219,0.7976303654252854,0.3137547121375377,1,1
27624,10450,10,3966,0.7454676843763143,1489,55,6.9208353697896445,16.176393519973523,0.1512937956953906,0.5701719360984893,0.6445540528570937,0.6907522360325548,1,1
26233,14095,6,1248,0.5264776067744232,4180,124,3.0752104631017767,46.912753839323514,0.39253141467821473,0.3675481058572174,0.3649092425033702,0.9204538116911634,1,1
10749,27804,16,773,0.3826221240440895,2963,142,10.471803139421324,35.107127033169675,0.2205656605586258,0.6752257739867805,0.5982897961988853,0.8389691253354541,1,1
21156,23343,19,867,0.9337669772308373,1404,110,15.696874091092202,23.507423552580324,0.49415322359809577,0.6930830508087202,0.41505209994953,0.17381008364176337,1,1
24589,4313,5,3732,0.9152513291990158,6910,286,15.800859014581404,36.311320956860314,0.7818927084903275,0.6243608189519319,0.4527938117118874,0.48625171995954664,1,1
28975,10847,20,4323,0.97131081553451,3544,36,11.475356600265348,22.969797456884606,0.6601303889505533,0.42083699970271093,0.4646173935350808,0.6905629542304227,1,1
11450,20454,21,2558,0.808577392781699,3897,128,7.9917329933645105,1.8095903862925238,0.4359349047817289,0.8331791344678167,0.518976410290897,0.5782234651810803,1,1
15214,12166,8,3444,0.7869415537505939,4497,174,12.229889083496218,26.530090167085795,0.11894392458004954,0.7910122164714362,0.04861135202447189,0.7174033081660361,1,1
28195,12930,9,2282,0.7077619648478917,5339,16,14.075315850224152,30.383705281776475,0.957156922368007,0.6026266484938164,0.49319848394908006,0.9288521205310687,1,1
19814,6285,18,1396,0.4306031464656145,1410,172,8.291808942503081,47.1167486797724,0.2703705254504867,0.5937218283187635,0.5735588654868086,0.3909310383340988,0,1
13141,28333,14,3870,0.4711105990075328,3107,347,9.358193792046269,2.917263868249031,0.2778345458750173,0.4497984735654036,0.24857850802937032,0.7552421852136697,1,1
10708,6095,22,3690,0.5352606007504231,6481,82,12.730169071736059,25.06855700039129,0.6455022218385325,0.8322715821361597,0.7828630643786857,0.1799606198213417,1,1
26375,19704,24,2972,0.9197000720469724,2245,38,15.964768000695315,5.613273565293006,0.7705096221471027,0.7337272987774504,0.11555606880915548,0.8392859982362764,1,1
23088,21705,12,3946,0.46070049574596805,2623,213,14.551671239347536,8.00280737383514,0.9841527653173495,0.40490780512828517,0.7283540180227099,0.7616674060070019,1,1
19834,3555,2,2719,0.94063883167225,4842,330,1.8694575937857534,29.691776931518373,0.9691642606278063,0.5919606133996246,0.5411595263565733,0.5428223401523943,1,1
20278,24323,3,3648,0.684582869152907,2351,12,3.552143672445699,11.883682476525374,0.9137605242320807,0.9282790032438417,0.5314515825509869,0.7978784495086371,1,1
18014,8432,18,973,0.8079645667027662,6956,229,15.57083997471111,36.211183230866155,0.4353135673833498,0.6395197450599848,0.7008181279357324,0.6666299284666619,1,1
11273,4386,6,3102,0.4205564714755625,5171,231,15.258076662743054,25.167338551977817,0.1666696597564481,0.5579535995523693,0.6653833690405118,0.5693922978284519,1,1
22367,24147,7,2669,0.522181471216583,4265,179,7.915311921953702,11.25600560278965,0.5844712032866277,0.7620218082871006,0.27634754583955895,0.9041004351351716,1,1
12538,14239,8,1366,0.9634519092361128,2115,85,11.140585718901482,24.208208847250056,0.017256505546768053,0.4799023217177973,0.5642958418525691,0.21072543445899142,1,1
20541,13619,22,987,0.5203359660350281,2890,286,16.446442210072664,1.0414411646816737,0.19624883899539347,0.6852341748525949,0.040482066149542466,0.9440225210994035,1,1
16712,9854,16,368,0.5397739010503335,3262,61,16.54071823661709,41.54878205191852,0.0025293967947646046,0.7784945622807331,0.37121474578064784,0.2312679455033174,1,1
17168,13196,20,2403,0.47646232629829083,1705,139,14.421031955054698,1.5958837216208517,0.18053591257153878,0.8971221862240497,0.7502218085794516,0.5081495676880042,1,1
28106,19033,17,719,0.4326071457963709,4526,242,4.958217482934703,1.3294649471325792,0.4747571233962561,0.7932027537778368,0.219271558241058,0.2966993473280706,1,1
11551,10637,14,4298,0.4992848905305587,5579,221,13.54966632134009,29.740685329443412,0.3933243110934159,0.5960222701878812,0.03997663125241324,0.33112660202622923,1,1
20297,24225,6,2897,0.761089210848511,3179,231,3.168124133726434,46.75548351213389,0.3692965649266392,0.841392110942919,0.4663559935531324,0.6370571753902865,1,1
18965,15962,4,2424,0.6414353494422806,2946,30,16.24998458100039,41.228873764637,0.8309528639338625,0.9249759539653387,0.2840798104531685,0.12950362136870458,1,1
10832,17940,4,4192,0.7044037352562551,3812,191,3.9609552590487898,12.844888891704226,0.674996304645678,0.6557687197823614,0.3037467760793653,0.8996347618829673,1,1
21422,23251,20,739,0.4283134904102555,5519,122,12.42875256183894,10.243340123941227,0.936431762871106,0.3528805027093007,0.4659657496454521,0.33767880531401656,1,1
8152,13618,15,1586,0.863354526184256,4887,201,11.569014025163753,30.427272489772406,0.44534109067767247,0.9137875366091802,0.49727124747857554,0.3316526805179688,1,1
19156,6793,17,1508,0.8518206083711027,2601,120,14.31884432201312,39.663974110037636,0.2722296754759518,0.4558828746296006,0.34985757246559585,0.8340291704330365,1,1
19108,10373,23,1378,0.3638175431313122,3716,307,10.601028788914515,18.017697532301398,0.12268453803335555,0.43084832318743893,0.4060393937515871,0.7501107586332346,1,1
10800,5513,18,2863,0.5954496604865952,5975,106,2.482848493699581,21.32066574725257,0.672027395685146,0.5469142820736201,0.7946046053966445,0.6709636413394222,1,1
13310,23187,5,3923,0.39401318526153456,4169,167,13.146463191728461,6.428007142854305,0.841741088471657,0.5931895970500871,0.765718366427644,0.2244046830122921,1,1
17944,5327,14,1553,0.8569476988255732,3530,182,7.822050220781921,8.182841799001881,0.1837393642617563,0.8616010868394572,0.5658536576194434,0.7541742112401013,1,1
10610,11809,9,3657,0.8218525972004508,3024,284,6.784702520115313,27.71252496622298,0.8787527445125362,0.5990773664724023,0.12918362155118598,0.40665134763023625,1,1
20067,21549,20,3509,0.9272723803476198,4617,290,17.862613567306624,5.824838850176537,0.5262762016953331,0.3812455464666773,0.2879680671900274,0.9448053502303311,1,1
9104,22692,6,3849,0.5012985337299933,5911,216,11.241596138335508,10.496167865407347,0.1440806321409519,0.7570154751939915,0.7064705792694607,0.6705621132716205,1,1
18728,9452,3,914,0.6420293652017912,3807,58,13.226864708945287,12.029820128558551,0.6428633249017549,0.7795814549952054,0.33885273294334795,0.8105091132980764,1,1
28583,27451,16,3378,0.4680722413852145,5648,71,10.184381259438197,21.864453061040628,0.5200527415372135,0.8711013893325463,0.7642941195010268,0.7237174979149539,1,1
28238,10642,3,3023,0.5875903580634365,3242,36,14.20454865820227,3.1437623138109023,0.028183547312732316,0.6052742916231243,0.3906414266072229,0.605102591333097,0,0
15263,17435,12,3790,0.6842356810028057,2461,255,13.909200135749591,24.489235669568114,0.3992432047266242,0.4050854887729133,0.6894153073641014,0.7088711959980367,1,1
9914,25788,14,3843,0.3841317054966969,6803,12,12.342910908722647,44.64769710052183,0.784787992942911,0.7039598577245136,0.0283031196223984,0.607861254681752,1,1
27456,3992,24,2200,0.8075170628335265,5505,219,17.962760513822317,2.1497920725964126,0.5554237534221071,0.4274383248496042,0.3473309558342199,0.14351880205076661,1,1
8406,8424,11,2012,0.6977077506374881,5125,50,9.086593312371772,30.65628866475087,0.28204112626253053,0.3609282067355583,0.5602094805993251,0.39369466955912324,1,1
21689,28953,4,2629,0.8805337710148309,4121,84,13.152173746919559,40.28459116212249,0.9286417633825497,0.8482934219848612,0.6908516258745943,0.36895489096167966,1,1
8166,7381,6,3919,0.5239395207623663,600,39,14.66333638628115,15.685659599811327,0.2377790380438599,0.6081827842165658,0.48770631425698224,0.7068772268615239,1,1
8508,22558,4,1494,0.9281255073723228,1813,193,7.704572708309981,7.181371615903569,0.2527360069326161,0.686003310119959,0.13860962075289507,0.5897472207051093,1,1
26045,7782,7,1678,0.9891643219394838,3948,93,9.043387954634706,3.036970017635363,0.35463934628026306,0.7742234897718617,0.7086353321860698,0.6189154822950054,1,1
11664,28881,14,1612,0.9383510005617116,3744,339,17.491259895444657,31.26344379348272,0.8945378612561284,0.6066577066951926,0.4598505301391657,0.8199343440345392,1,1
27873,24944,11,3215,0.8478511845332186,6986,140,2.0328017825890337,26.95501587076621,0.5076253954255163,0.38272421918553323,0.08641454540056906,0.5465110680718658,1,1
21050,10460,20,1049,0.8699160338392197,6547,38,7.032378290355086,11.776864454423887,0.6821790592258289,0.5117559409330947,0.3710774219118677,0.2855356198351895,1,1
8680,22462,9,600,0.7171963152285353,2401,285,9.522513878588054,40.08601345869216,0.9762641725102805,0.47437836245628506,0.5591547148210366,0.11057372531803175,1,1
26908,5983,19,4282,0.4716984722640707,5174,117,1.524172385641639,35.56879855116014,0.7832962968923645,0.97553217332753,0.3608125970531035,0.2355729034674712,1,1
26504,26643,4,4137,0.7833060384945391,1714,176,16.335597166609094,13.992152894378808,0.17260011865109326,0.8232834905762942,0.6966320858116435,0.1259922276324295,1,1
29644,25438,18,577,0.8061619213183562,4126,343,6.223032603500618,36.40806207463779,0.7883539290399766,0.6389919988884432,0.3389554516486175,0.3015051807618684,1,1
12357,17182,9,2858,0.9806464897714596,1289,47,5.752129729805831,12.51472803453631,0.7483371492260189,0.39055513373280915,0.4667621516265289,0.6397476124908142,1,1
9363,5523,11,4217,0.696432842404046,1866,17,15.035382223336741,32.73757070771896,0.2326169944772256,0.4241443343860931,0.16893634880152242,0.22870611271631208,1,1
17523,12677,3,2461,0.5236761696160361,6768,178,6.086723270290843,6.571616930472333,0.32534983088761593,0.8702557243337053,0.41014908003608924,0.1696347453022864,1,1
10292,13292,13,1689,0.7875504139132843,6227,129,12.35077279938337,33.535254776660736,0.7101282398630768,0.9550874200556804,0.1782858479461832,0.9252263986744461,1,1
9538,18089,24,990,0.9768005245865309,4123,336,15.054801874382328,12.222397692166233,0.23839309406785858,0.3700641180642102,0.18014971835956725,0.9473692703383852,1,1
11408,7581,7,3768,0.46341690129222013,5979,211,14.575867987221145,27.90605964936056,0.2081868690026193,0.9326541585204966,0.22392203379459358,0.641469985439905,1,1
16752,14907,3,2148,0.5586386678627857,1002,347,14.402187167527828,9.105801742038478,0.7034727721303311,0.5935607765670348,0.03535941395814009,0.19228143460632457,1,1
26287,8609,22,4116,0.6968038104145159,672,108,2.962519902776375,35.12044653569376,0.8805954928197636,0.4867249028183513,0.13064771339181425,0.7982925372823673,1,1
8174,21385,24,1239,0.45893736632448306,1386,134,2.8174749649440094,3.8613399964734296,0.07501668262212002,0.4154287087444418,0.33948850026644906,0.5583316389814041,1,1
10230,20771,4,3482,0.36422120929276053,1917,44,6.561705589666893,8.774635979727783,0.4459077352581128,0.8439193228500448,0.10484839896586876,0.2547625629740177,1,1
12287,14375,18,3609,0.5656691983624004,4032,27,2.093140039734293,9.654414553929314,0.6071752203290078,0.6501027105163607,0.10670780041366462,0.589338366358657,1,1
28544,25936,8,2350,0.9038373129606772,6763,256,9.757090652567863,2.943148535137932,0.676276785832068,0.8827512204385644,0.7743454627045414,0.13347480478223445,1,1
20112,20414,22,2046,0.37781977556717744,4868,329,8.013904093458603,36.01558825953155,0.996195912374829,0.4947405781919757,0.34167789055776504,0.9266004436185129,1,1
15106,12957,6,2751,0.6245145977708272,3929,294,10.690927556961961,47.10476772277684,0.6826919603167207,0.7842835435727518,0.3229861596978951,0.8020706742719076,1,1
17689,15955,24,324,0.8378084946726927,1909,206,6.4300108880498925,37.58469605534907,0.6201541129971541,0.42559789111432195,0.21418852387198628,0.32166037983611007,1,1
20046,4220,2,2856,0.9600368620229666,3423,159,9.514941049342045,41.449702219752595,0.9897341523090019,0.4074404378462526,0.4099577272859747,0.45607510828353837,1,1
27555,16163,9,360,0.9807042553628367,5453,59,7.023288636674387,1.2823600358990261,0.0606681403781838,0.43537590423152095,0.47685192132644255,0.4359910434254367,1,1
25951,16289,13,422,0.6200604035895947,2410,110,4.720933521684592,6.5398882974058825,0.07443689615309823,0.8676968323585966,0.33454841756759424,0.832270046236997,1,1
9151,15537,15,2402,0.9582459484026352,6553,264,12.214550238773946,27.273955946858532,0.5606825264240842,0.7695966306768895,0.3150468131640679,0.4014392098193642,1,1
15619,25419,17,1486,0.37266814289975275,760,204,12.611692374736556,46.95983758532587,0.35866461434959085,0.45621689083754124,0.560341346915244,0.14078314162545918,1,1
14033,12810,11,2030,0.8273868403190761,3852,330,15.182322930370876,32.05350775926557,0.09669751374705593,0.5962542148385186,0.7598213607088948,0.2824855223331483,1,1
16560,12455,16,4389,0.7613574621655123,1852,221,15.93340442203646,18.58442460568965,0.3064488960927906,0.8387590462441323,0.702257656786069,0.28323420884538253,1,1
12946,25907,22,2772,0.5096939888551375,5743,51,13.123621422070604,7.869017357628583,0.674354487407644,0.5328316092248878,0.09489621352431127,0.9068548907969283,1,1
9907,27458,16,3265,0.6746838404349753,1999,121,12.843718430508948,8.183277635984586,0.8806149636866302,0.9396087758803813,0.5218469362937916,0.8854465528080933,1,1
11490,12063,11,2577,0.4329143921667172,4873,216,2.4351484780517962,18.049400508888837,0.09432447665655419,0.9353457864641646,0.005638090000808393,0.35550429394333105,1,1
26919,3834,22,4387,0.907822176608999,2640,159,3.31135748405983,34.549079275168346,0.5401450624841042,0.703856528444623,0.506473421880665,0.10235203509314993,1,1
12173,28494,8,3264,0.5790547747492146,3506,267,14.907284721449411,2.495506678170801,0.29611556479642187,0.7544635322573535,0.37148287113994627,0.5394479862757077,1,1
19065,4724,4,1610,0.7506684610980585,4118,155,5.3436958167899204,41.05234679869701,0.6673261632938063,0.768059746168211,0.3928904418750665,0.7776539335918801,1,1
25677,25982,3,454,0.45161682322384783,1322,216,7.36682349358187,45.252917477420866,0.5494514944575069,0.5154198129632483,0.47042048628168937,0.3283142346547633,1,1
12769,5413,7,2512,0.48194550056397256,6771,196,3.8974063356519677,42.774373644949065,0.9267110060221794,0.5838056887833517,0.5941243050311357,0.473187422142061,1,1
12796,12505,22,3553,0.9848520773140172,1031,247,4.720007481486164,43.91226474165397,0.03768388694988811,0.43700231071352613,0.5835662421183555,0.24687082388171916,1,1
21046,25377,10,1562,0.8319752924424507,3320,102,14.294384383608403,1.720946132658396,0.47003727494014136,0.9419176586584761,0.035583225237344605,0.3782859790888171,1,1
22211,7498,11,1662,0.9656619966554053,666,33,5.820683722006382,46.9562388496451,0.192759555350709,0.8132636407651533,0.5891955090411947,0.7450250524368568,1,1
27356,5105,5,1237,0.5393447457357082,5426,193,8.909076943359137,18.218784399846395,0.5367817086642457,0.3796680104528944,0.6638527845353231,0.4640390834444146,0,1
28306,5568,4,811,0.455320241036685,4831,176,4.002577655477448,41.85621256316321,0.8535793440668431,0.7016079680626667,0.05453809954848197,0.48018021719860615,0,1
12997,12330,10,486,0.6719638166264518,1555,201,12.685843454215627,9.780016922881865,0.9113165277860585,0.569567190232294,0.25835728054214907,0.7711188996027585,1,1
25376,19593,23,2145,0.6665877006254998,1754,159,13.516450613202357,21.98670990512513,0.3982316632172018,0.8717842413193019,0.6336512614656246,0.748526830965586,1,1
16112,28640,18,2002,0.4619657688051122,4786,144,7.467923245328778,3.075726265326902,0.8117805232658257,0.5700320562134482,0.3944854525613619,0.2590798755055201,1,1
13287,7911,15,690,0.8192605245321025,4507,297,14.448319661025385,2.883571851612881,0.28050807472550543,0.7622560797445728,0.5559128550479648,0.45298135250335414,1,1
18578,21604,11,954,0.5815376220407897,5208,294,5.4584597567150865,45.33397673617299,0.00630494631918066,0.45607381341220643,0.4018526460785077,0.821529160780748,1,1
26624,19617,14,3121,0.46927374779553105,2031,260,12.916413724652575,39.098510788864836,0.8552390575229689,0.7076035133753975,0.7825779598465329,0.4882270300778271,1,1
25860,3792,13,1063,0.5624693725077046,4028,168,13.54441559343749,25.901824087448286,0.11941224240661463,0.5380868688342715,0.7489544582930893,0.6624989604879907,1,1
14426,17195,2,3700,0.7107415677664097,6898,138,17.48284673351481,25.69653415753328,0.017611123362948455,0.45552859031200815,0.22491619352495926,0.3600678269137797,1,1
19599,16901,23,3567,0.8149413965954837,4542,356,5.333307475580819,36.19146706838075,0.3537976633679486,0.7463258540393318,0.3087078573947952,0.15062477732765292,1,1
8389,18762,20,1385,0.6584101670767901,6319,333,3.04622292070542,17.058432733813035,0.37937998962495745,0.7587303680098405,0.3450767982682549,0.24016417681420923,1,1
8999,22494,20,2229,0.686380793490159,1472,270,5.8400844677814785,36.80785596551175,0.0772201707722725,0.9793464199256234,0.08336346635486791,0.4414627583241766,1,1
20812,21550,7,2263,0.438925399003359,4324,33,3.5272262436049644,23.795393859683802,0.814182646484471,0.778227878183114,0.3232599575035569,0.4004469741305793,1,1
23599,11526,14,2085,0.9354021918132686,5244,143,4.29995609015611,30.98211793683885,0.4055927302083334,0.680054360657362,0.6198782569493021,0.8612946466724569,1,1
9855,28935,20,2574,0.9443834867149085,605,352,7.0128894456235775,46.346984154847945,0.48992361376959437,0.9340773395742398,0.6775170251592931,0.5637792699075105,1,1
16125,18898,14,2986,0.7873930178675224,2104,316,8.330847320913016,23.151831203452293,0.2646252679528317,0.8800997239606118,0.7089062003506089,0.6330820875299905,1,1
21794,24577,23,3268,0.3612841017177758,4273,89,16.411449724897764,20.665019008083156,0.5115067523465978,0.7011976182017143,0.01164720013717986,0.6853803074917526,1,1
10763,4214,22,1015,0.6937274981781287,4787,253,4.727660229750348,43.570211175243855,0.7667313906173336,0.6772634097541166,0.6310448309986868,0.5518820408346095,1,1
28047,23803,5,542,0.7527001421367127,1502,355,17.53402310270007,43.42128326106817,0.9061827155005169,0.9528602788581612,0.40210214758818763,0.7541988189658899,1,1
12986,18346,3,4215,0.9865787026931904,5897,318,14.867527963286832,47.643678988509265,0.9705296007351493,0.7449613081337156,0.16492731586291126,0.7656354116826726,1,1
9481,26698,16,1823,0.98748285132467,6163,237,16.044277933241776,26.890560967490533,0.426723924601364,0.8068186682684844,0.39899601800914886,0.3986780760152845,1,1
11731,27859,13,1137,0.8988711906083567,6818,312,16.835825830714015,17.18029242825033,0.9900338587684592,0.40547458697420996,0.6754083733454339,0.1720673804683997,1,1
24835,3212,8,3623,0.39085183489671266,6389,65,13.928479752828492,12.29833296935207,0.2949557117226813,0.8097155975995258,0.34739949420850086,0.9384010940918615,0,0
27477,4658,21,3253,0.9600968900983872,5230,277,14.514867221681508,2.6025287767281045,0.006975935285060131,0.5193963790122773,0.7923688644792192,0.6462275954440314,1,1
25266,15270,19,1645,0.7421031981772794,584,223,8.724001893992723,35.15624533791161,0.7676170438976347,0.4239442708520267,0.493346547734804,0.7025786621887635,1,1
28792,17029,24,2723,0.8625675331066748,6607,290,9.922428872158026,11.973380165565995,0.17843564854119864,0.8937863096353983,0.39181093531659344,0.7431916055421994,1,1
28452,8024,14,2328,0.6106034237989463,3495,253,16.886009541649464,29.51212160560589,0.05245483812386287,0.7923622954577574,0.2359114622938807,0.6210189084507789,1,1
18758,16039,18,1732,0.5545884615901374,5323,76,7.7412225406187165,44.079841172126585,0.9240089225976987,0.6108411598324035,0.008840850111224886,0.5002662490713865,1,1
27661,28993,5,539,0.6464762531096371,3787,297,2.192126705559419,45.66003954754276,0.7918108304969869,0.6261067047731625,0.4884386853514435,0.9369692401204739,1,1
24311,25301,15,438,0.4439996883000492,5656,202,14.085447360333752,1.2072762970745847,0.1026648015382563,0.47615534221428246,0.4619964370850942,0.7185087985586844,1,1
16566,8141,21,3493,0.5785223288021158,6283,84,10.957098943339053,15.90252647468875,0.7769101523843331,0.3561126370984161,0.4134514841860205,0.8189714473230122,1,1
19889,21178,14,719,0.8988751998516983,6195,141,14.945453378664642,40.35676738486566,0.8439996974269963,0.573589849324401,0.4301635631829305,0.4737240657936277,1,1
19254,8988,4,603,0.37428831120696415,4665,217,2.7465958990808748,26.212924651522158,0.905301665182571,0.44498519019685473,0.6748178969151715,0.8690608742271345,1,1
29074,27680,19,2462,0.44656194996774684,653,331,11.750327842850531,38.952910473661184,0.54369406746636,0.6199051492398817,0.25349593971218465,0.7223283944393242,1,1
19442,16777,15,2326,0.4300743421756707,1961,111,5.587147151847507,41.10619429338308,0.703412070528096,0.8836480562751733,0.44020315520016573,0.7342087918787485,1,1
21521,8578,16,4402,0.6079683473281459,3312,211,16.403931809158987,21.80343233724217,0.762239278961011,0.4234427925777406,0.543958100686837,0.17389155717258786,1,1
28979,24935,4,2526,0.9880716165701515,6914,156,3.3135140057388037,17.87219808716492,0.6886389351561069,0.4087223053671337,0.16785514154284878,0.6248381996351767,1,1
12559,18051,2,1468,0.4609490753352849,2519,137,15.41064299996354,22.405363504374698,0.6468336203055937,0.9273454207779597,0.7398555320376192,0.3849342246417897,1,1
24199,6845,18,715,0.44310889574352647,1597,170,2.961145157536521,31.681374523340516,0.5475592527778836,0.8268893199605268,0.5896980198191286,0.6686514159693023,1,1
15291,14882,4,3013,0.9356356670567388,1070,184,1.9141063657004687,18.256480185680463,0.4791954541955694,0.3839647139952576,0.04263632012485879,0.5829819929119021,1,1
16160,26290,15,449,0.914512330858218,648,125,5.378480595691718,37.42444956879438,0.9961250195648306,0.40092511056485364,0.6920853583503432,0.1945110807049487,1,1
8112,17247,4,2744,0.3706338367977948,4077,178,6.995234925290283,43.48766130319605,0.3375607804221564,0.7883515060153136,0.7438961162880969,0.5504895813512188,1,1
29515,14484,14,1138,0.8310918145147617,6653,335,11.837724734895874,14.268626501460146,0.08826877044454862,0.5870202893745191,0.634936038579004,0.48356967391939687,1,1
27581,3378,16,1996,0.7694980489449149,3191,72,3.673455856457388,46.35451327618926,0.7650369650036276,0.813470909148443,0.34097968135493506,0.7599769681860619,1,1
23924,6293,19,2210,0.8413541183057338,2609,191,8.715943904252736,30.2680865960896,0.21382437786949415,0.6088506043523056,0.7955015197742283,0.5272425303419234,1,1
24523,22713,15,1721,0.6664815710693901,6007,142,4.870349434697417,42.27393224732783,0.5326933596187057,0.9693834798855473,0.09954871952872885,0.5089878424595198,1,1
9424,24192,22,3301,0.9844826998069092,2418,358,15.612504805526543,5.884072457788958,0.09580151660057068,0.7944266318468167,0.42928467308286034,0.7115673315485779,1,1
27333,14630,4,1620,0.37806209197501645,5369,312,2.241947381196532,12.82045944164322,0.6192838608167907,0.3798340895012319,0.13631264325803158,0.6682997066299456,1,1
27552,27321,20,4335,0.4999978152984357,6349,334,7.372972490360598,16.087896733331835,0.9440074039032222,0.5615211359215143,0.35147904227697624,0.9430762218384388,1,1
18808,16660,9,1823,0.6037894316631136,6467,242,11.917672319490297,15.232641105202124,0.7227047126069578,0.7107079591270588,0.7419394453004641,0.3991597956333075,1,1
14043,19608,5,4178,0.63785788260205,4155,22,16.565954937856993,9.077474360130998,0.2145347782266135,0.44079912844822866,0.6354089027213332,0.6851030834503301,1,1
14989,3737,5,852,0.939675137727692,6169,80,15.821891474449272,41.80544453366712,0.9711380452888607,0.35161299204818924,0.6256655532242721,0.24216977247224108,1,1
14261,19619,20,4056,0.7084027930094456,2212,155,16.270667992033196,20.674770640608852,0.3070869310245482,0.4007572046858984,0.28308304078545715,0.7838766436497906,1,1
8887,15470,12,3971,0.37887103713305204,2992,112,2.5370793457692047,46.26711998593904,0.43661498649135444,0.6855286257255475,0.7474161419548325,0.7682322757335004,1,1
27488,20095,2,781,0.6110322965924235,1844,157,15.375233814147082,28.423201239136915,0.4981170203728008,0.7546432581667655,0.29460874452319435,0.7169475823286325,1,1
24433,25372,9,899,0.6165538639162047,4465,320,14.368557545977966,7.504547875308566,0.9907187433734728,0.40945816044429595,0.03197874857595009,0.20119315019723089,1,1
28335,19117,16,1464,0.9679142006001823,1606,41,16.39012221304771,26.657521362195986,0.0688914007191832,0.7757001752995925,0.5102410099687714,0.9394128993683184,1,1
27944,17779,2,1303,0.7334861382535092,4005,337,6.641008409757022,47.69662194303939,0.6967282944355699,0.7449594606429926,0.29011809322071463,0.9012190129240288,1,1
24402,21272,8,2282,0.7568166855417209,4612,150,16.544124253510553,27.563069293665915,0.36193087569273585,0.951534068487208,0.1229799105884129,0.4145777598151045,1,1
29205,26557,22,1934,0.8064819400008133,6287,130,8.143577903926388,1.0878592210894424,0.07832531910243934,0.8880323145998529,0.7477264496432733,0.5907185017719134,1,1
20253,20643,21,3297,0.8428251620365589,1082,289,11.9626448111757,44.8547554687497,0.9350316576328564,0.9536747927929377,0.5097916272273947,0.8555539246206431,1,1
26990,24630,21,986,0.756432684929593,4850,112,8.498953354915471,12.0400370880249,0.5898583191430653,0.9683088788203303,0.7524237516081846,0.5204473919468383,1,1
15846,10271,12,3714,0.5018043847257188,3190,290,8.556199103508245,33.36086549424096,0.7535180075887757,0.632117463026958,0.4663829458352655,0.6092888389527578,1,1
14432,20132,15,2059,0.9093893851783451,5156,244,10.519510810115875,25.208767282905807,0.24038543557127967,0.6622628360179268,0.05109092770061779,0.6127564303065981,1,1
21452,15178,23,2780,0.8185566722628033,3080,106,7.372790708743572,16.29538657152165,0.7615409226294236,0.5302380597050247,0.023952410968300877,0.6518667225871264,1,1
21395,22935,17,1637,0.8247971104620517,6011,224,14.58016040544239,14.284057612790267,0.8284754400232166,0.6753967376606955,0.7204491480018316,0.5891753052512075,1,1
11765,17490,15,414,0.9877963131102395,819,11,11.955039134351441,44.65171353783392,0.43082939721447633,0.4464574068474956,0.03098234950296641,0.4450525894935369,1,1
26822,25784,13,4257,0.8636169823125222,4815,220,12.880970065392605,43.86051710823235,0.5719564727479653,0.7797158148852467,0.49214063774622363,0.5585574601056047,1,1
23950,26027,18,868,0.880656898019298,5294,173,5.312074203659099,25.11733748252762,0.9718725349295546,0.36595682218561887,0.23838064595389197,0.8407262795271697,1,1
20502,28085,15,1853,0.9588995300545013,1937,78,17.497992259942976,13.149274190151543,0.8467296417077589,0.5008017640227518,0.5501265112823738,0.8344878438225174,1,1
17741,16863,11,2989,0.44672575990329205,531,297,12.392905613253928,5.810075512083896,0.44485006106816427,0.48316588684244166,0.22777794297371684,0.7566638848317135,1,1
13941,4823,15,3640,0.6685455209459634,1214,31,4.753731764751462,8.359089994377022,0.6645738587558458,0.9502490057101146,0.029777736359591956,0.4519914658842712,1,1
12855,9852,19,3288,0.7215628950981041,1539,281,13.883089017272058,25.54583110980841,0.784231476802513,0.44273712109302343,0.5846707782391317,0.768076669092501,1,1
23166,16072,23,3451,0.5607364667023729,908,47,4.3662827029257745,15.468008147213428,0.024328820578248478,0.9200962885011803,0.24872210421083596,0.42967789511116894,1,1
27145,14133,10,3827,0.8872181400924836,6816,311,2.5458507889418884,2.977202686217965,0.5883659866252704,0.4295892616756248,0.44063914180790614,0.6644583928330082,1,1
28840,18111,18,3315,0.837948557853263,5531,97,10.204631036406266,22.392867109621704,0.9845286134127084,0.7664467112194959,0.6190926559481598,0.5823139184949067,1,1
13788,27161,7,1121,0.8113651676851994,1627,75,10.63314524367873,36.07089674582274,0.9471806498263313,0.5547270196309364,0.5622586414640044,0.3550209669130253,1,1
8201,23616,9,3874,0.9881756414452267,5936,273,4.617931983071377,42.909670450119414,0.8324403947624444,0.5522415158700746,0.27885688416371796,0.4849465366878072,1,1
18561,9519,14,4087,0.5160040789813699,1206,113,7.2482525808206235,28.508350147105197,0.1062140931306853,0.9888935040777377,0.5982613273810379,0.8058074953863339,1,1
24901,4777,19,1908,0.8206926410722697,4339,185,17.1051933786985,34.99472982059496,0.9940414525161517,0.4946674289874714,0.7405448056200686,0.8758398869367945,1,1
15737,20606,6,859,0.7028988639397764,3523,219,6.2025533294435835,18.11131213065182,0.6095381531379492,0.47963844347804324,0.4879796740128356,0.27450111469223415,1,1
9988,27014,7,4363,0.5503130767960807,4159,118,4.066873002628583,24.323194423196156,0.2229082494294905,0.7271742394226967,0.5628048485156348,0.4877825883521013,1,1
23441,17772,22,911,0.4527755972628005,1282,189,17.87727231797999,35.29246225597137,0.6742686896143166,0.8240815340982868,0.6927265117443011,0.4684797244305836,1,1
19737,16621,20,2463,0.9233656557232301,5800,129,6.488041350277701,35.19993668649784,0.8565235620796813,0.9788028950550065,0.6749124930234227,0.5156630026270335,1,1
22256,14859,5,2181,0.731091508933021,2679,109,12.724185606910298,20.952734434766697,0.11232776084763585,0.7989048155119749,0.28128106198862607,0.9301318174069216,1,1
28186,21161,8,4469,0.8779576560901086,1678,241,5.320742993747896,26.552365053241168,0.9164381432894246,0.709597482400262,0.7933604774211145,0.5409311361691954,1,1
15162,12496,5,4163,0.6990207897609887,2906,145,10.576999750275425,44.42120095889556,0.9202042814189951,0.611844299365176,0.022852800037640543,0.8055651849693044,1,1
21065,10490,12,4008,0.4907853316185725,5854,297,7.873652779058657,30.70388743233198,0.013464406231317838,0.7308721977425064,0.7893660574150104,0.6643465128837514,1,1
22114,24243,13,2009,0.5660312403842082,3307,162,17.36605780912661,31.201007407269714,0.9003191216633942,0.7345343979217227,0.1967977067092866,0.1911122664590273,1,1
16399,11893,15,2061,0.5941848591830697,4760,278,8.641296930083048,37.87715374211192,0.9468179182401563,0.4893353560731672,0.3523496403641983,0.6913082809297122,1,1
13633,27502,14,1992,0.9726782800023694,3264,345,11.138874038998448,6.415476126850723,0.037691796980345194,0.7795734793816341,0.7069509902597714,0.6500002899936492,1,1
13755,5989,11,1545,0.35360529816408476,3224,121,17.088643387352427,25.575561707490195,0.2941663235080507,0.4808312260252186,0.1954630708219347,0.7446985604940329,0,0
18825,11343,19,425,0.9808262547356845,3035,66,17.82236594897626,46.09329160473615,0.3731075068161265,0.6635710869730298,0.1798253080720473,0.16328124337286554,1,1
12117,20709,17,1499,0.9774954464702916,712,28,3.1773630060824423,17.998038432276648,0.3488904720663901,0.5163164880831439,0.514487009750466,0.305111425968529,1,1
9518,28877,6,3011,0.9875365059392874,2448,64,15.266291748699416,14.861528881838279,0.7590032372701891,0.5501926551870406,0.5643604204762215,0.7538953862903546,1,1
24346,14914,9,3746,0.6550164345085662,5361,320,7.804922154089605,29.256774383423608,0.358104459223867,0.7428812927974591,0.005976547360821805,0.4150235769738282,1,1
10600,24511,15,1290,0.9668377405574398,6800,269,11.31467365239261,11.39261295456926,0.9565788098947423,0.3912704734321922,0.36035538878062945,0.8741961132987637,1,1
21237,11998,6,3365,0.6031834763838895,3646,184,7.688293302761551,27.1294223566115,0.994992625304738,0.3577022818075056,0.3912871823044961,0.5400198476225772,1,1
26579,5722,9,1821,0.3668284420277675,1701,236,8.118417393304075,8.315644510309106,0.3168188707062466,0.4335968061104919,0.2174681597775633,0.10087306353415985,0,0
11554,7656,7,2798,0.4935821992779293,2319,147,4.1211493437543405,28.250292652801562,0.5088007532065069,0.4579724659676784,0.4368877717031239,0.6940105684858864,1,1
24193,20709,17,2865,0.9549895967599261,3389,337,10.950646564059786,29.311821631323344,0.5577058403000075,0.4766386995492057,0.1236620845377252,0.5364443755735689,1,1
27233,7133,5,2897,0.358809403734656,1144,249,10.520813108087959,20.664822513576354,0.5794028299670617,0.8453158849372671,0.2588846414859191,0.369530202471423,0,0
23253,28735,13,415,0.699436246670704,6256,85,4.6243705108835975,18.98908199561836,0.3742089941952996,0.6359890989042423,0.5705913868436387,0.11737459364272855,1,1
24194,22253,12,1331,0.3983850168925946,2859,130,10.438552084010034,12.536539084821118,0.16599350195882967,0.6507591256603342,0.6990292302954433,0.26893429756150355,1,1
9742,4242,4,1541,0.5332938101936502,6451,141,17.55618106341292,16.553348468178932,0.054560541731127676,0.7623738642275478,0.4715031693705644,0.2373548305782918,1,1
9306,11539,13,2042,0.40637942445560743,4722,60,13.28774183158753,24.422260457994078,0.10634866564983214,0.8166296117842224,0.05987563147295836,0.5954260227571385,1,1
11849,4831,6,3938,0.900098317512356,4972,217,9.436212233125307,12.639968348367749,0.9012912375938412,0.352245343714199,0.5429966958120334,0.7541209174315785,1,1
20360,20953,7,4390,0.7282852541745317,4820,98,16.615385762092693,37.79321977847754,0.2803750066205071,0.8983042149153084,0.7180782567117578,0.2994154542916926,1,1
20768,10246,20,2275,0.9273481380597203,3588,296,10.992686882337546,34.32465634231127,0.07682298321104453,0.9825983022554293,0.40345123439734565,0.693064664093416,1,1
21032,21302,19,4483,0.7905460477057461,996,132,3.728291979008756,13.657375755861787,0.6235296995443529,0.42795675663258986,0.39495357288245225,0.8648506197717553,1,1
12195,25800,17,463,0.9714586439968638,2516,221,10.53390918890553,5.579452665772755,0.07530715126128529,0.7666915735404183,0.7931308635618308,0.6283481181428658,1,1
29562,6232,24,3610,0.6763216990466602,972,203,4.486056403536819,1.0084618322462513,0.07005293966902426,0.3515448028166249,0.5090382300368343,0.7593004820771144,1,1
26939,6758,12,3688,0.7587747723282396,2388,24,14.163829839336625,29.04578606192998,0.6215705058712215,0.3813788711517327,0.6448231213329335,0.2735967796921954,1,1
26689,8997,6,1295,0.7188376447289961,3882,59,17.45837453586269,10.934096083321496,0.5913952441985306,0.5324006528550754,0.5171947882209695,0.1636977436580188,1,1
15619,21739,10,2177,0.6599266748458321,1660,250,7.45350664496495,1.5913760947723388,0.04147728694996011,0.8916986140285659,0.17673254925112866,0.41057963105648865,1,1
17280,28973,4,2123,0.8914139938707281,3022,255,8.67614502206571,17.877007717825066,0.4604778344369488,0.7676005769201519,0.22726254719701267,0.7026558861415095,1,1
10642,13972,9,2595,0.7624960868290305,4812,64,8.454691702837396,46.213927728919366,0.4357683079060346,0.6353253964622891,0.5325646069991533,0.6831838009178244,1,1
17369,18368,7,3564,0.8628398495075026,695,167,6.207449600615551,33.427311958601415,0.546689129702555,0.6307030231055314,0.364856904057529,0.9118173549732566,1,1
22296,4824,5,1648,0.8532729194255444,2748,206,14.603969420497412,41.31489403735553,0.7378447104367875,0.648274287586001,0.32347823217291316,0.6354816568016243,1,1
23438,13683,13,2103,0.472268902819389,4961,231,11.692517490325432,7.802737618254313,0.2828000475621941,0.5490611889926424,0.017961562705114533,0.44959179184409204,1,1
23674,26664,13,2551,0.766104660811292,3266,133,2.556850688133234,4.44454326711351,0.43278028358381027,0.9117372912803292,0.7074952539189571,0.777561712654988,1,1
12757,7060,22,3200,0.4777747322760538,2051,49,15.340304527881736,1.5418988849569555,0.792742684360965,0.7134362439678703,0.7075982318694297,0.2301077248946337,1,1
10994,24708,17,1893,0.7233251060760133,2947,201,4.58695581402792,45.916127630915895,0.9225563904605687,0.6597279766565458,0.3687768997797732,0.7910689875961207,1,1
23226,3404,11,732,0.7835581980456323,6144,170,17.655994168200497,15.109528561616777,0.8913229730498781,0.6476490260205465,0.5605913669005455,0.4110408959002807,1,1
9271,21105,23,4117,0.9882304458160556,4809,251,7.7149417935423354,22.596732290020327,0.4776309520940417,0.9489289388146832,0.14225548298824897,0.23090850766890622,1,1
9813,24700,15,1370,0.36954686601583253,2888,230,11.671419177980344,19.5426103092834,0.5208657970021019,0.8131436340605963,0.4030488196670353,0.23781953043268342,1,1
26845,14017,14,414,0.40839513223278134,3506,284,2.7840897117845014,35.331475963464385,0.5291054421521594,0.4426813150186148,0.3510925135198842,0.9360578710016696,1,1
28504,6845,10,1739,0.39929708567758815,618,264,7.186944032357885,15.568349451778925,0.8687155697074848,0.6296609087636896,0.5252908566492942,0.6297393481595187,1,1
16475,23594,8,2090,0.6049512232107136,3996,351,14.738840296452894,26.166285482860424,0.8399395069380008,0.534558214665295,0.37571672091536323,0.248124905173769,1,1
12396,14384,13,1294,0.8758165513509207,2216,201,9.373940117228763,47.792366452906975,0.3115325285453451,0.9815959409473041,0.39874742613516984,0.32827815730874627,1,1
17283,19448,6,1257,0.8901960529837668,3383,111,16.425957478476377,21.870986913179102,0.16284968942203526,0.6158532520404356,0.23656996561068563,0.41626780372786953,1,1
21318,12491,19,395,0.821666941261537,5437,273,10.989784277338318,26.90976241288851,0.3789745614921016,0.3934368659390607,0.03873853464366422,0.1475145497149447,1,1
25200,16112,5,2454,0.9240020747711665,3414,236,16.82144122402984,24.618818928609375,0.28840638324940115,0.6131756809361948,0.7336206072139125,0.19215335895136348,1,1
8082,25766,3,931,0.5566303642684496,2172,105,17.713063465707176,38.749749432393514,0.9507807248149095,0.5556641795877986,0.009785298805939303,0.7474911502389284,1,1
9920,28991,4,3984,0.4064189723214714,1702,164,8.989260232051553,13.541463739578026,0.2659156794386516,0.7337328941300786,0.2250595428490616,0.768842874177684,1,1
15817,14785,13,2001,0.38721793791350406,1955,99,10.825083447533833,9.010586758711458,0.18120668172693555,0.4946900321465791,0.35808862575544104,0.9399994196598881,1,1
19683,3968,4,997,0.8953649405564073,6339,211,15.276190613645952,36.442378438448515,0.8994790625592155,0.37302313580760427,0.25527388343392204,0.1574569275450804,1,1
19336,3368,5,331,0.8174792283863623,5540,317,5.1552945913409145,20.534054759326747,0.08647860435607102,0.41136344010169046,0.44153429605061634,0.8558067498779508,1,1
23596,11424,7,848,0.7971137958471173,5161,239,15.716887967388308,43.9451224219043,0.2602660514264602,0.5312144573019938,0.369290412136413,0.36963363879747224,1,1
10093,5242,13,2548,0.567392856669228,4478,331,11.266682316224948,31.27548643228969,0.4391111940005884,0.5729264841811889,0.20438098869086352,0.37867299788427045,1,1
20905,24386,20,2193,0.5931393207156648,2971,158,13.470752233844669,27.5241262504519,0.5951073781596821,0.884048345628629,0.07041610472435193,0.20818991409838897,1,1
16367,6083,11,3134,0.9631926584955643,617,104,2.817591373946846,4.3114815768162265,0.3276728963733063,0.5228445977692062,0.11002821646733559,0.9383551504030282,1,1
13285,27457,2,2003,0.3908350362226784,867,242,14.142096776981159,35.32935954147651,0.496233996921005,0.3701555542246695,0.3890560554056113,0.9338408513723723,1,1
18896,28496,18,1456,0.8451883116401873,5725,111,6.627983925465364,33.243897179109034,0.1988311864306065,0.8496694292498267,0.6767564271885914,0.8351051674272523,1,1
12937,28264,17,643,0.5481653271733716,3676,350,14.786332568022393,31.083380450896275,0.5742741202254854,0.9061072448569361,0.08051111353758414,0.17716307364845102,1,1
24753,16322,10,4372,0.37499495578403585,3874,134,9.901016881994664,13.591747607822455,0.4078168082796595,0.6650759919363378,0.5417651081628087,0.8154021818528503,1,1
26202,4469,22,3762,0.8252448708751718,6513,303,6.0311365244579465,45.49674811869889,0.8492596872684504,0.5323534276841413,0.6336729166764874,0.6394218941628859,1,1
26485,7725,10,2548,0.5617836068341597,4312,47,17.220535000857293,16.117790970542544,0.4157341333886524,0.8441695232757862,0.22141782265178256,0.2094591290611404,0,0
20977,7259,24,1244,0.8121744119953898,6791,67,14.123529562239737,8.154854967434911,0.44381541788205026,0.3556949802764739,0.5345915942815196,0.3224940936594925,1,1
27874,6622,10,4180,0.8028988051955969,6485,77,17.763820218915175,47.39845428194565,0.5921749893424125,0.9413780666290525,0.5493263557463335,0.6858405117734703,1,1
26163,13292,13,2350,0.6922636002771936,2697,190,7.513753323801362,36.0735751188171,0.12317000407694145,0.9039402527214792,0.5662341848211411,0.7829246582236467,1,1
15674,20207,24,3585,0.8475188026947512,5411,121,12.212123953437038,20.49498346933052,0.15679517670628107,0.6986932543710949,0.71264727327959,0.8208739890800031,1,1
25748,6431,10,3155,0.7218645274695958,6899,308,11.59121318475149,44.98807225176922,0.7902377472272404,0.5276519602622647,0.31882085159288426,0.5622557049000811,1,1
11676,25912,16,1630,0.5334475858228869,2629,9,12.844686227635249,5.282516595211272,0.27341877913954704,0.3710207249593585,0.19495131013714107,0.5544269291235756,1,1
10426,7151,3,2303,0.8198337926812281,6659,80,2.1322233396819588,5.120077172048216,0.684696928928456,0.9898872001259919,0.4350758943098158,0.681577660932062,1,1
10962,7213,12,3915,0.727049482161743,1400,295,6.313368843976672,33.075197875543516,0.09742696997720213,0.8377271827447577,0.05003869858833232,0.7610641668481417,1,1
8859,18235,12,2087,0.35814546028154914,692,353,16.50406996754832,9.364686273805646,0.8218466603180131,0.5667743205172213,0.2671367441603616,0.24499791405010815,1,1
20048,26804,9,2546,0.927052273772998,3270,87,8.493030905391743,44.10555721408436,0.9882281109189571,0.3623340618488221,0.7065801013710704,0.7288620106185988,1,1
12138,11989,24,3972,0.6992119157275606,5693,64,17.35062070484553,40.49688119204693,0.37369094520778434,0.7591467062148936,0.42564604819537044,0.3904336007823562,1,1
10424,3779,7,2455,0.9059214499069003,3848,111,5.0228023486421005,15.399259532755762,0.5055301019148967,0.9816185636810851,0.34934024339167397,0.426194827783991,1,1
18409,18351,22,3779,0.9149515769486366,5680,121,17.957495562437973,42.7754603666604,0.44271197983980226,0.802526533524907,0.21254712856082483,0.16605602014443166,1,1
12017,14042,21,3320,0.6347786603104566,1450,311,13.010084997832283,3.0157212893444334,0.8941877486390235,0.40357722148467534,0.20030054776493983,0.6001576479280283,1,1
18451,22276,8,351,0.6749023977287878,4106,351,14.310491497097049,26.785979078662212,0.009934037696879616,0.607458158191076,0.1892896170882554,0.17940708290444812,1,1
18278,8534,4,2459,0.6160828081123852,6986,86,8.048209341341842,44.97145036431516,0.6534593211638361,0.4198774161456371,0.6633869344959055,0.8761652631593282,1,1
18996,6306,9,3951,0.6376395361971491,5538,319,16.465634000800243,41.20300000997781,0.6523682728035328,0.9337827517446065,0.7880162977542478,0.6278247603215277,1,1
9134,5902,19,4215,0.9228941817419057,757,324,10.500137865817264,17.735446218646764,0.3823850082979531,0.5614652614096517,0.42783874661848986,0.9417395768504584,1,1
29550,16391,18,2412,0.854412168939463,1721,145,12.735483273706478,9.594910456027838,0.21933364211701456,0.8193609787780295,0.06386673373825058,0.30880432973601457,1,1
13119,6718,12,2921,0.4309764328419699,6696,226,3.0643364770487187,10.895407654975994,0.23968268141503568,0.40420182912582825,0.6008312367481522,0.6776604792857918,1,1
13694,3021,3,1654,0.7405969801856613,1150,74,11.922731564732741,25.181870269685046,0.8004641212138911,0.4321854053090813,0.7016435387362562,0.9197654900763838,1,1
29869,4500,22,4054,0.987380249847259,2818,16,16.004803306325584,29.04832836031428,0.06610309637495904,0.7848721037124382,0.7449825367916098,0.35379152466492636,1,1
12164,12034,20,509,0.7311524487887908,6844,301,4.441673265563804,2.5422728813109123,0.563824146274359,0.8898271669517883,0.5030202768171081,0.18187425121657952,1,1
26730,18799,8,537,0.8529578403795876,4991,109,13.67247792147496,20.43692328403974,0.30684060297826554,0.47892797205201854,0.40550466660705564,0.6388800902133583,1,1
13039,6641,19,635,0.8421993429639494,2925,211,1.9191125234118,40.028194435263515,0.2652478124683204,0.6177358374381205,0.4964218515731304,0.4111842917505548,1,1
29281,24596,9,4138,0.5742032165582902,6510,69,16.78234977328156,21.883460661082463,0.5057376655310359,0.7464269022100011,0.0103605740903836,0.33209898865361015,1,1
22631,3191,15,1876,0.5879835537305337,1422,67,17.718132414514574,8.951243374622292,0.897861506279767,0.8596168571265744,0.5243359002389999,0.9445495031318991,1,1
18442,16306,8,799,0.813408909945858,3659,182,7.343971102168558,45.87843377189755,0.6180919190373309,0.7520458306427399,0.5677171146044384,0.7409929356878229,1,1
16252,16414,22,1864,0.6699894602270944,897,12,3.2667185203030247,13.514950376543934,0.7886106277553235,0.41107258921124906,0.5776242781103107,0.512585438060572,1,1
29425,11587,5,1090,0.7151652538434483,5801,163,12.366510074691893,38.52612848480084,0.600683779262881,0.6974043701338137,0.4504574247275306,0.1425028877755212,1,1
28285,26558,18,3840,0.806259705833496,3414,15,1.9922694834334045,10.10832581792994,0.6977157798727407,0.9161482761450048,0.5600354970570899,0.26287332588679413,1,1
25721,24498,6,3422,0.8476480173049921,5902,277,9.461023641403582,20.889118273414724,0.43240764879329563,0.9055351814553498,0.5110659125841538,0.35396166148202945,1,1
25568,7662,13,1435,0.5237706097491657,1060,99,5.984356389775128,24.049859369416158,0.9259816352081839,0.7244099889606153,0.09242273587383938,0.5141171113313423,1,1
28810,7326,10,4244,0.44394800603965623,689,159,9.310094390222469,24.529858909567494,0.5019390204391609,0.9872455723333369,0.7186934155219489,0.5226623653302156,1,1
9551,12065,21,2648,0.5367485739031841,704,210,1.80154599318289,25.27427180073313,0.5517746692267631,0.41727918232598743,0.4981820061503117,0.1210233587397816,1,1
20625,23719,14,449,0.6748245280589283,3515,119,2.351601020666657,11.572534412418786,0.5249655032548496,0.6563010287306578,0.5822354963864214,0.9018528295144282,1,1
9629,27665,19,3506,0.568970443070105,4639,91,1.7636011759158086,25.248029532159254,0.31618902016491846,0.8460791291857539,0.27431001593396076,0.5613861025227301,1,1
25910,13471,21,3828,0.71375216566246,5599,316,11.71567585577738,23.64049943225445,0.23123843559918567,0.44026439559306185,0.7353916129832684,0.11676809193757764,1,1
9361,28032,10,1924,0.3842180634404022,3871,201,10.741533141640941,10.809816364934372,0.07383496411555501,0.972559847349027,0.402092612950953,0.6961349150492133,1,1
12370,15641,5,2874,0.6762402634328111,3541,354,5.347106975853974,47.44500329667441,0.7181749820025486,0.5765897889175328,0.5432047933269261,0.16064878512986244,1,1
13283,12196,22,3584,0.5855103404401331,2205,102,12.169611626916351,41.68147946096786,0.2892752631703708,0.5740894425462981,0.7617456484783194,0.7129948611439461,1,1
15610,15726,9,2408,0.6921867231314447,5898,23,16.089419738767088,42.7160884980567,0.3891979631956072,0.48644435273037195,0.732866195946288,0.6962686087036098,1,1
18558,24878,2,4247,0.6204213471263851,1212,317,6.075814666930875,33.22183936799606,0.9199281627262127,0.5343311770026203,0.5158390165909663,0.9371846894610907,1,1
22924,18651,18,2563,0.5319045444080271,3956,20,15.227897830003293,8.515160442512556,0.5664473494118737,0.7196568960467823,0.1325931132265958,0.3907318061568398,1,1
22839,11536,10,1912,0.9286290594928869,3184,49,12.431400744035995,27.700327003288198,0.09707806390393825,0.6247867449926109,0.7604547447788925,0.22267819782277715,1,1
19949,22095,21,4115,0.4682495925896684,4906,159,2.058037312354222,39.607662686487146,0.7996119128238497,0.47376203412910733,0.7873085578487742,0.17808888174849113,1,1
18626,26979,14,877,0.7860739683715582,5473,235,7.689973281185669,2.820614968367139,0.25613059910945546,0.8678495618025404,0.08271735630561237,0.16096715964721556,1,1
9993,15944,3,722,0.941772616052745,4099,161,9.877994061673782,24.304625854518125,0.5527058426461825,0.38983315655939815,0.36023814569464285,0.7887832216309907,1,1
8869,9273,14,3063,0.6947487741986771,5452,117,13.573036634252903,19.61777535976115,0.5099814748639906,0.8841777564801739,0.4386044510769413,0.7107658593535652,1,1
9014,9284,10,1529,0.9109014326908685,2821,48,6.237654211181379,10.969862293987271,0.2380788423518807,0.5259607837746639,0.07366523237513904,0.929527934217857,1,1
18103,28692,21,3476,0.42990494619730196,4377,114,17.715046730155883,18.77775017696993,0.11577103479458106,0.6673781331814219,0.15174395956772796,0.36280813401341105,1,1
24986,11817,7,1053,0.6660248129641011,4022,115,12.794905718333917,47.22438301086428,0.21126160649496806,0.5938813046965707,0.43016431286349843,0.7826370852156165,1,1
20013,23378,2,987,0.6424961795078012,6151,227,7.651425673211949,34.99243633900355,0.0973377995639656,0.715185352569417,0.770471558280524,0.17906198112844898,1,1
8690,21062,6,1022,0.3551960365036767,5126,269,3.100913144772348,15.078242760702246,0.2756280189521012,0.8594335968897122,0.022247980743006403,0.868297908555599,1,1
24873,11414,4,1046,0.633684698469974,4612,275,4.4925680444683636,29.45168741959899,0.9972975107374645,0.9831646678238048,0.7299544593254991,0.1440557624881341,1,1
18748,20127,5,3012,0.5861790440848627,3265,216,9.545528040910083,12.59284329342695,0.40209226524138253,0.545877853218497,0.7188865360395127,0.7697009600468834,1,1
16024,19846,2,1007,0.7786711857757538,5065,318,9.66247335681305,29.70966372414087,0.8638883913350103,0.7044348239126615,0.6857429081492451,0.36125219611059234,1,1
24678,20952,15,734,0.9505310582889719,5406,262,14.167359619552332,43.11983440579179,0.5491776921290614,0.6482448312159983,0.3020407429313954,0.2540140555678002,1,1
13488,14539,10,783,0.4049062964877034,5923,251,13.481914321942167,27.17320959729996,0.666583079333733,0.9893140219603973,0.39265882976640215,0.6988373485590609,1,1
28411,16993,5,3818,0.5595848874973588,1054,59,4.821005135543985,35.466978846276085,0.1563479697505562,0.8677047235196473,0.3228757114606981,0.8614963270066434,1,1
19035,16451,19,1833,0.6342014319323213,2640,313,11.316784239211373,22.30693293966595,0.27480586742197544,0.6041336694913233,0.7580689491430629,0.7495071334757946,1,1
27296,17692,15,469,0.6413186419420053,5477,354,1.8402597122576574,25.633824130207838,0.5104434230289255,0.6552025955888937,0.4170804958191249,0.36613495331163015,1,1
29128,21120,5,1320,0.8458782213390423,3178,76,8.076032089841501,33.668528701479296,0.8811434342268406,0.5074122204330197,0.06449008693363441,0.4005350566606958,1,1
26257,16334,11,1147,0.6337732261334021,5416,300,14.107736469431496,39.18303523741567,0.04288803588494017,0.833358284639249,0.2192478754489419,0.26090890565563357,1,1
20855,10903,4,995,0.36738323293033814,1083,217,8.091891789238247,31.994215166696133,0.5069199595657209,0.890935543282203,0.36962657033180346,0.8004523539488828,1,1
27642,18629,24,3646,0.804466620539412,5441,299,15.2873379567235,46.94212371283437,0.05101221250842991,0.967591567118669,0.7628447458542356,0.1910295891797435,1,1
10817,26386,8,4313,0.9162910048932299,2496,175,17.606562287067145,39.53166162651929,0.45682267644928254,0.7121304939633901,0.45516087249784465,0.8677318381784376,1,1
28025,28240,11,331,0.6788990160317906,1341,250,11.519007944539535,37.52652961657013,0.6288681593326368,0.7792371214319613,0.5568580985344046,0.6109641099673412,1,1
12458,20740,14,476,0.7219094538870434,2875,145,3.8925672596389838,40.7197742121082,0.7447231914283073,0.635477652268454,0.07081587786706188,0.6005267123424473,1,1
13307,4014,5,3264,0.45427932094018947,4538,108,7.764673930439277,14.216913964944405,0.1385320052606267,0.7398422466160919,0.7018592367397983,0.8121482478819785,0,0
16933,13860,19,2412,0.4912134045945325,2304,109,1.6564753586281902,21.306216235573892,0.1665752834613481,0.5731993793536837,0.4312145776110299,0.6674032636854704,1,1
26425,20438,12,4186,0.5005089530397515,1229,244,11.444977743372418,27.529757164545764,0.4700649216917906,0.8221210345732091,0.7369827300324869,0.3586033695025389,1,1
25063,4764,5,1802,0.625674863924029,4849,315,15.05588026606767,22.732156966806226,0.998036457979074,0.3645282340828015,0.3563813483124448,0.39708785379930256,1,1
18659,9009,15,2615,0.9440129413732109,1963,325,11.894011302230208,40.830517456531744,0.3560468356567634,0.36821238380286947,0.5464671975559342,0.24709606245594054,1,1
13738,23842,19,2944,0.683942250697527,5446,284,14.470422781526922,2.272220330923905,0.4275274273629103,0.8083173697194228,0.37667087498157364,0.4944537556139943,1,1
13668,12604,9,365,0.4729424929288657,2667,26,14.698414800052129,10.83124460994258,0.43244674281455153,0.9456369940001063,0.11404634361144837,0.19363155088357098,1,1
22427,19012,11,2228,0.5202961509561277,5417,82,15.541707507588152,42.44020742708718,0.08070082135709544,0.7546393180393256,0.21763998236427318,0.6550810312278431,1,1
15697,3667,6,884,0.5957696190253979,2072,305,5.899952419459645,3.7777064708174586,0.7741721452899953,0.814978111362366,0.05380583555294427,0.24384451494690373,1,1
24446,6370,24,2048,0.7488857444433916,5574,199,15.875930626536961,11.668450269613508,0.25310152442610745,0.8773179463796272,0.3522130743294241,0.8343420071184972,1,1
15829,8976,8,2504,0.6316212179225634,6740,324,12.2925509746476,17.50876552769485,0.7036670568829199,0.5814715292566908,0.5194732347690775,0.6953931988890402,1,1
18751,20778,13,3930,0.6011647002732319,5466,357,6.280471683809035,36.284806358149474,0.47508987883559073,0.4191927408380213,0.1949690206477194,0.8577845663515671,1,1
21450,27674,4,2192,0.7114263042553566,1893,25,17.79036279743831,27.328492719841876,0.611779742219384,0.9471790638400617,0.39231044656528324,0.17397633944885668,1,1
15352,23454,5,2729,0.5047743967708579,756,164,17.17800949657254,45.86642103067556,0.053971636494996256,0.9506851616015617,0.3671786673905304,0.7787329343268719,1,1
21516,26366,11,3393,0.4004980944541326,627,236,10.97827622290559,11.710125708429754,0.8899656844165662,0.6327779555661306,0.42673639272267244,0.8486840162740913,1,1
16326,11613,5,1273,0.36562516148622215,1882,305,15.412938243592798,41.989659034470286,0.24385676941971335,0.4889885804765528,0.14766773362166283,0.13788433757184387,1,1
11644,8599,16,4324,0.5108058646189613,5775,48,5.814659063877883,14.296934018214694,0.670095387500837,0.921106804972793,0.42718727072548274,0.9492145619210001,1,1
29354,6650,11,2942,0.40861890185245997,4228,301,8.364610444079684,12.53841817894833,0.7980191120661617,0.803393086134562,0.291364445429737,0.3555476687344975,1,1
16003,15349,22,1742,0.5652580086532908,6700,356,4.535534052273256,24.423634310669485,0.5400387172831971,0.35526614435005555,0.22883347916723853,0.279963032077736,1,1
11278,28708,23,1777,0.8446774658302436,6567,184,10.081693603382591,4.346611747055203,0.3373340220786242,0.4189406089338128,0.4687856112188925,0.4526694397686465,1,1
15296,12894,17,1070,0.8084283715115765,5151,105,9.684023596182477,19.06242961068431,0.9779033744810768,0.9792477713739165,0.1184294428012688,0.10734008333714345,1,1
11074,23004,16,605,0.7409936785843384,3200,119,5.011418228365845,17.716770501157953,0.2784397132706956,0.3744020344372126,0.7205269204859807,0.853020377094754,1,1
21261,6190,20,301,0.8956001560828664,3647,217,12.601227946315609,8.524773117983356,0.9486623371232704,0.5308352066327181,0.747882250391772,0.3282172501782148,1,1
19173,18345,21,570,0.530523279708337,2705,22,3.443539876169307,41.457357727920794,0.15622413368473176,0.7010376606119273,0.5284877518362258,0.5433527752621344,1,1
16312,11789,20,3514,0.916434401939178,4680,31,2.5179089426502346,19.136813254341014,0.38922213152234353,0.46798759437154913,0.24252375168298662,0.6300255916751741,1,1
9637,3391,19,1163,0.6055130685882746,821,289,7.850931982929371,47.15024843714308,0.13849558414730223,0.49851461527229374,0.5008046960211312,0.7724280264296849,1,1
21652,20459,13,3039,0.6065717236906409,2856,153,8.26210883344763,43.28627360477539,0.0022404730736960143,0.5758991913996814,0.48121877322251816,0.312675196237713,1,1
13103,5650,17,3214,0.6094250327203338,6149,289,6.775720007687021,10.156102879786497,0.2602585403964749,0.5225147317266903,0.3130007853034692,0.709574412294127,1,1
25028,16600,2,406,0.4127803943942281,4879,141,5.756119520041132,24.740742099883107,0.08721040091895471,0.8641479858688046,0.22979779789864763,0.20001174888581788,1,1
10032,17317,17,3468,0.9743139189318757,3613,193,7.0898096926572505,29.284794503227985,0.9863455230903472,0.670175662971267,0.1347623618497864,0.6985998927055505,1,1
10761,21768,3,2899,0.43864433780810186,2417,194,4.195696970209699,39.491143638350195,0.7616533179518026,0.5283168944496707,0.17390707202052047,0.8814012026739229,1,1
23195,20193,16,2535,0.5681668636602781,4456,203,8.156965740692478,42.62520923361556,0.0037047963220088187,0.5503814614366069,0.5224239388388486,0.17227232810024157,1,1
26452,18563,8,3099,0.5543522050091245,6777,106,16.42595566303782,30.328846994308023,0.22364658482359212,0.37551357413634007,0.7087154648526328,0.19919738069296256,1,1
24625,27431,2,1811,0.39779483700269413,5209,95,5.203043539945831,2.651307547684123,0.670124241283717,0.38161092875576036,0.30796484394836465,0.5736433749410919,1,1
10668,24885,6,318,0.4474464832716011,3196,228,12.793443221780782,23.61999312735208,0.3985521131647545,0.8094608424696859,0.0975195876014655,0.13944035899153784,1,1
22638,9895,11,1158,0.3787093351586469,6023,9,3.839444421564349,42.58576620075762,0.8318425630442273,0.422262935725513,0.010245041320999527,0.25928193289560664,0,1
23954,20543,23,1716,0.5371388758787286,2016,357,7.339459296168807,34.562211319580214,0.5048607783757316,0.6545099357963404,0.32472452404990837,0.2616633159269517,1,1
25186,26958,22,3332,0.9046604313785002,3793,19,6.7993838789967285,41.896671246244516,0.6536514197324291,0.8891140114277098,0.18605356094912706,0.5090603433216072,1,1
29443,4531,5,1726,0.567243011671926,4824,9,16.960985007737406,32.681750116967244,0.5970373975944806,0.5858102436654087,0.2580444536070724,0.31121397491389713,0,0
20356,8481,15,2831,0.4291627725231227,6425,234,8.561703920729848,3.0696454613037147,0.6381689006236343,0.5712814252868518,0.19333589960463649,0.504194427234158,1,1
8195,26932,14,4338,0.7632440757657075,3545,341,12.892688072392835,46.4963128417107,0.2300988538271801,0.908750896503662,0.5313181056598094,0.5429994200375089,1,1
10187,24360,2,4413,0.9878245837151427,5925,118,11.440636348026933,44.1468714067749,0.3732894392061916,0.9035042538557905,0.510811440675834,0.7210477294064112,1,1
19707,25079,17,2531,0.49868722530043363,6528,8,3.8269962421985633,6.949238375893294,0.05062925286449138,0.9132875529345815,0.729843619608651,0.9040933655297166,1,1
10330,13874,24,2752,0.5289254434371644,618,188,17.002417442005203,6.296484841656194,0.5876365146882088,0.7160249344843257,0.559795931875739,0.5281851339113448,1,1
29225,27829,10,3146,0.9719821147397046,2871,217,7.206843315620093,26.336689522419945,0.4592584620757756,0.9594747350868866,0.1319531044758695,0.4017545436684157,1,1
11606,22932,23,3502,0.46441682403231177,5516,251,2.2385128704302204,36.58138922417351,0.7607161490190723,0.8741369266031215,0.6012755434464367,0.3198979010932594,1,1
8060,9163,17,2116,0.6771770031738649,6802,38,6.457321162929096,18.962140961097923,0.20638246462164211,0.616006033249516,0.14501429004195146,0.6394586297785094,1,1
22387,26055,20,2080,0.5033773651303007,6882,300,7.037956477058381,7.409961686532377,0.4368121160678018,0.7529152908416246,0.446880708755008,0.9014795447966205,1,1
11927,8264,16,4403,0.946705214656796,4915,200,3.030297901748999,24.996136642723663,0.18074543305738622,0.4279450129653182,0.06166256758831432,0.7499566750077009,1,1
14296,20615,15,1004,0.9781734493288282,4418,131,11.729627205269056,16.865608402291706,0.6139792252484421,0.7028525990085449,0.03786004557411893,0.27518723710512116,1,1
21622,18890,21,1641,0.8714066215168098,3760,146,7.221609391435499,17.533281910912258,0.848030256511452,0.518415413474732,0.37138399409935685,0.8593085110401636,1,1
22125,21807,11,3762,0.5514616421201988,6952,140,11.88072100446102,31.314320231497963,0.765443248448985,0.531470224967276,0.08398684915400274,0.725186311871604,1,1
10591,14767,22,3890,0.6082319841795232,6892,132,1.6112192992196082,42.62358066378668,0.9441979726308872,0.4304596690738719,0.24533328390566506,0.20875313205090446,1,1
20127,11071,13,1459,0.5050756375465096,3085,327,17.703798583347417,27.25381135021528,0.971725781863591,0.579247503087313,0.27106670265068483,0.705882053242118,1,1
23748,23645,2,4022,0.9200850988857545,5296,178,4.313519915987246,33.31731800899288,0.7720338675819907,0.6580898113914608,0.6155415352377078,0.34595213879529263,1,1
14121,18540,22,3738,0.9353172977204212,2941,222,12.37896128063145,32.01750860149835,0.28680608538025865,0.7342268423595923,0.2661440841437573,0.5176871587305932,1,1
9200,5908,18,3860,0.6180772238374701,3199,118,13.310441004112006,26.90387105017571,0.21926137721531824,0.5451163752123581,0.39544014793746546,0.355196616977706,1,1
23721,7712,10,3382,0.7701811647379212,1517,354,4.331537770833355,15.605632842407115,0.4475490345489437,0.8570388699584585,0.6180687440004002,0.17145035224987532,1,1
27238,26139,24,2015,0.45595403505580406,5001,16,3.3432526546899064,18.756326690781222,0.9938836945771207,0.6834143754263795,0.1639186454799056,0.7532960469808554,1,1
19087,15190,20,2543,0.6283589762325817,3547,248,4.017523665439343,15.838078529049561,0.41266802081715537,0.7583533497316677,0.6439179137903741,0.8043811949019054,1,1
14972,23267,19,2060,0.7541594282710384,5800,56,5.572501221441585,44.122410534656574,0.19906841057226876,0.528011909746261,0.6654358375695731,0.2971821511566125,1,1
8136,22899,8,4307,0.5966579958515326,2568,190,4.275829946882995,39.85107751399083,0.944342877783241,0.8710469625678494,0.7910774361353474,0.3036924002315994,1,1
25413,22787,10,2096,0.5788636964393343,6294,237,12.620990544775347,28.229326524007373,0.38591797759602275,0.7495356483621998,0.3552381430914448,0.46546406897734394,1,1
23346,23982,23,2975,0.35063935505084326,6202,6,8.443747861480109,43.87544313578743,0.6908988872276309,0.9019031996474605,0.29651946292834896,0.7897489212378737,1,1
26978,24392,22,3536,0.864747816817353,4165,5,10.37356130950349,42.661208577954966,0.7881529786145868,0.45236901052050843,0.5616042164601688,0.16567786123974138,1,1
8661,25606,13,343,0.9191760716937268,4750,243,2.281057015351111,44.60163678833625,0.8431559020595341,0.5936244908358391,0.046520893816626434,0.7874046503018662,1,1
10472,13150,8,788,0.9704566589093325,6447,59,15.710607891161935,11.423371309810047,0.8212803871227904,0.4223303577966462,0.031801209223884276,0.8843145168122374,1,1
8086,23393,15,3448,0.8103336864442979,5462,224,4.314430627902172,34.72264277490305,0.8362468629999801,0.4879374789788112,0.2679926907725655,0.5772785426214212,1,1
18704,22119,16,1256,0.7012270799167262,5154,108,7.442513469008955,29.633551496404586,0.6676534275778808,0.6025104028703168,0.5836120705412824,0.15133275928298556,1,1
14219,7491,16,2414,0.5223420926775739,693,359,2.6863770571581553,35.490039978226534,0.40383106927245993,0.9225324209019995,0.09316355494248292,0.3291198458778332,1,1
24322,16919,7,1415,0.989551664616639,2946,328,3.7570867216974393,13.378830104159498,0.6672868540638371,0.7065060282060185,0.5084374785699487,0.19467850298956588,1,1
22749,17168,22,2081,0.7274418269005476,6923,342,12.485690264598414,33.65602635759999,0.8367343340599133,0.5614421316571253,0.21560421223971407,0.3203910351370093,1,1
14968,11593,15,3126,0.7859386062914856,5629,310,12.927685537218867,20.26194021695619,0.35064246462442106,0.8280154642429391,0.5213397381484003,0.7900147080682886,1,1
27157,20358,3,950,0.7867399436514033,1899,281,12.66993049631831,40.202314426396114,0.2965079902920401,0.3625969319643529,0.36558089911146024,0.14731762084374148,1,1
21596,19607,9,2176,0.8909611492845961,3019,14,10.610256999459363,38.38218908260333,0.3437072171051635,0.5868590151953075,0.09212134023576085,0.3412500896241927,1,1
9700,7613,14,640,0.3561904248620283,6795,345,17.21660745619646,10.933807710369106,0.5512833960293684,0.7345322858197622,0.1978262518103783,0.5394081482316677,1,1
10700,26161,24,3250,0.49095804187607794,4427,108,9.868423152681512,9.641197990955241,0.052443874813944524,0.7232718744718093,0.17577100311446037,0.8429348300130615,1,1
19821,27811,7,3675,0.775941760108809,4187,349,8.915298483391368,34.733390900388706,0.77897081901684,0.7388370447631962,0.13166767416717606,0.3124848410294281,1,1
26031,23595,6,2745,0.9228932715677234,6627,202,5.584501834332867,26.872320052223543,0.13885195845020193,0.4853604894812582,0.3746763587238216,0.7615780830563508,1,1
29548,14426,6,3050,0.788616820429668,5397,18,3.131017232899108,27.1886778020563,0.13283865678409879,0.5657306579158264,0.7637324314535966,0.5960337135280568,1,1
13520,19609,2,2444,0.6146344265559553,1052,172,10.544556344441949,36.36822020258966,0.19765913935610502,0.9462018893533611,0.5264710402327898,0.6749140047727401,1,1
19510,11183,10,1654,0.5813955173569674,6043,342,6.695688080431664,41.18362727202413,0.5769274349724983,0.9733443400234864,0.6688016251984865,0.8325033504384871,1,1
11687,23661,7,3576,0.8222867253013251,6142,34,10.1464188226435,12.231303328609687,0.285568375803956,0.5497045448524126,0.7848641512251789,0.1224533056492919,1,1
24980,20725,21,748,0.8243921261678038,1229,18,4.900964791297915,27.11035869915586,0.36809032898655225,0.7624823701816028,0.43249813055485425,0.5502734576629656,1,1
28929,23420,8,4472,0.7385171152036418,3060,242,15.329849091430537,39.960871346127625,0.9316491109781279,0.5044299386476198,0.19045606054910014,0.7351320759759735,1,1
16837,11401,10,1097,0.5365388954222957,4497,66,17.99500395937464,42.02132604616512,0.8472021799769852,0.5858583468631773,0.7422488056348693,0.8519125977692322,1,1
22955,6727,6,3796,0.9420990837699479,5608,114,6.8196579169907166,14.50824125191028,0.8521905331047824,0.8570942059622169,0.5591871912574065,0.21279006004461187,1,1
19281,16703,15,2482,0.703203162955929,4766,313,15.39840551979544,5.895231260083089,0.5776418333259878,0.670754387204106,0.7671530084376135,0.39023389206208847,1,1
21917,23312,6,3626,0.8559151079989316,5445,164,15.904271250474721,11.942692932255657,0.8664661472904807,0.8937375742985855,0.520825569324419,0.16677242294088612,1,1
12757,22187,9,945,0.48715728778357226,1293,336,17.935217514491814,45.43847715868278,0.7785658253405535,0.7523937572217965,0.6201160080234174,0.8096939712375504,1,1
21045,28685,8,1019,0.5701861047134258,6184,59,7.15488214133666,22.73654648445507,0.9532368029110623,0.7525095584935351,0.7125089558231028,0.8287613956466969,1,1
28768,25942,14,1822,0.9097308904878991,624,253,13.974682996282745,20.672968156133166,0.06436840502191554,0.371683218014608,0.6073994492160653,0.5110475176442637,1,1
16912,13218,14,1369,0.38206849916157976,674,260,5.275348560092759,1.6149643905078777,0.028727133653932868,0.8297890299148221,0.45011661761017774,0.1176759993415149,1,1
12733,3393,9,3375,0.6778817992042637,3051,26,11.809134021320364,3.397690097303504,0.1750299407238911,0.9758345778883182,0.377536745809178,0.1868684268687833,0,0
15081,26223,12,4107,0.6582915071001658,4348,107,13.129902396301821,32.42870868531202,0.9290848205079756,0.6527382785621663,0.6587018679302763,0.6307044015549738,1,1
16690,18992,19,3661,0.8307873209011726,6396,305,13.728491426829091,28.721872230074833,0.605565105954246,0.4514912095738702,0.6175886502565509,0.9352263080005121,1,1
29113,12035,20,2456,0.5304120131835728,3956,268,4.918340781643617,28.049830029283978,0.4261125176952809,0.9752657096835451,0.2931446591448132,0.8130344656534536,1,1
9673,12716,7,2613,0.4902027659901437,3258,240,15.503971913187215,6.185175173150163,0.5127110614761518,0.5356805598834344,0.39866557387372303,0.7782338836309552,1,1
22318,11795,23,3805,0.9427250168148695,4339,325,8.44603569647694,17.546874969571615,0.82960458822767,0.6118866916717891,0.5079926047085539,0.45527439881829446,1,1
19171,3581,3,4439,0.7158941772534175,4255,237,5.070097042620159,39.18083251608695,0.9291099958039241,0.39951450502498026,0.022696175241717943,0.9374304143245145,1,1
21545,17330,14,932,0.41700132370153886,4142,172,10.451762958136376,9.220827524081951,0.7296988343109099,0.42093559404314784,0.19805495994531708,0.8012269232321079,1,1
19803,13131,24,2499,0.47354314381716545,4701,237,15.745392638514545,42.48630079617451,0.7598478329372963,0.48860202915802003,0.20017151605708472,0.3853048983294356,1,1
10294,3132,12,3363,0.9892486780891189,2470,9,17.456950511338878,6.709480116398449,0.32037804416383797,0.7010182816577286,0.7065852475850498,0.7362173745380685,1,1
11630,22222,2,3210,0.47518975760140314,2160,49,13.845429058509927,8.950018515827443,0.4670351952745392,0.7069850891932211,0.2651902027970331,0.46764448152307514,1,1
23093,17984,3,922,0.7407043272663544,3075,50,1.59277762347748,23.45424817422524,0.8852101934711659,0.7379960466194444,0.4361147102383309,0.6613873196494575,1,1
24530,6385,18,660,0.6188819705571955,537,168,3.7225625476882764,45.42909550908126,0.7859341100725775,0.7236428524848616,0.6652691736033826,0.9245457782546768,1,1
22453,6770,9,2667,0.9167834207038946,4990,173,2.7585207762412844,16.48874087283491,0.6842709184613477,0.6669516691733852,0.20775505003466874,0.30948382197710944,1,1
20174,5268,3,509,0.8333078990690097,5516,339,3.1700267593990983,31.936245697228298,0.06524683588812041,0.8633431389453498,0.09900566197349132,0.7757518623395087,1,1
11453,3975,7,3767,0.7320488936075621,3024,168,7.82007677432629,28.667549031486583,0.039507219453954856,0.9476958063192784,0.7586878452067578,0.6018181730030752,1,1
12507,10605,23,1230,0.35687294835070876,6086,260,7.085139694672359,8.032263915526203,0.13041094311399504,0.5226472532987068,0.5637463488273303,0.9074752762571521,1,1
18602,10213,6,4243,0.9130689327958141,5317,70,3.375802190927116,12.663844365525675,0.5813910991978334,0.43332395667611834,0.14164301254411304,0.21429381346085102,1,1
13628,14455,17,1177,0.6345871813367784,4076,264,16.05688330163511,44.717180314259636,0.5363868473411499,0.6220558680998132,0.6557692432101279,0.7117530740184173,1,1
16328,5835,9,2799,0.946209697931889,6626,92,11.654555009483945,9.686992311695677,0.9426908265470538,0.36691032006014457,0.6297012906684682,0.13158017837939834,1,1
23534,5738,20,2823,0.6671449682266888,6958,244,14.641644597781406,33.66546481849032,0.6947596400433964,0.915324079175473,0.6700328779803887,0.3095704585221314,1,1
27744,12549,17,691,0.7943036730769444,1808,315,7.63056491611461,46.34064068221431,0.293972617345426,0.5034120065576474,0.22097006132338343,0.3727263505562003,1,1
27389,7134,14,4202,0.39434729565865095,4035,63,8.26889426874487,6.61678163350707,0.1614962938156973,0.7015498430389088,0.3588637387111768,0.4674173964182283,0,0
11552,28892,21,2621,0.8268970582571429,6625,174,6.740749973856012,19.76155353880378,0.849533239328382,0.4236607935337444,0.5549389945824909,0.9205049805560764,1,1
24402,9833,8,4281,0.5663174600396307,6299,262,8.734039099625104,11.52481078880865,0.4596241036890242,0.7040846971157019,0.312534059383524,0.15746119147006907,1,1
10242,11353,17,438,0.5748697691723397,6229,50,11.571224828858385,11.413391318013515,0.6534694974088487,0.3749558098571932,0.055977737773012674,0.24363543470025642,1,1
22665,18690,24,402,0.4259397406140095,6048,6,9.634236129363984,6.592334667984998,0.5651436065908029,0.8420362851769975,0.10915980319634883,0.27259014225762834,1,1
13097,4909,17,783,0.44398857512972945,4960,133,15.32563060210943,31.528905647598894,0.10745634613663502,0.9614697360921054,0.4776908040779443,0.46039719696823755,1,1
16640,28703,13,4373,0.46888579597197444,2728,273,16.3522962820621,36.07814496580345,0.05705838368182703,0.546464681563901,0.30013455967889735,0.15159488877249677,1,1
9948,17496,15,2148,0.5600519478857103,5329,330,9.249783580565387,32.80931377108364,0.37701818971641354,0.5152573506907473,0.004304105447766204,0.9206066145633085,1,1
13618,15062,19,2184,0.9208607441763875,3423,282,5.4558416757527155,44.458853508100184,0.36155029754571766,0.6367167818155777,0.6134836215808784,0.5758739375014886,1,1
12236,12850,19,3505,0.5856865524672514,3541,21,17.095674921078597,7.846904009748545,0.6737981129689063,0.7467831425602405,0.3333629942361288,0.7912938674841857,1,1
9920,4963,17,2461,0.8135921322004598,3208,191,13.628137610340225,16.032732549095293,0.6322004091011617,0.4709359756747571,0.25101542835674595,0.7566236659794114,1,1
19169,8153,21,1764,0.4029584024895177,4839,346,12.062096919889019,17.19492205601543,0.9689409284639944,0.8641171182482416,0.5708153432408796,0.6617013656182819,1,1
12188,13481,17,943,0.7283032315340753,4908,330,13.799326604795603,11.907858880804518,0.8580995027715717,0.4770622805442629,0.36408705518912277,0.8687480058363686,1,1
20207,3966,14,3736,0.6584103880130813,4671,120,2.7536994095492275,7.683632375377431,0.49658252577528783,0.3535035007895731,0.5558648875137497,0.8670261553340476,1,1
8238,3889,10,910,0.9758930860508829,4452,263,2.6158344060215963,23.875063368534395,0.5000253525626955,0.6855203734947677,0.010558465904978043,0.2086060552150948,1,1
8204,22445,10,1843,0.8915729727225363,2809,253,4.026490767586292,40.21866251822914,0.6741292291126944,0.4236958151461835,0.007536091267859569,0.8666390542555984,1,1
18799,9461,14,3839,0.6410910543607358,730,202,3.932940962768785,45.863367103355955,0.11409058277327555,0.796872784247721,0.44792154432830245,0.545307380075472,1,1
13552,9166,5,1766,0.8460913689890168,3250,341,8.441062835015174,7.07900971426939,0.9998905646313925,0.45718079735584327,0.7857696273828062,0.3278592564596135,1,1
12927,26351,10,1216,0.47354479442801756,3193,231,4.097167357708509,39.68838971941859,0.518808101243624,0.8731234531328226,0.2178857903346656,0.6172253968279731,1,1
19164,19006,16,1481,0.709895249530738,6007,181,15.599673130398843,39.75531277936792,0.9099048739089699,0.6510356050406387,0.5463148457333402,0.3387680599230776,1,1
12390,14381,15,2446,0.39775619556397324,3304,247,11.038599360312427,19.281971712970645,0.9673563346522079,0.7124178589546639,0.1378060343221459,0.5071566832545652,1,1
27071,19344,20,2572,0.5727769806410772,5944,39,7.576321289779148,6.171392334836344,0.5816427399022654,0.4694145057937355,0.24923890540866706,0.7939721713569677,1,1
29335,13940,13,1151,0.494551796238189,1341,139,2.648771880716907,47.53037631757421,0.10334864752477535,0.44388036961949623,0.0624599123801664,0.12736827955350957,1,1
23641,14258,22,1019,0.8101022818081349,6075,310,11.251958633325565,31.812872434854476,0.5733458084199712,0.7540271785729357,0.7046345279654758,0.25562564283105904,1,1
14160,27485,7,2314,0.6636580423771913,4083,14,3.4227915397700843,47.16319766695428,0.5976424371659868,0.5134947938186785,0.24834992124253052,0.9130952738544319,1,1
29772,26763,4,3772,0.8306851064627268,5111,187,13.763134131643003,23.731809237178947,0.789193136773331,0.596992363723365,0.18437315792239206,0.4783336174148659,1,1
23810,10280,23,3942,0.6797890800841251,2989,206,14.745508596273055,19.57407099702625,0.04822926699490615,0.656847458519671,0.5844833427519204,0.3578256078041343,1,1
13126,4067,21,4170,0.40535004297704863,6168,23,10.47560825633738,12.617717370611329,0.4663153671950939,0.49696550757180136,0.15955212448839423,0.8847876101000163,0,0
8816,23607,17,363,0.8206352958288171,6905,27,3.9684471758241484,47.22788408328492,0.9227702583368131,0.8590712387582102,0.19222028839870645,0.8745318242974476,1,1
21414,14115,21,859,0.8832667289521956,5414,99,14.483234941717681,12.903091664726862,0.9912990786786534,0.9512316217016995,0.08289300292857167,0.1376060885331494,1,1
8192,12018,24,2033,0.9282599845841872,4034,68,6.579158522779011,2.1168495422483664,0.19138267875923765,0.6264116237185458,0.7702975273559015,0.40810631394500674,1,1
26160,18753,18,969,0.7160748449962933,1107,224,5.173776855432087,25.086015438658457,0.8705989927350352,0.9372309660728088,0.19811019961734316,0.8758984023058806,1,1
11645,17178,17,4194,0.8322946297596768,5118,100,9.264184576804018,18.721373173393026,0.1462505616306441,0.9149170030991095,0.7965306422419061,0.25280617395229166,1,1
20816,18187,7,1842,0.8313083756048814,6397,357,16.723662982818144,13.284977661175432,0.8411744345678971,0.4562702263808805,0.14091955277478316,0.5914814830946481,1,1
14314,7607,9,1571,0.44967984627132435,5808,269,6.40665931922964,30.82658147461515,0.27727772746766355,0.4609644453266645,0.016521479982536037,0.3726613116196307,1,1
26172,6985,20,2715,0.45510123997412527,5632,161,16.442045266048233,18.120624900197647,0.9596252660491424,0.6555392393410455,0.7165548907554267,0.7260806190015963,1,1
15374,13284,3,3091,0.3953667237178407,4460,211,2.38527959420716,19.905791750893023,0.6954967509006371,0.6865485947084503,0.4640138014720925,0.2345231034222334,1,1
11700,22563,15,3354,0.5547447264897929,4757,278,2.8781411327961224,2.0831433830200825,0.3991106013897595,0.5683230244175306,0.281127999987303,0.6066452032726662,1,1
18655,17554,23,2758,0.6530454961542813,6112,342,13.026256914731576,28.686333641993706,0.28097332990816626,0.550269427096715,0.410671729965641,0.10000716737960867,1,1
23129,7538,13,3365,0.9886546257626988,6648,250,4.644778913894896,6.73733840281101,0.23523752747444537,0.6260750654729892,0.20858156392594288,0.3146791921834129,1,1
17359,21746,18,1463,0.6258357389236284,2531,203,6.724241272744319,11.048828368084823,0.6807923269995851,0.7919067400954886,0.5078070802252995,0.23784042978409875,1,1
11893,21608,16,3049,0.8147952566447174,701,289,3.750154186179554,34.704537568793995,0.8957910025768816,0.40401192512760387,0.4931748466740531,0.2783561051847223,1,1
14811,9371,19,2248,0.7937740968144221,5631,87,6.982096440687048,15.722408130643817,0.7549419696143437,0.8047724822478979,0.06415383123175147,0.8313623484601952,1,1
17288,4726,17,359,0.4808684481603709,5543,321,6.1275898992256455,8.670879279603906,0.8347915380165423,0.9427937674445662,0.7285504804808615,0.8775770976468765,1,1
27063,8791,14,3402,0.3874445769276393,6016,137,13.64957104331823,28.138934911936598,0.7813837676345372,0.838644293658259,0.3684202737800868,0.7417768370575781,1,1
28288,27457,22,632,0.699444320981496,1864,109,13.083385905119224,11.10051126208321,0.9791476664980193,0.4726731880615418,0.15612330566577903,0.6015905503730918,1,1
8504,11458,18,4471,0.7981955790812647,1251,241,17.25629841106803,13.735976056059137,0.7578049268263248,0.4059879608173708,0.24590708754881252,0.2962280384835961,1,1
17813,26397,9,489,0.9888811457192038,5545,73,13.452957805355174,30.202947568960067,0.2102285184702738,0.6638434617533049,0.6929774038700852,0.33351317166150385,1,1
22671,20221,2,3860,0.5795110734599492,5844,188,12.964492924852852,35.773503724104,0.7915984654745148,0.9620998970745517,0.3065481375856809,0.3634063071393878,1,1
18738,18738,4,595,0.9236733197319019,1705,122,12.954364169533754,35.764005204192124,0.3220693609848009,0.8741979439288453,0.44956893695650274,0.7604546414215599,1,1
19186,23968,17,2848,0.5944367717562793,1820,184,16.068963018194907,23.66544035792903,0.9957998626628581,0.7101495289683155,0.7581517879063611,0.3149516616611949,1,1
14773,20070,3,476,0.7912234933955282,4387,275,6.387906092446577,22.351954817443467,0.37667262010014657,0.4415081109872594,0.5213731500655732,0.9273810115647666,1,1
11816,19740,16,1099,0.7328818755309132,1830,94,6.45151980169777,38.0193236588691,0.2927937558472299,0.8068555405514211,0.5405733951404816,0.7769939930683645,1,1
8717,12063,2,1105,0.383906427713662,930,92,13.730027860131457,10.072632080288303,0.23921598550891154,0.8703188727088415,0.19885506972966027,0.9497600645467678,1,1
19676,13165,10,2042,0.40016859326096543,2665,87,5.273634762977102,8.153515033837584,0.6585146520583698,0.9484442473125396,0.5346361480223878,0.4903017788876236,1,1
12434,17539,17,514,0.363289017423655,5183,24,16.5483300684415,32.24066810338696,0.1092210883875312,0.7417543898623458,0.315042195354001,0.6009289572468683,1,1
25042,18572,5,2179,0.5873338141401533,3617,111,10.32389846393362,20.246825916295002,0.9535598817329719,0.6792581213730615,0.7288339876797392,0.33834131332739603,1,1
13057,7647,13,3000,0.8273126712102469,2774,333,6.452061313531724,34.3699276467985,0.29431267864313715,0.7462765078833147,0.1036310783284617,0.6131828989799544,1,1
28392,13002,2,896,0.4605634521540625,3865,352,14.30564883988471,13.06021050277209,0.29540061103847226,0.9536816029814685,0.22851227973090246,0.9278152425436275,1,1
12994,23802,2,2017,0.7377458997656933,1763,276,6.6532903929423854,16.268978410138047,0.04606609570705911,0.7520013351509018,0.05280058291376948,0.1258231828930487,1,1
12234,13833,8,1655,0.5348497792198899,2895,335,17.39409223168588,43.143849511713356,0.24601751787357418,0.5148587836119729,0.3047230793360008,0.34589547354747235,1,1
11764,13420,19,1592,0.8600752793466061,4736,102,17.71932196046225,20.817856760614642,0.4189793556762377,0.7571369010831016,0.11869813292512879,0.3391000443217491,1,1
19181,9642,24,2898,0.8609735353619142,4799,236,12.502137992442236,28.774813076858067,0.3696063902242208,0.9130365265929951,0.6761150035699288,0.9350143852884871,1,1
12637,22775,24,3737,0.846265289578511,4233,61,3.3749591808787827,6.014063123560546,0.2730199214362202,0.7128812983014507,0.7400345615913464,0.21275197931036793,1,1
10104,13542,16,441,0.6858934488328812,5599,153,5.8429460238993265,9.404971093059661,0.040743837839198216,0.6717272499262128,0.5355405158437726,0.7905061542155302,1,1
17447,7357,14,3516,0.532122694451105,2165,239,10.004379876564913,2.686723254664279,0.3005813736056424,0.8193563196816094,0.08266767998867142,0.33337076938529764,1,1
18674,24263,17,3139,0.8680441880823261,1360,141,15.548882926616697,20.94542815279833,0.77833093826312,0.7730327648926798,0.2733047052979362,0.8315125328964046,1,1
26991,24703,8,3813,0.4691043596411145,1344,271,4.550627199543472,47.479240211266124,0.43879228530947123,0.3862800633303609,0.7715935138783513,0.5145882661392641,1,1
16385,18599,17,3050,0.5354461452983399,3542,233,3.2226570737298834,42.0720381746189,0.2907753475987136,0.8141991301743556,0.10904097916760024,0.30592192237952065,1,1
19999,16201,14,2014,0.4677265319427978,3840,325,2.728878472619087,30.746719002203825,0.3047921341479578,0.6108316352550941,0.4451915060982372,0.703273063252049,1,1
11719,5739,15,1435,0.7814945026480945,6956,286,9.864964778940774,41.47153512200091,0.5544375764939008,0.9521748992196717,0.28234358079645006,0.8153436488939865,1,1
10581,16231,18,4021,0.7891910579941235,3989,206,16.097565998312646,28.925959748563884,0.30229267773907476,0.9713139125878665,0.7993300897222895,0.4996183278302627,1,1
26949,12510,13,2209,0.7676063953835219,2438,236,2.1989275036242235,18.33213737570447,0.6307973198661946,0.6371928435997121,0.22831125171344963,0.7068908843572029,1,1
10763,12727,21,2547,0.6159849387933873,636,23,5.003305310893321,9.15668085175242,0.9894545137251151,0.9700287018610705,0.03821781222675469,0.254345145336738,1,1
13991,24168,14,4402,0.41410944460891724,6247,20,12.938740761351779,31.69329086273054,0.04117639775380566,0.5489251295718376,0.561746251859734,0.896970353661436,1,1
18531,13635,21,1848,0.9331485340896135,6994,60,15.126746679871305,10.073409990365032,0.16873675569736868,0.7868924297292658,0.26139146419528797,0.1819820804239516,1,1
27790,12964,16,2939,0.6749478169678325,3732,118,14.822092233436297,20.61913560840283,0.17910754528902406,0.39803501511002726,0.5260651471636983,0.2886581026256547,1,1
19064,20261,22,3131,0.6104622047430985,6286,72,14.453622945785462,39.81268658129736,0.447070317932015,0.4427931830498862,0.08372158945161168,0.3451058011653728,1,1
19312,22254,5,1306,0.7268479316789076,2720,82,3.6416967134201097,7.073777220401239,0.04141871205337444,0.9032965775218038,0.41845056074420095,0.2298400502304792,1,1
12780,14392,23,3521,0.4733858789242277,1653,34,8.054420106018156,7.064006695669369,0.4775215777425167,0.9220217851500566,0.3001852387221182,0.44567828234931306,1,1
12177,15336,3,3362,0.4348312186271196,4674,11,17.74828693672382,11.546913532805075,0.9289247580766565,0.6908711628606365,0.4294137071829045,0.48907562371338775,1,1
23169,14939,19,3352,0.6095361417330838,1478,156,17.816644931203456,26.940113434748053,0.01156408869270198,0.5674549932460258,0.6827779183529094,0.5408008689138902,1,1
14476,19676,3,2619,0.49542124422394274,1068,26,11.4400519672441,12.831003478215912,0.364938867185181,0.6386553163289284,0.7781978303690203,0.13467961542226936,1,1
26988,12843,16,3839,0.5063457885037853,3410,34,13.202908877898714,24.650303050985034,0.7608937721109648,0.9065596730525798,0.6025057192944026,0.28624015948077236,1,1
10382,15823,20,2666,0.9212073521782588,6700,171,17.1961826387076,15.193182719805296,0.15449450033381507,0.48503579047738743,0.6134866521763184,0.7865987635302176,1,1
24915,28112,16,826,0.689685873398928,2910,152,8.923809710479972,24.79338363069506,0.07755900252654213,0.5387169480330216,0.42314887179151395,0.7890139563843163,1,1
20508,5686,21,3107,0.6594202011669448,3906,53,3.758303155082589,14.04867810308132,0.6307785372626386,0.8526834779217713,0.07791995508662097,0.3805057389911948,1,1
8634,3233,11,1495,0.7912669399863023,633,329,12.53765644601529,47.06058165360257,0.009950909049507684,0.9485724453865061,0.5336476370573823,0.49199820722165244,1,1
19996,17429,21,2053,0.9589907927531134,2561,302,17.341688030858638,24.157741353672485,0.8017704911697158,0.40947349760992274,0.11822389742597768,0.25593498857017216,1,1
22162,21758,12,1972,0.421807081261161,4878,266,13.003900548793858,35.95124140308728,0.06685275356609877,0.8644142728654692,0.1965288452629843,0.7988189068585871,1,1
24386,5272,11,2328,0.8834621229499247,3353,185,14.754798595891671,33.92568826821564,0.5243542594203608,0.7628437164363676,0.5660660104561532,0.9131811633986235,1,1
22005,20350,24,1954,0.7237722751154214,4230,294,8.475355265515148,24.056290616274975,0.7401277102277272,0.4976937884569913,0.5255940752944775,0.3476499312180298,1,1
16397,20273,6,4341,0.44354582643957585,3992,126,3.091642043390043,12.226516898392486,0.24201098874647742,0.8337230058654514,0.2514607532718248,0.7646472380820326,1,1
20327,23247,10,1147,0.5401755639609547,626,128,4.286554428103599,25.00375906190465,0.10354016192273752,0.8158662815995699,0.617635388778857,0.3995307657956043,1,1
22394,25538,21,1167,0.6587113065374333,6622,270,17.71380468568537,33.00566631486042,0.17562276641855612,0.4408990793916233,0.751452627553804,0.10223883333828937,1,1
10890,6400,20,1073,0.7923533725295506,2295,32,9.637541230405745,22.616205716470954,0.8546835719350084,0.6714406767432888,0.4362076969155201,0.6097685676023724,1,1
18858,18371,14,842,0.5052684908502094,2349,263,1.698339737924623,4.8504800460488555,0.7057802916520239,0.8353062930244262,0.5421493272136719,0.4488388553978686,1,1
16026,27610,19,1085,0.6923224418992575,4813,81,17.26356013206437,1.845211789229946,0.19809804921509777,0.472588241157,0.21742366757621465,0.7446697725208858,1,1
11306,7542,18,3605,0.7881898415461515,4476,198,9.713368547522375,16.41020999798841,0.7161207971309945,0.6461702543303489,0.7766456357141553,0.7364494681170846,1,1
8897,6523,7,3183,0.6371940805424039,5340,39,15.298428571815322,8.06052452638566,0.7086181702086868,0.4272743198049993,0.21896392942863116,0.904126557504125,1,1
17277,21147,11,748,0.9023366151169125,3227,118,10.549559343608742,43.59094155852179,0.9977250981059604,0.5463743513861719,0.7099272193990546,0.4721461575729461,1,1
17471,6291,3,3610,0.9064538258178588,4226,66,3.178087680633558,9.26413549399147,0.39155602352591246,0.4894847365769819,0.7422952894389754,0.5101351180181015,1,1
22896,5488,7,2205,0.6512423792898853,4060,56,11.65689810517712,19.531287558543607,0.8648534941427709,0.6732455211039077,0.5757028756831488,0.44034451127290086,1,1
23240,13892,22,3551,0.9726724546616957,759,120,17.957104559273553,34.467643067359624,0.446442685972815,0.44037781428528155,0.6492699421765971,0.35239804546931186,1,1
22683,4558,14,684,0.39837445913948627,1741,51,2.0731734136580604,39.32481802075487,0.8977602236169668,0.5952164834512083,0.36628544623212833,0.6421658826734762,1,1
8670,7690,19,594,0.3521519221266794,2343,105,15.389604258998226,23.452518199372154,0.0916004990989493,0.526104259190822,0.7356374315600432,0.8038312485181697,1,1
25889,9121,8,1538,0.5936276888345082,6277,283,5.385433128237622,9.51334545159443,0.17531263012524412,0.8274713050924651,0.5941169960313123,0.23413907336317855,1,1
19767,21660,3,3116,0.734702119278406,2012,111,7.998792674751063,13.732075508065094,0.8499543630666899,0.79778865480662,0.26139519322748267,0.9345634285960156,1,1
21006,15198,15,1398,0.7526881007677829,6062,39,7.649706944252773,20.691517039133917,0.819300324105395,0.41075553898599854,0.02795613412435234,0.6812362590896829,1,1
29551,7439,6,2037,0.6549252712280502,4694,292,16.330153705440473,18.1359456983024,0.3054337918569875,0.9602296882418677,0.43262658108550484,0.7630943637963279,1,1
23768,20487,19,2489,0.42992532047401355,4777,6,9.82402211572533,17.387619586973855,0.5967983181334544,0.8265970675712568,0.6725202597929003,0.9490263980121985,1,1
29639,10520,12,3065,0.4591184139442523,2716,243,8.878375732768053,7.197128682563221,0.38269972210203607,0.7442135652785717,0.6885344950978411,0.528426772092074,1,1
24633,28995,11,1522,0.8953747096652859,2780,276,14.99741429580681,43.92558185203464,0.01031734930352135,0.6557289566621982,0.6680949803868302,0.1605975680767613,1,1
9892,8409,12,3542,0.9054631243131273,1455,148,2.3069677160316377,2.3985605016326073,0.026104126567127017,0.4638703492898809,0.17179718833689483,0.7717479678980849,1,1
11439,12670,3,4199,0.7812950642308609,5712,96,2.9265291990711924,21.680100010160306,0.05425636548157642,0.965690225271548,0.3409187836799181,0.8401511234696997,1,1
10854,15106,16,710,0.7750995022584847,5067,225,1.8578661384587734,47.07511014764507,0.5940721543255787,0.3550293610895412,0.491060684145178,0.23803757759041885,1,1
19577,14934,8,3299,0.7325165619377968,6135,58,12.851717916124587,32.0070251247328,0.2792277353055279,0.7931879259071216,0.5340451936544266,0.12051680856615861,1,1
19763,10869,10,3245,0.47987256684927243,1608,232,10.17266626180649,17.704301195454914,0.14394829831489053,0.674764367704511,0.2676667373009484,0.21545012538768016,1,1
28176,5956,6,1177,0.624080448166338,5274,37,15.954365076826663,7.866586469298985,0.9411311084438876,0.9276524096157274,0.5541138590003689,0.37537145198513233,1,1
19618,27094,8,1086,0.7953725769365624,2042,218,9.725792899047994,46.302012465350764,0.12131866708121586,0.5936462587870566,0.4727176059740903,0.8856388817776458,1,1
29714,25401,21,2409,0.6938414540821367,880,140,5.160022950572904,1.657359008038037,0.6739817164248777,0.6819324281394885,0.4534204597649213,0.10209711475055672,1,1
16235,28958,3,2286,0.36189141379526346,1755,252,14.784931656222865,33.02521581881774,0.8941601828226586,0.8250972108245671,0.5304198589882217,0.7832282113678433,1,1
27996,13766,4,1178,0.9602763563008629,2798,57,6.356343594838277,42.36646115793038,0.16382966723844972,0.38044258772641426,0.48269434309294,0.8266265257797328,1,1
10618,22768,3,1907,0.8906822736461718,6962,68,16.93888140551145,2.1825430246533832,0.21472968222871514,0.3848641542560138,0.13349970772692954,0.7893944771450344,1,1
29062,13086,22,2703,0.5167488090302322,2740,318,5.631994149561968,35.08321861225355,0.5738135335759571,0.48547055925627436,0.699533061892224,0.16988220229714324,1,1
11163,13435,23,370,0.7445337185064296,2158,41,4.267390772359732,47.94537477897254,0.5084486863787977,0.44371173345870635,0.1924558027780134,0.6773114990273916,1,1
10942,19412,24,2610,0.9408732055860402,3484,216,9.63984585992635,31.06319602294742,0.5210274168862675,0.3541238197336914,0.5955910249859155,0.910818079974333,1,1
9925,28281,20,3595,0.4114470477527369,3148,16,2.333499446509015,20.48991054863974,0.5546780940180887,0.7487134861479748,0.14116533836676384,0.20230835324387847,1,1
10972,28596,5,1061,0.6719388677098883,4458,88,2.100793519963191,42.09683380974525,0.9499029159610443,0.8594002991718448,0.5287731302889818,0.1269295284833846,1,1
19705,13255,21,2421,0.6419955365416284,3871,98,9.684239996715057,27.04642458186353,0.05383804196694997,0.9625535848547783,0.7165470070393252,0.84261017693814,1,1
18640,12638,8,3882,0.6125312033814607,3929,346,5.0492635331139955,36.22371979912718,0.7604485206948192,0.6321762033100277,0.00776841229649925,0.6481902181427267,1,1
18966,10756,23,4497,0.8847767096914719,2080,211,1.6543185335204915,28.62561261546973,0.23250642240673336,0.5290212212746037,0.7837421332322315,0.6494701458794688,1,1
25374,26332,8,1929,0.5936135338863726,5360,42,6.384939038620108,2.7996813469336153,0.37367767017238207,0.9028975672182384,0.023740693327923792,0.9197667145881976,1,1
19138,14856,18,1385,0.39074453327424485,3432,352,9.376561338468766,11.017814445651336,0.08929112296506403,0.890413192217211,0.00909409671572341,0.7543007460508191,1,1
26196,18764,20,2757,0.3921361549851536,5586,207,8.005763574096981,4.701887977377231,0.4456267691535436,0.74989965499757,0.6860480786698386,0.4378281527896859,1,1
23935,25139,23,3566,0.3773565481757497,2086,274,3.735246191646981,6.0143248320114795,0.8042192522751215,0.5248153847308381,0.5669632024832554,0.47046494970529096,1,1
21145,6602,17,753,0.6118530699993838,2612,79,11.064634659227629,1.7240581986393826,0.09874033853295494,0.931451260739798,0.08464852634270122,0.2229890329794364,1,1
8489,8062,4,2921,0.8097800177269503,4137,132,13.220494353936012,20.794754013665187,0.275603598220299,0.46417685548273857,0.7499319252767517,0.35844238686389085,1,1
19748,14877,16,918,0.4803823756355299,6865,333,12.646396175694374,9.396626692445759,0.37306170867702504,0.37793376233195874,0.5375457929302749,0.47859315815940884,1,1
28029,27455,15,936,0.7637398530761916,5061,156,7.997071701173996,41.21773646321667,0.10389920308764233,0.8598357022255131,0.08883483483047394,0.32192261276150924,1,1
27275,10244,16,2648,0.7897366221463706,6715,14,3.7703364943233812,36.25176426441104,0.7623168099769335,0.7107417986780535,0.6884428767395654,0.8784919209225909,1,1
11516,9372,15,3336,0.5133293593699827,5483,42,9.741531762596924,27.939318756328312,0.7869470282174255,0.5077394029558561,0.38472388180784023,0.11003227257567845,1,1
27724,10105,8,2549,0.7343568998788027,3021,109,16.192123956461863,23.984003231468584,0.835894997779968,0.7793732238849361,0.22250695205350787,0.5989687762283127,1,1
14410,22965,4,3021,0.7883157376171823,4251,169,9.233927007530342,13.025826107070863,0.5838962048063182,0.8406985752401697,0.6600328401861424,0.7558669096808148,1,1
8053,22146,18,2649,0.6486327185933605,3202,36,4.728737320736196,23.322718896124318,0.5072388208543759,0.8905094088590679,0.5907571629527016,0.7222926470050911,1,1
26959,15229,11,2294,0.5654986222592608,518,216,3.0353795010465516,31.13777596562731,0.262552445471242,0.5305606502199239,0.4984350417152503,0.6471730152596757,1,1
24999,19956,16,3120,0.7462569930075695,3069,18,17.074789528631513,37.76475642906045,0.6551579672905478,0.36637596880124756,0.7188105217062106,0.44878517040782184,1,1
13944,10705,7,1371,0.9758221358899564,1283,234,13.759655246469096,4.83905711420089,0.4445634856555435,0.6764248448171857,0.6890238480545352,0.8807056477995366,1,1
15404,16894,18,2331,0.623178501996146,2206,136,6.663955049557959,34.29784037104085,0.9707764060773884,0.8978903028034518,0.18143332675591248,0.37960438727489776,1,1
8954,15280,18,1549,0.6007104616224774,914,156,6.373314702385378,35.90830420778041,0.9681794969744566,0.48300565584764044,0.7029489235051285,0.737614007341342,1,1
18625,3614,15,1595,0.6471308175527125,863,100,16.27110503092286,27.27169344346825,0.9052051318175627,0.6195203027958646,0.29923187165896464,0.8876533260286643,1,1
9629,7050,19,3856,0.3987797718048308,3075,14,4.429875874359244,11.073002198050458,0.36008913801433196,0.5141092704543287,0.3454194686410028,0.2091260794816021,1,1
18973,19709,6,627,0.7040244989896896,1603,20,10.328115279332984,26.34167561255523,0.3679724553540591,0.3585520969113022,0.7778659097028553,0.9050188908162351,1,1
14859,18722,9,1096,0.5603663278190487,5391,171,13.272820540458472,24.627129445319586,0.8526731640437157,0.925055421723742,0.6078994628366559,0.759627796059942,1,1
16841,23124,8,3161,0.427710158292008,5809,100,8.040440807433878,23.35837453017942,0.7291349317414662,0.4364340650937546,0.2571887634900204,0.6241029135850185,1,1
18539,18210,24,3093,0.6484043143151189,1671,22,2.158388651960961,22.650076026957652,0.7043609698180437,0.8407309540822444,0.5183407117332298,0.41738889978121796,1,1
20682,19742,5,3394,0.3521657514073455,2198,11,5.258020426372106,6.208801615701428,0.2796110110841158,0.5718260683466627,0.43145946901208937,0.8686256114027959,1,1
11278,6777,19,3277,0.6071425569041657,942,188,16.37983426779917,9.595946788296143,0.8333486115544758,0.5277164217002657,0.09328258963646477,0.13743649578182632,1,1
29839,8906,6,1262,0.4176705714729283,6908,249,10.131462952852647,5.57460815721309,0.5794205722629432,0.9522584873634359,0.7102018703919868,0.46705469712867864,1,1
28185,4721,17,1568,0.3655473301758594,4443,86,14.954780567051502,12.396457900395268,0.4468655742385731,0.7706076715140111,0.6575051869071915,0.743138812946479,0,1
26945,20733,15,672,0.8776640295964813,5245,135,10.668811456045185,13.38340878834163,0.8654221241080758,0.7896305036297444,0.6221682855095496,0.7894693760885927,1,1
14539,23080,20,2868,0.9363992341008862,5104,133,17.069434579253006,12.518565490173133,0.39420976378211403,0.8361778678104606,0.4473227100616102,0.2719367227311831,1,1
24754,6896,15,3993,0.48291177494982823,5061,293,16.500712246687947,10.913666204723361,0.6539258118677655,0.5681973350545051,0.17666995222513454,0.1404639542134989,1,1
8857,23644,10,1904,0.6951508888539272,2912,78,9.467652693171631,35.56483613778508,0.465905182004139,0.7107452676452948,0.7071168234556755,0.7824234819655611,1,1
12886,9941,7,395,0.5278932205638304,6018,63,6.751521419699765,39.47257378111154,0.5927378061710562,0.5229429401900068,0.28237251489518445,0.4586084275630047,1,1
20945,16464,18,4241,0.6658895607501966,3089,76,11.427534991202569,16.374133178910782,0.04054647164847858,0.8841065699051962,0.016094494364115787,0.22199517057018178,1,1
15485,23192,20,1500,0.6294440453722625,2339,164,12.635646747546314,15.341057909169098,0.4611151631763841,0.7335567227511424,0.7854193421969256,0.17273309589191133,1,1
21680,8246,13,4244,0.5221926752515108,2003,91,9.72285902296042,40.669520438367876,0.5564913074967742,0.5057803686663153,0.688925682737534,0.6445436349364201,1,1
24767,11384,5,431,0.7982518909665905,6222,21,15.067673148069058,30.324423378292177,0.49271933474960594,0.925845380045938,0.498144284350337,0.5953951857619593,1,1
22397,23229,17,3415,0.4309542139649627,5710,93,4.524920609450566,14.791601265085703,0.8474103725068188,0.7217376003096652,0.009925711541995686,0.8258918201962725,1,1
18744,21961,12,1690,0.3839665805896749,1222,153,7.017795205296534,34.53977775156936,0.3111239747918165,0.6668195220847444,0.18217284573984333,0.12683196043161155,1,1
12334,18369,23,1449,0.8413122771438586,1341,315,12.825209896546474,17.195862080958864,0.8840765310045404,0.3720720553164589,0.3616399103806597,0.8381631481924032,1,1
28674,19475,5,3810,0.7761952199812351,2847,10,5.570283778894695,28.568113874082133,0.4034619699068904,0.932273283302792,0.5024679385971365,0.8541566429948066,1,1
27109,23618,18,3947,0.6690567194536947,2721,88,8.75743828727996,47.65379940942667,0.6945267322606563,0.959455306260082,0.5665236133941226,0.47935472584314676,1,1
20226,28056,9,1107,0.6493854531024266,1145,88,17.40160351936683,15.174935635153563,0.08672272800729774,0.7100631218161945,0.6306181582412161,0.1651664806459473,1,1
21440,25976,15,350,0.6683432828745128,523,254,11.826953549328474,44.73472203329166,0.2001540835688227,0.6332085463133167,0.44452874054961244,0.9047317239119675,1,1
23020,16644,3,3508,0.6296954087031505,3772,158,17.159444371578573,16.07066347138081,0.7611660111412718,0.5801216422430018,0.5249467422811046,0.16122541952894526,1,1
12251,14108,12,355,0.6014510693319546,5326,76,13.420283153601503,26.3934751056167,0.012328685538640416,0.5215507088230629,0.648994158572291,0.6020740138792546,1,1
20180,11128,12,3964,0.6698019858471169,506,113,13.457001699508353,22.61923811115488,0.9685277391470993,0.717698776194692,0.5758730482646436,0.5191830272718978,1,1
24140,20459,23,1043,0.6882497095422466,4201,116,11.265643365888392,37.808499430165,0.19062890106321517,0.4319808339293218,0.7638498657653652,0.8098234878788495,1,1
8922,21897,7,3176,0.7928174810135173,3732,176,3.846441814442992,3.8713568756537557,0.9013039862451232,0.9382711092768897,0.6997167203184708,0.5272158248000657,1,1
27299,11168,22,379,0.8051725828697744,6216,191,10.075285799623748,30.4747482912272,0.5159450282262857,0.4626135923570053,0.1354890222363391,0.4987522394501398,1,1
15957,9861,22,4240,0.5916826112896926,3425,289,5.6689923083072715,36.75134638439467,0.5645753668971301,0.827128487899851,0.7579353013736645,0.8485526244220581,1,1
27430,11990,15,3266,0.6146659345558327,1771,277,17.978097146796124,23.190808014959604,0.08413178797102505,0.5464081743159369,0.16334079405168955,0.9194085703501106,1,1
23796,16750,11,4028,0.5891661886311828,4761,22,5.904872011670139,5.948752507276852,0.3652187541573678,0.4946854897143541,0.7930110285611494,0.5668795921389859,1,1
9230,19988,9,425,0.6933828951204546,5023,172,5.3063164171139,12.505835633786216,0.1562188607805014,0.7070362747870591,0.5610636336000052,0.4865153412154617,1,1
18627,5979,8,518,0.640146264265085,2692,323,11.794072059546735,32.944601394740594,0.5259314943609428,0.8396799879420833,0.5020252421930559,0.8064308717322418,1,1
18006,26524,9,1247,0.9193417364071639,6130,86,9.930655418123898,43.085557118514814,0.5507321456719495,0.8151114681218014,0.2594582210117709,0.8064294421813566,1,1
12933,10065,9,894,0.7956712108265425,5528,79,1.8523230686994836,20.815604529022966,0.7096669495843103,0.4996040645742128,0.1064860199331184,0.37147445867253226,1,1
22295,7916,24,440,0.9251400856028451,3056,339,3.6372974533757527,27.339365648678182,0.8782781579231833,0.5615215041725445,0.10093841315949624,0.5897901071087033,1,1
24377,26184,3,3193,0.8038476745980323,3454,350,14.882208540153957,11.734096726162516,0.4681798162698607,0.9060525971202407,0.6932601540721524,0.23099943415225965,1,1
28324,3597,17,3355,0.971434975055241,2099,253,9.480917259934749,20.37402575973296,0.23336037008060662,0.8128759964905011,0.3459534769597101,0.640210690972424,1,1
8203,26704,10,1930,0.7568715380833722,6719,135,3.9092510445797375,16.8291209652131,0.3335716614416495,0.8061240994256397,0.44788148549049506,0.8088906615114225,1,1
24544,28089,14,1176,0.966672088424355,2166,359,9.176502286789605,31.80970075466161,0.8470898129389373,0.5220992488524102,0.7454688861098938,0.25938782214139117,1,1
23899,8622,24,2960,0.45122872986203266,5419,205,5.676959870859661,47.280850728730215,0.14586348507876146,0.8568827569116387,0.20428376384795932,0.37458998937603905,1,1
11748,21261,13,3690,0.38358571573081846,5938,300,5.189259108353672,39.22526224332725,0.6272560783386825,0.5793873890767601,0.6111499883417213,0.48159414116406785,1,1
14718,15164,23,2329,0.7206401185304698,1561,72,17.302467061344224,10.031735491530702,0.013085883842810175,0.6068899329019584,0.3763718094705777,0.818318054506942,1,1
26965,4699,18,2852,0.9794356517118559,5161,24,7.473404693152727,28.150893885418043,0.24566932845424272,0.5340390969604647,0.17020372729531,0.721664509554575,1,1
9093,28605,3,3911,0.617267358273534,6261,275,2.2661132270935958,4.121350602574875,0.5914084975014595,0.42768975810511484,0.6823773444643262,0.3693398300040186,1,1
23228,25164,14,1340,0.4857077518034941,4301,97,17.510390098515497,12.60502788160387,0.45641204000267077,0.6190518803173108,0.5439593387598003,0.306578520619829,1,1
28884,20100,2,614,0.6837865274838489,6133,137,14.614852983740604,9.09423077483835,0.49354949024323136,0.3608412812303159,0.07593734606151213,0.6913490035392028,1,1
24034,16429,20,3759,0.7652311197304886,1663,299,5.697819558308615,16.77064026905476,0.660562050459606,0.6417825532334462,0.4334057562311857,0.5079043452841125,1,1
13710,16796,12,4472,0.5517143651301689,4379,300,8.246715272638959,32.90425654507804,0.23458602441856746,0.8140041203860178,0.681411081754608,0.6045210908669922,1,1
17732,7086,6,3325,0.807452389439526,1781,139,15.727777980819619,24.471485895090858,0.2808049403265024,0.9648768209692641,0.053547846577233486,0.651392840384647,1,1
27259,3665,2,3246,0.9740732845092644,3164,356,7.397323068834025,44.84673521197323,0.6844582074278464,0.40031241252226135,0.3330198377804366,0.5748837235021298,1,1
11191,27230,21,3536,0.9240563978947948,3395,37,10.862166693108882,10.999195472879908,0.538291407543869,0.5300260506723168,0.644171576413413,0.6211112253997394,1,1
26221,25995,14,3980,0.5366146390478049,1708,297,10.325138349466108,18.11782987393519,0.014586824258827624,0.6662438730314881,0.6866858240881668,0.854377679635561,1,1
8689,17605,9,3406,0.5591031572125429,802,36,8.121360052375195,16.503071109246065,0.6703277952854412,0.4590482871692264,0.6202902210676933,0.8379690883558562,1,1
28143,20463,7,1837,0.5877863836477367,6113,47,12.051781379926316,12.090290420116707,0.6200920407522781,0.42477025412883496,0.24456766002124486,0.226679132270515,1,1
10103,11419,18,4172,0.602513778171933,1255,296,9.309297165481123,47.679026148933495,0.07860757379827377,0.6394835874883523,0.40554364850323754,0.5985222073979504,1,1
8365,18184,13,2167,0.4142044794836988,4759,358,1.8503031126205518,19.199600635823558,0.7475194948409861,0.7216675384910123,0.5930223813319843,0.4734066971688572,1,1
22010,27724,2,1461,0.8376562168891452,6263,309,14.93732127619097,45.203922083481125,0.5221014589470707,0.8749329449896718,0.12207020235636463,0.3426920638054071,1,1
19767,4069,4,4220,0.5838171287108482,1726,285,3.3670704154363684,19.352253271090504,0.20474728395695962,0.9885941899482743,0.47599821060593284,0.6364752980051286,1,1
24103,8263,15,4182,0.9130847850914894,1733,112,9.157483859707497,10.592308900811064,0.5593563681164273,0.8455332991917982,0.5762989801671775,0.5342510039766042,1,1
20742,19109,9,3056,0.9432419987968695,6478,100,11.068363050303702,6.602697542087423,0.5954585141710033,0.49165788925844495,0.679993495488848,0.7586684555303297,1,1
20391,10951,12,2212,0.36563603795692035,6744,70,13.140849894189298,41.21147007924874,0.9201187291902372,0.8287059640071983,0.08933737908543496,0.17941634115294183,1,1
12172,15919,15,564,0.982641964754052,4017,13,8.278142832251167,2.5085891027986773,0.7421444255511704,0.6937783195642127,0.26373975567403946,0.3572786369662878,1,1
23623,4363,9,1602,0.8044145481601181,1397,234,13.636550036003769,46.326545651946226,0.30192435449119925,0.6385181284502008,0.43332315934837223,0.12191492000359853,1,1
10378,7508,4,1494,0.6830510246354959,5378,225,3.667276397856409,20.654986953920776,0.11813296756419256,0.9488662361006526,0.5608455199316323,0.7340657905901582,1,1
25589,4755,8,1826,0.5992976693584341,6590,282,12.281851546467854,12.626594500964785,0.8531840720807808,0.7993392556285833,0.5840290364199364,0.8755887330571542,1,1
29372,3519,20,3904,0.6818516048702162,6180,103,15.134592305164098,30.019968214122038,0.846067687875446,0.7862835670681331,0.20260733917772777,0.5992698895513418,1,1
20031,24847,5,2548,0.5577598233462044,3810,275,16.175825551818768,7.246910616300757,0.17531001472395724,0.35752381742566414,0.01110128961374981,0.6244322857161334,1,1
13669,14736,17,1458,0.7485202007657908,5322,267,11.062847183239171,4.39084195761872,0.06213118519788663,0.9036457544830612,0.5550535824046301,0.139461353414052,1,1
10735,13514,14,3813,0.4095073769246664,3862,168,6.662770768238115,39.90581753974965,0.7118646498160389,0.857712305542599,0.7273010298718176,0.5282141035007795,1,1
17867,17688,21,2378,0.7475184658635585,2919,20,4.195382443274836,20.959526407390356,0.7225818308364841,0.5413228018754832,0.6380136360827513,0.5478413977254725,1,1
16490,10233,20,1444,0.5262207040886042,3409,173,7.20171942247784,25.357980868913003,0.17714375370537905,0.5369525840042295,0.49797288245009536,0.13312831289550897,1,1
8956,4102,6,368,0.36128629059350165,1954,25,10.409577157048256,9.304712417128048,0.6682118595574554,0.38422621443321603,0.7820563524412804,0.765029068787145,1,1
17306,3597,24,4017,0.7037316903442417,2827,32,4.739448695860749,3.8869394927662873,0.2789237446969288,0.38254811118635335,0.3464934224754843,0.33657211681406063,0,0
14623,16947,6,3308,0.7202065637457257,2863,334,17.21649594393603,18.285478234636795,0.26061702796880404,0.777900488615476,0.4200398007904769,0.7149299557895624,1,1
22908,22657,21,1126,0.6230041630153831,2512,87,16.302734576403004,24.7888738618642,0.32451793409034246,0.4691920722609788,0.009829411166705793,0.4424865448393507,1,1
25858,15241,5,1469,0.3962631888322028,1600,277,2.0437937152796155,36.97523922826731,0.5203963665168543,0.9410706238966723,0.7567610902669696,0.9462992168308915,1,1
12460,8781,3,1283,0.9217394897946826,1315,325,10.772369670801416,24.54944401106678,0.8044539233286228,0.8891388339359696,0.46667732394594935,0.2803743742760642,1,1
21986,13797,14,4277,0.7413157166258488,4746,40,14.523595039069118,37.77782983123744,0.4986437508896262,0.5732865024205975,0.3126399871244959,0.14950025259701044,1,1
20638,9256,17,3634,0.4240565117241405,5604,318,5.548967338911115,6.425340644692752,0.29804269562407437,0.5932438731599587,0.03565146870992395,0.9329196692204152,1,1
27212,26642,23,2640,0.6769955690202545,6115,280,10.144287834480274,4.006250286065726,0.8839742987118493,0.5594569989470596,0.2899352514611236,0.3072657153642302,1,1
10850,13380,3,2315,0.6682427622070217,1820,237,8.198866059754753,8.466465314742226,0.05508995744236467,0.40913274444272596,0.0028784813405229315,0.6400315090484551,1,1
21299,11780,20,1752,0.38865719602747323,5264,108,4.743013359598261,37.284569963770245,0.7970914838980804,0.3701153008961395,0.25946811039851075,0.41838298684294395,1,1
18698,9554,18,2433,0.7383902103058864,5002,10,11.643166833951074,36.688520849418964,0.7843817579218557,0.6393652213375343,0.7611639392548198,0.6436836783094612,1,1
27348,15664,6,1339,0.8673288953098012,2834,27,17.89592089421271,7.644286812000148,0.2535468101543431,0.9535456732745564,0.12341389138431716,0.6066498010082536,1,1
12594,12599,19,3766,0.8293651547190259,5087,174,7.52723979461909,2.456466937781949,0.19829518252027967,0.9370395653242466,0.4363288872715459,0.7011827990958734,1,1
22282,18511,24,3326,0.47990042506507735,1532,156,10.614253636363705,33.20825100197176,0.8747005614955973,0.8682967943176733,0.14929385608393772,0.11567685258018812,1,1
24285,27386,22,3047,0.9018672189146953,6537,248,6.909602246754759,41.19824381241994,0.5588712935603243,0.752300753563523,0.626703304246537,0.8107650845809008,1,1
22334,7846,19,3795,0.5692269860219845,1655,245,15.9696521772412,36.44306168897856,0.04601135763141462,0.8979823402825273,0.44991824579092166,0.5068659845872032,1,1
14644,28570,9,4155,0.9557653621068425,1600,265,15.765944556990936,10.531552088908674,0.8908325164671427,0.679643851348201,0.16178881468182366,0.5410248814207266,1,1
10850,24182,16,861,0.39591869710445676,3285,50,4.449760901141509,28.437091169590776,0.34900598435567376,0.46530248513320427,0.6929930385910826,0.44937141238410705,1,1
22933,9605,14,2503,0.6611735606526993,6774,277,16.349156424928,36.596188869400436,0.3421565538100264,0.7878690225851084,0.6272190262667894,0.94097510993209,1,1
8165,13251,14,3719,0.7321596013936315,1496,79,3.9998937324251074,13.02394911371086,0.6432879371598733,0.939213462514237,0.7610410635404424,0.7813356679804981,1,1
18701,19043,17,1444,0.508496063023747,6507,287,3.0747593338180153,25.80287766436429,0.6613109427985758,0.36254726233967793,0.000502554314107595,0.36468436877533716,1,1
8919,15764,23,2999,0.8436833207809458,1935,200,12.273421159075276,15.779638986767203,0.3533161208284148,0.5109241934130757,0.36569355775766343,0.7656105835704412,1,1
16305,5986,21,1851,0.751213235078859,5709,27,7.867417746853267,11.602044614369992,0.14327892789688068,0.5198804424136136,0.7998730403983374,0.47144449816697465,1,1
27888,3400,14,4321,0.36159003986429156,3045,91,10.257219792120868,46.57069835823007,0.5522697633696724,0.41338530471440693,0.6489503335774481,0.8395113412913003,0,1
25375,22239,21,860,0.739355898045591,4200,125,12.267417901968146,43.89135213818554,0.6251791646752402,0.49431630169507157,0.665028905485942,0.1262195209748552,1,1
23715,13416,3,1487,0.6645460700278056,5484,153,2.3718144235842504,21.94638335471989,0.8602223650589736,0.5957485298633081,0.4969059701810542,0.40209552385460623,1,1
11839,6412,4,3433,0.4754586890902449,853,154,6.333727323001391,7.42856887000689,0.4844399873650659,0.9514946719029274,0.5703197216665902,0.46534628256746347,1,1
25642,19440,16,3711,0.9872788653180989,2818,69,9.104954144186307,35.21164325607049,0.6456960795682218,0.9005700922411497,0.6442610070268864,0.7326121427681346,1,1
19618,27406,24,1989,0.9241838046896735,6011,164,5.898692261797876,13.017953116026353,0.054408827815875194,0.9554439835280748,0.07382451807352011,0.2549552266007545,1,1
21519,4875,20,2723,0.5372049248186006,5027,288,2.3080278407110955,8.920336874390442,0.8945229002061619,0.42716593710229706,0.5540644668885838,0.34333893023476836,1,1
29188,23927,14,1669,0.6962853893111144,1238,86,2.930163458312381,18.931863833694678,0.3272158132067021,0.36795101543632425,0.6523264800261912,0.7152982485283245,1,1
18776,7298,6,880,0.5525613695425861,3019,11,14.728839834436602,25.902941030836736,0.6322211243423119,0.4203252252231072,0.032692630148073665,0.16531711032834773,0,0
8067,6768,23,1276,0.84631728104709,6375,186,16.53788152701328,5.579695501559487,0.9160516313132415,0.9351492063056813,0.2376425444215313,0.2709556505519878,1,1
17788,8752,7,2656,0.9454121172457313,5927,18,4.011849490102406,27.87208423328075,0.810525784364687,0.4507927286627524,0.25920929270627385,0.7403615779905652,1,1
13660,24217,15,418,0.5796503084252055,5103,187,5.612822295309514,1.7213736138432114,0.6377038574778656,0.7164874922064159,0.683665916224842,0.8441993532929526,1,1
12478,15489,5,1842,0.8655739194519215,554,318,12.262115178062649,42.91784584787507,0.7036078280700853,0.4956527167108876,0.6242811116774938,0.7195038431770998,1,1
16210,4353,23,3343,0.668980827336451,2584,48,17.24548430552538,44.27485939610673,0.9209051159649763,0.36320667194675166,0.5251371767324053,0.5480675423612251,1,1
18922,24371,20,1272,0.6038102792394094,1399,178,6.443230200698973,35.45432635505702,0.812093180146795,0.40415765897124967,0.643778544674295,0.18420210601215964,1,1
11521,9597,24,1215,0.9505899853432127,2602,18,15.611024832894019,22.92782220298635,0.6098590605371569,0.8042700946985044,0.36274376052616725,0.8031418815332513,1,1
8572,17691,8,1737,0.67665900078018,1023,304,9.849406633431212,12.980124716475627,0.6587027062096263,0.466714529288537,0.6999044722416888,0.20543314759544795,1,1
15082,7311,5,886,0.6491427201647775,962,77,17.283217544832876,35.973268263435635,0.1472684241652119,0.4966490914774268,0.18737267448245865,0.4273166851447078,1,1
13395,18307,3,650,0.7803580172558995,5292,227,3.7482679300651562,44.79446849174699,0.4701676797705997,0.5914441605271589,0.563661505199882,0.14292444269353313,1,1
23407,13794,8,2862,0.517189888651702,2001,6,17.565594570431777,8.451084130179659,0.30099764768366644,0.770634598487151,0.19340094781900374,0.7032238306475035,1,1
26642,5934,4,2170,0.557867437304522,6368,214,8.776147359186883,22.893633496991807,0.43197063449991635,0.6503983314941864,0.03188957872865777,0.5279707197342307,0,0
19094,19406,16,572,0.9465093351927185,4376,265,17.22348344203332,15.817296893688624,0.6622468735307563,0.9545505382360127,0.2273209918558254,0.8714665734031212,1,1
8650,13394,2,3227,0.7842591010796431,1215,94,9.068388581350067,17.766864085157767,0.1491510936017556,0.6278766020733846,0.3943254627925029,0.21793112125539277,1,1
13741,20593,3,3739,0.8790477745734436,5830,347,10.24635521298954,20.070615722177827,0.017375963661256932,0.47744378892638184,0.6747488120569378,0.7962910578202906,1,1
21281,11940,11,3341,0.5235115276386749,3797,338,14.778787661325795,45.734428185452906,0.3969244032327296,0.6931314172217651,0.4070851914658857,0.5340684442638991,1,1
14838,20188,17,4248,0.6980257215551181,3279,256,13.4233702622,13.155946889800402,0.3221843144880572,0.6385693536607149,0.1433204820584737,0.41117852585362613,1,1
26971,11325,16,2064,0.9716936108732789,6442,337,11.723454786885211,24.15576443739481,0.4204320597017073,0.853768536662419,0.7942127767997782,0.6470318530031262,1,1
11262,23800,16,2070,0.5539704953780593,4111,359,8.380170389227674,45.71991116810415,0.9312209203689806,0.9484775875452687,0.21605845438449942,0.7718547644955546,1,1
25722,13629,15,1822,0.4527049448429068,1488,51,14.575233062093496,23.374673840260915,0.7070841012148437,0.8852289459433647,0.788235780078709,0.4742424823995576,1,1
12996,28009,23,1131,0.6769670452637849,2328,339,17.145767499273788,41.58917753030831,0.3274587745991602,0.598985423952603,0.7490677452065793,0.2978848282870885,1,1
19826,8141,15,861,0.5982054967839208,711,167,1.6618797995599428,3.761944393288204,0.1792788222367031,0.4883143182664702,0.4339532069125146,0.8784207770735561,1,1
10827,24352,7,3840,0.4521294289834966,3646,120,11.199444091468909,45.79242966777209,0.6184782942569365,0.9352729196889136,0.07357046611337044,0.36604808252239074,1,1
22211,6671,15,4436,0.9186728849301555,1253,83,15.78868532814275,9.813963910224391,0.6575762515095032,0.5970013769197875,0.55633184916358,0.948500977312882,1,1
13232,10292,18,1779,0.9840633027544178,4250,12,12.276356866201695,47.056946632370355,0.483622683877835,0.8429322390071745,0.6765741292390515,0.7522261896130469,1,1
10217,18438,19,1505,0.7138925956415986,4189,27,14.713682754250057,9.252112667151776,0.21276077462216014,0.98329749837625,0.35624087974360735,0.6846462986766098,1,1
27923,26385,21,956,0.8457931317590106,3722,273,16.26850821350826,21.885199546363786,0.02855526083653037,0.7195633161697768,0.19123236747671282,0.1105397686571037,1,1
22232,15231,20,4240,0.8997845565096317,935,283,13.890691761575455,15.504881103909591,0.2656606974672725,0.6571234997560867,0.6422593317701254,0.4812516270391608,1,1
22026,21482,18,889,0.7986284838539692,2401,35,13.330787122518641,21.361876791467072,0.45717049929018405,0.7979173007879778,0.43606226054074304,0.5270919143342709,1,1
28767,17511,17,1671,0.37825987143150797,4679,174,17.418307207504654,12.774662776499698,0.787934286442492,0.47411582770601013,0.15810400385238232,0.4199199367587726,1,1
27345,14109,9,4051,0.45088590829876335,1735,134,15.750796855210949,46.36991838409917,0.8537538288451721,0.6624734328311361,0.7596309127739818,0.22747713542619633,1,1
27610,11444,8,4059,0.39543308233688734,1278,161,14.953734848115769,15.36907425143531,0.41293455966696424,0.5498916845506084,0.7584785813481428,0.412332877616842,1,1
21878,24445,21,2400,0.35632294825091615,5429,26,2.925655447785956,31.70392086701848,0.7961240546835278,0.45510583723243514,0.2936397387556678,0.1637273400123575,1,1
14837,18605,13,2184,0.5458377016046314,4352,130,5.443993071800395,7.46003201114306,0.993352823551153,0.7404873913798098,0.0512024873133921,0.34728108174503564,1,1
15031,16026,10,1047,0.6011078147081983,2460,173,10.686474401363977,39.74621178794454,0.7166103748522293,0.7184518946932139,0.5046308276397674,0.1711273842796027,1,1
22806,12321,15,763,0.5042590286949924,4772,170,13.207741732084425,26.497873344947127,0.7285990316014068,0.8371703038352254,0.2537813876667717,0.739559935749112,1,1
11716,22648,21,1053,0.3913469747752454,2306,161,6.503045739457869,47.03396785297185,0.9095365015498309,0.9087008795144712,0.05308420880003935,0.6704836991982683,1,1
11414,8435,2,882,0.6891123781354737,6955,334,3.039913866493585,20.89990419117145,0.3381441284169099,0.49104063105336915,0.7134451315748529,0.89894316630471,1,1
25832,11493,11,2505,0.5249243647725707,6313,26,6.633136582451588,10.186050123903039,0.011205393057471258,0.8490096973144321,0.7984930516802248,0.4229394986791086,1,1
8570,9691,18,4414,0.8594637791126799,3730,268,14.221981479578567,17.262892973726228,0.9869772716756992,0.5851265028818746,0.28032441096822547,0.7682708142964924,1,1
27288,5763,18,4450,0.3551536778401799,2224,307,15.977116984132657,35.63738348639423,0.49046807767102385,0.7524355851477919,0.5957970107073564,0.5994661223246882,1,1
21288,23389,18,4327,0.8892173128240706,685,267,16.562910197681656,31.97800648680617,0.7856775931623269,0.8941536176613192,0.05261663382412279,0.6491879138787243,1,1
26889,6241,5,3653,0.9610423545254124,1994,216,7.7513002058784375,37.58232815803308,0.8124911376092956,0.513958473782924,0.29576435164770454,0.5653420792997397,1,1
8917,6057,18,3108,0.8083264404182845,2479,168,7.646886485193242,4.4531037335978265,0.397516677080029,0.7346152217381358,0.08700141283971262,0.76228611939163,1,1
18066,19934,19,3903,0.8195322017680426,5928,140,8.210673271034551,28.277332441204965,0.5412730467223182,0.6574040814081158,0.04427994973081324,0.13569271712736639,1,1
14982,8574,21,4213,0.9474798794257492,4553,256,7.700856245453888,44.81192782070632,0.5399155260626778,0.8559694678084602,0.4710328324075967,0.1684149393273297,1,1
14336,8411,24,1719,0.4838056225922234,745,209,12.49224402386896,6.0713902156341355,0.22021600934425045,0.7962344313223073,0.6416247900185857,0.18153520447976168,1,1
26062,4587,3,2467,0.9865219636534891,6448,348,7.41233382517788,5.433757168910008,0.11763893389429347,0.8425643749780747,0.3623762009133764,0.3453871239532401,1,1
24999,13014,9,2444,0.8450279701622667,4547,306,1.835674954135056,34.68040513241716,0.5435723049426254,0.5342836029460531,0.41934328835276946,0.6024594711161307,1,1
17941,8920,14,2467,0.815005253329788,883,246,8.743905911349884,15.81357542467749,0.12014322685146239,0.8007880282170214,0.2165840136201677,0.6487749171042964,1,1
20380,24644,24,1860,0.5810979705569873,784,324,5.198509091946698,31.953222886962628,0.34608872385951317,0.7377157595261559,0.5891098246990518,0.705713119661079,1,1
29133,14688,23,1476,0.6992975906595907,5583,283,1.9753177734462293,26.633072113366918,0.1860833316409385,0.6422754918692843,0.28885861371348015,0.33864874030204395,1,1
27889,7409,21,1568,0.768507384494942,4494,65,9.268908700311796,47.345132941975564,0.7069161082827781,0.5921399618356162,0.05399921626106208,0.652680832313682,1,1
19667,8783,23,3887,0.7470194312430182,799,310,4.898250226771836,42.78565159687908,0.8720088534999877,0.5622240197090758,0.13240616882053297,0.20003649384435745,1,1
12529,3712,16,1466,0.8011901686256517,1400,306,8.970239944855614,32.869420733400446,0.5779146098521801,0.35619159123381117,0.10277488419641384,0.10848232854985881,1,1
25519,8406,21,3875,0.4027243130101828,1959,303,6.082874779069727,13.298707426848074,0.4101558071715975,0.4585174728363441,0.34870223151969526,0.6904786694179248,1,1
20192,27374,24,3141,0.5776149970122859,5988,99,11.461196359627147,13.309683621072068,0.9966426408213109,0.38774605582298016,0.05217013966667805,0.7082703772084962,1,1
16566,26804,10,2170,0.6277600106211054,3421,152,17.84947688342033,42.46545862674046,0.021209135246539224,0.8929488272829883,0.6451874579736286,0.6288213017354942,1,1
15226,15041,4,4229,0.5168027506399785,3033,263,10.52932669174247,28.51103006794347,0.3043410842039227,0.9004568770656525,0.726404152017201,0.32003945673244755,1,1
13162,26227,4,2567,0.4604814529723032,1305,34,12.173782628730706,38.09624375644881,0.27867315264700043,0.8915637354811313,0.19871534336185342,0.8883481914945519,1,1
24590,5433,3,3186,0.4389135871442322,2728,22,16.668050002894823,22.143617707231016,0.3562035980579197,0.8734686491864209,0.3884078054255624,0.8443242456607113,0,0
29259,6301,2,459,0.5844853710442145,2421,191,7.671006892464012,5.844460922621749,0.23059574115850268,0.49165149025790517,0.41525045151725526,0.538209476526299,0,0
9319,19654,15,2958,0.6658026883600421,5472,216,4.24804942146212,16.636263537262423,0.2642628354314559,0.6647431516868314,0.7880009731663571,0.9407687883884978,1,1
9141,14586,18,4063,0.3903049216938628,5289,39,6.16615516835413,8.574012131553069,0.2576771099173273,0.9310200140597741,0.05249566270926165,0.35382662307217216,1,1
12627,20463,14,1355,0.9557331805379516,2887,151,8.146116521790063,37.74614237199861,0.5057440507524306,0.8362603481901212,0.5343058941943163,0.5174641419698097,1,1
22501,8322,20,633,0.8397557266308853,3038,286,12.14279174072133,33.92406351388324,0.3910552770344311,0.35116498301079097,0.2766119865702792,0.8887335060751487,1,1
10690,16932,24,3896,0.8177451348386986,2496,39,1.575702485590397,5.155407352237911,0.6392801019849084,0.6440330088984279,0.4014449696901239,0.49280381271298834,1,1
15323,28179,16,1191,0.46063073599278526,5325,80,15.580823043655242,30.20511374180822,0.5144011598676854,0.35682892752617895,0.17362765655629647,0.5003569935834095,1,1
11255,8257,15,3287,0.7364324915278009,5782,76,2.7555505553222024,42.08436882875539,0.18342185236973052,0.5296230700676319,0.12819382414097732,0.16748371113399046,1,1
13213,16733,3,1662,0.6890239659575472,6177,253,16.360809957156082,33.77612188379843,0.8100449789345078,0.6288879623852064,0.19485223895389217,0.2796444395664035,1,1
12108,27366,8,1225,0.978780061303484,3003,61,17.16566959988083,25.022259910267806,0.4721951983405571,0.9214555472961785,0.057009571406487415,0.23418544211164274,1,1
27404,16368,18,2743,0.828509932851301,604,309,17.836696102850212,15.657574392127701,0.15323151790598277,0.768805941854289,0.2224722377453241,0.5804759898346565,1,1
26241,12777,19,2877,0.718487605578388,938,14,14.856918042713481,42.69354723053709,0.1668798429286622,0.5819901219135408,0.5522807375855021,0.3707178353641909,1,1
27173,14249,7,4280,0.8945201065408782,2021,217,3.840616178012518,20.871829460627932,0.7969684104789558,0.6640191375698694,0.5211855481955492,0.16547589031665932,1,1
28259,25598,22,2705,0.449260333350854,1851,241,13.151756213215574,41.203498270987915,0.7029931842231004,0.8731292727020633,0.4435969644738689,0.5334765334847221,1,1
17802,24390,9,1719,0.3597385790022254,3198,238,4.854801295034912,37.80099239625526,0.506527952539761,0.5417795834327764,0.00030993037635562715,0.6688345873847693,1,1
28266,23369,3,3175,0.7917493333852949,4112,227,16.302609287076663,39.362667368200405,0.3060815097523324,0.7436222562999466,0.10062559984320894,0.7260477267240834,1,1
19413,15881,2,359,0.41291933455183194,1008,108,6.723997773313188,47.52048344759737,0.46052203679707604,0.5178380056882242,0.6742955429189313,0.8118902212911806,1,1
22995,12587,17,2824,0.42387752958944586,4846,331,6.8921336217381794,36.19165024602933,0.6364835371380434,0.657176599823144,0.21739069581165804,0.5096629355969396,1,1
20583,11791,8,4097,0.8265956649116996,5810,102,16.6412793825953,2.5999239787764754,0.8792823174295145,0.36578144227972054,0.7297591108632985,0.4320200788597187,1,1
13021,11705,23,2959,0.523142300245753,6690,230,1.7183126679311251,10.655394944095011,0.5558678676787286,0.8954562044746828,0.6996368918226531,0.6815035183359559,1,1
29119,25375,12,4396,0.7523239779640915,5474,226,4.700441499478901,2.654172065282732,0.27673529477375014,0.3809432521677951,0.12394162730734033,0.11136003977076817,1,1
26771,25611,16,1878,0.937140432699359,1774,328,8.461882398297009,9.925937787259459,0.0427399146934786,0.4935907198965963,0.718521633802499,0.6384975984342973,1,1
14582,12258,14,3405,0.5525437002482293,5613,338,13.061905860618184,3.8876570022473254,0.1754550559167406,0.5634476025336387,0.5022678644500169,0.44482963549824683,1,1
21455,10833,3,1007,0.488972261017548,3322,284,12.184841739738134,24.57600093575389,0.6501776206624628,0.7501031147309962,0.5042294442677816,0.48494399338664784,1,1
21117,22270,15,2080,0.41820024559427305,563,47,12.54529594025796,2.325692017254657,0.16043696682415765,0.8108214179680355,0.6821438924588765,0.3518291034038894,1,1
26950,17245,7,2713,0.4334959113086247,4421,355,16.020363468775958,23.211217681917194,0.48153955314345087,0.4014886670626837,0.32404461163799186,0.20818418994818766,1,1
25359,22037,10,3706,0.38982252504245934,4915,352,3.497001802838734,43.245522634640565,0.6989550154763854,0.3778179109662658,0.5882106371358234,0.4412109645480772,1,1
9262,18754,8,2461,0.4060911224510337,1359,157,10.115667987609712,36.18307259101604,0.30822490140311076,0.8613535274427832,0.5342114850828913,0.3619719806351488,1,1
29431,12280,19,3839,0.6264829368378585,3327,343,13.470381870191062,45.36592841163254,0.6691058898072861,0.8057865816986408,0.6172117343359411,0.9161006169535173,1,1
15382,15577,10,908,0.5553536288153407,2047,294,11.995954308248715,11.65239836655646,0.5810720616478187,0.8821922267229801,0.5281511593924295,0.9020085169756225,1,1
11327,24248,24,608,0.8021989211667186,2576,228,8.897182978997915,25.961033371048806,0.43893910692839544,0.7829844897174505,0.06404384052536925,0.6473296753173353,1,1
26643,5514,5,2664,0.9069546612780812,6270,123,1.7823906668907055,15.973234298794424,0.897245478884261,0.8306478530282577,0.23416880184830344,0.8681461138384294,1,1
18020,6969,10,484,0.8522548500111259,936,218,2.4974623831900966,24.2095303975256,0.6920588904274437,0.5925845651501727,0.7519366984181771,0.7385835611023689,1,1
25641,22668,5,545,0.6896078442660174,6585,57,3.4625318930883044,27.18256399046156,0.3605970331525752,0.7277179650527807,0.17874015092489914,0.3940077657577594,1,1
24848,27124,13,538,0.4155629543888982,6216,224,7.163257921783499,2.700748132365663,0.8042645335255416,0.8654510994368912,0.37780832080208804,0.613315567183159,1,1
22062,7566,5,819,0.8042510617225942,4157,247,3.4412819690079237,11.963038355104207,0.7381022141696717,0.46015522202017095,0.28554238060379156,0.2872750375595632,1,1
27678,5196,21,4207,0.5822103838251991,1262,57,8.530358165533038,34.12432062446788,0.7916839655081643,0.6206066949287626,0.06903897866196954,0.6841270133022435,0,0
14774,20173,15,576,0.4048162521058625,1235,121,4.44759284466206,37.32761715339408,0.6409559830409944,0.8239134518271112,0.1449509511902333,0.13808643611569923,1,1
23160,22859,8,4328,0.8891785006160804,4164,335,14.3562422591824,27.764214271912653,0.3793706158394986,0.6908874059297186,0.22933369700637726,0.8066404863941924,1,1
9230,14345,14,905,0.5664585709968035,4594,46,15.879545675751558,13.728964313587804,0.3485785156042691,0.7862607698727497,0.3706547885485219,0.5957453506626172,1,1
17076,4309,23,4353,0.48967925280740565,5228,251,7.929183881474901,20.038953485968783,0.6541513607592644,0.5374362853605209,0.6996191885129073,0.14967259471431105,1,1
11805,3864,9,3012,0.9077293213560597,2078,295,9.936974127708039,5.513730158425075,0.13090000796690116,0.37069916884331816,0.412493025740702,0.8409969905283488,1,1
22715,15055,24,441,0.9273656758060832,4229,252,17.232687985755536,45.79944198925181,0.8199143504985758,0.3686532990428007,0.521523968626297,0.846046199269306,1,1
13750,8389,6,3961,0.5669413358025983,1576,105,10.335877963252237,41.82784114688354,0.3703353839980731,0.9533799529794225,0.34076412135755235,0.82489346228157,1,1
23627,22747,13,2669,0.577072908340079,2780,91,17.91870806141651,4.083310304650778,0.630371989365549,0.9545056281568265,0.6960498815614504,0.7581566802959145,1,1
21232,14716,14,2017,0.7209622576532122,2330,357,3.8451613959189013,8.825061285941533,0.49906391493341806,0.4852206975709564,0.5300971632720749,0.6762366029740569,1,1
28240,14978,21,3727,0.8194025560388212,2398,88,15.726735939845524,28.311438735871416,0.5193264920246539,0.4443780211014041,0.07250420251150898,0.4373727535967956,1,1
11135,27599,15,2624,0.3904154892203926,4795,265,9.703849544103928,11.924213484073148,0.7380061462013471,0.36160949369153333,0.38200096581274584,0.21588829219348715,1,1
14953,6003,19,2144,0.7297399406006219,1173,225,1.8747828356195246,44.91683280666403,0.6266700536714184,0.4980043880417654,0.6617873636082021,0.3454589837782387,1,1
28973,17174,21,699,0.9598048395414922,1048,158,17.541678533749252,36.51275730094051,0.25030898834571347,0.563984922338927,0.5869242821324174,0.39501556759871914,1,1
9546,27886,5,2863,0.5177400941951703,1436,55,17.423290345765405,13.84470110682089,0.07422593142373779,0.5043952855282439,0.7242489182239211,0.4043649972600728,1,1
23457,16772,22,1822,0.9316494170220376,6740,42,7.823968863017638,1.2867663259523785,0.840234067365291,0.8603258497959688,0.1821342711755908,0.5806661728582236,1,1
25478,20615,19,1634,0.9581077380883799,4644,263,17.243344172917432,38.57402738653981,0.8848940747518577,0.8296355195362786,0.7817377313575198,0.2771253869239064,1,1
10411,10959,8,2923,0.5222583302214974,1395,191,3.8266590969360044,20.932216351250084,0.1644965329173187,0.4018490525989593,0.22806213429589253,0.2612119597084376,1,1
27001,14980,16,538,0.8326891941666243,3069,17,12.721817328491257,31.19175245731552,0.3094770669195325,0.7962858291853393,0.040143902073403126,0.7094182966445297,1,1
22113,22095,22,3515,0.5028160053245184,2587,227,4.66682828364927,14.487816794800981,0.28234238193173233,0.6831744767282666,0.3965381017571901,0.1063754678659388,1,1
12145,9581,7,3947,0.8220711435085649,1413,91,5.569679399524657,7.715043189834035,0.9374485607401548,0.43458630807991017,0.08827099078116385,0.22709152010107325,1,1
10775,27089,17,1916,0.8603487816248486,1676,263,14.35906771384299,32.73964481393005,0.2047773819306884,0.8233026755155087,0.545048752807738,0.46971436991927573,1,1
21193,19805,21,2729,0.5082116503748156,5271,185,7.726408395327367,22.165255642892976,0.166539232099832,0.40506916171148966,0.7204450165992995,0.2267206912019105,1,1
20851,12965,9,3952,0.8081565078932704,5365,315,1.6176037966722494,12.052975950289103,0.18183854974819902,0.4633764261128768,0.7370746174548155,0.9158406686211013,1,1
21070,14760,22,2021,0.8697469048730175,4806,177,8.33493399922731,7.46851597961155,0.7298691760937669,0.44550494819402436,0.48562979414916907,0.6695883587480913,1,1
27539,17922,17,1572,0.5794904781484235,3773,326,5.263143790443832,28.28254093875677,0.8880198442464752,0.9509813786665497,0.4282118966838284,0.46785408481284774,1,1
11970,3946,23,3439,0.4573297766334252,4742,199,12.774943573711806,35.100847189755996,0.3933674106332681,0.7968198420509752,0.795193138564221,0.19541704568677665,1,1
22119,28762,17,3178,0.40885732308320866,2022,344,4.708403495937755,14.342687219786416,0.13607990436635675,0.6132229946654464,0.4635405751887123,0.4274083466314338,1,1
29799,21218,4,1835,0.7182442903103627,6925,249,15.39718321920185,35.55169916131482,0.58572199740834,0.8762106565432333,0.7419666590497815,0.6530114183762664,1,1
12331,4564,18,835,0.9759827963620564,3302,333,5.9070346997847105,9.60674334044028,0.20993495832897613,0.48821402209424913,0.7332760404352526,0.923492072854357,1,1
18295,10332,10,1248,0.8766882048142183,3622,200,7.984966261669726,16.905537481470134,0.06415144736523481,0.9458996985888632,0.23161103668080563,0.5017842590946807,1,1
9942,7944,4,2942,0.6289373689181137,5090,66,6.417608203152117,36.00946747959791,0.8862313783824761,0.7960782853626256,0.011000860462022378,0.6885504091785449,1,1
24575,19057,21,4241,0.6934373778271734,2956,29,12.124735238854536,32.02674542341273,0.870841276333676,0.7081316102452047,0.3513347262385456,0.26605514772771466,1,1
21404,16877,8,1321,0.5288978466635641,2149,56,3.1691984302355456,13.714610464483888,0.9759101602592737,0.8585750071701299,0.6890961088891286,0.6300883651253137,1,1
8861,13139,19,733,0.45436215511044065,2820,54,9.388639649521028,6.740345072705857,0.4740047549061329,0.7626598281121013,0.6689073736675009,0.3031966649209644,1,1
17275,4308,13,1703,0.6585319412686549,3005,299,7.018504451048459,2.9962509725203708,0.29400119821042214,0.9177499360067086,0.4829353500265233,0.26841394429838383,1,1
25033,22370,20,3811,0.6466410023469985,1643,56,16.088276394257193,40.38201345620642,0.7697837455704024,0.8806577024476302,0.12532672801782763,0.5328374774195567,1,1
12134,19770,17,3235,0.6840351697944065,4272,336,2.711299543977474,4.531671629689421,0.18049493208391276,0.47661152322609845,0.08607017114390665,0.27991465281856,1,1
19803,25515,23,3633,0.959794934760922,545,44,15.189968571392104,6.397722153700227,0.24329207681628062,0.5033848323483958,0.7637455870228904,0.7131283981405938,1,1
23408,28737,18,1902,0.7364929920926542,3814,236,4.266727862743501,12.172399622940683,0.2556826262073807,0.3916623448164118,0.33711814558820574,0.8967361023213872,1,1
25420,6258,21,528,0.7376939754383192,4906,64,2.96153138884426,21.94647609927285,0.9516194099121801,0.4909273069905936,0.5185288133869941,0.4345617870355247,1,1
24351,25505,16,2496,0.4319358482310891,3109,220,4.838327159029632,38.119992771115314,0.729822918831074,0.5698328735604061,0.7246915319642918,0.37409219291271767,1,1
12131,7811,2,3199,0.9877528743531651,4926,344,3.1937742031948715,12.631575319231983,0.13369479258215344,0.3684495073103956,0.6959145410564733,0.24950215956230293,1,1
26532,25958,3,410,0.8446207643101878,4606,201,10.096235145335072,26.544887672908338,0.09284587812390677,0.5515760295747929,0.453522545704536,0.43183696344937106,1,1
20057,9697,9,1544,0.9114101402201631,5503,280,17.805546723110393,5.247508536352026,0.8428148535845117,0.8437893386414723,0.3903241444582161,0.5756889769522484,1,1
19349,23317,23,4459,0.6151522635718363,3619,345,2.066401306750271,22.832017241416665,0.8022743230447615,0.8878096627287136,0.5882073704908716,0.41702400104411164,1,1
19486,18775,3,2985,0.6713619813027999,1900,6,9.108617763771111,9.34903268873349,0.6709945780083552,0.3556789055919509,0.27971655393608874,0.6296147857240519,1,1
13457,14039,20,4101,0.684133637863857,2091,110,7.870160430279719,10.926003267856558,0.19610065239661612,0.3545741044923089,0.5003125041003449,0.6630599027102306,1,1
14079,4439,10,4167,0.4742205051453473,507,220,7.103505835065606,18.240936403119683,0.4802835388892712,0.44363654928064067,0.01852194688771309,0.18315512771253356,1,1
20453,25553,10,1677,0.7912730600492526,1483,269,6.9757495721504545,36.783341838940295,0.6027259454572739,0.9084493188696254,0.6594500486004624,0.6931153001081702,1,1
26814,14634,14,2071,0.9279051031151723,4097,171,16.267710484336625,35.96736220531103,0.9321375268403516,0.6503379527247064,0.7984258201756725,0.865269901274921,1,1
26263,23864,7,312,0.45477172360858814,2250,251,1.8131064784386668,20.503729894810043,0.16942374019741058,0.9790573287475077,0.7637651938871008,0.12231432631808206,1,1
20158,3055,16,3561,0.40524369503114527,5989,214,14.286120391772283,6.577544247043203,0.5154468071461137,0.9178921380907529,0.28791587243025163,0.5686493790090305,0,0
23735,22708,20,962,0.822460099545819,4011,62,5.6733974502980375,14.192506141125477,0.157751638878312,0.9196819926227455,0.42488102563533076,0.6132932176905593,1,1
23830,26161,22,3392,0.5248491722707085,4328,47,7.824375928489985,24.751721496916495,0.44384934057415226,0.43222491643441285,0.1889735704989855,0.7033430348098105,1,1
23125,3105,16,993,0.7492720266350907,1065,142,8.432473562001533,41.862353598670786,0.2001349746309229,0.6541467834961334,0.24238992427515102,0.42790336422924957,0,0
19905,6201,19,3690,0.7952853363149957,2820,113,6.528073942216767,46.50796689622653,0.8361862083152113,0.985897982283532,0.36587688132210394,0.7959037693283262,1,1
20298,18184,8,1481,0.5560228886923659,1400,52,3.0437212202840644,30.961133946123933,0.25473627763751294,0.4453883073666683,0.5976647254828531,0.5589119963007568,1,1
10011,3669,12,3318,0.871692542352502,2678,130,3.386459005685674,17.482265053377862,0.41710471624402423,0.7175094103156445,0.014305912671073085,0.447596111329315,1,1
11373,15663,9,1804,0.7019929485530988,4092,218,6.419163547363631,33.5923123236358,0.4077876524921352,0.5703391948499743,0.3150193043321033,0.7113681913760824,1,1
18335,28318,7,2202,0.9061596210891537,3271,132,15.059849372639635,16.802816383568135,0.8662949600217585,0.5982292096130273,0.44519753465871886,0.8882692018644941,1,1
18692,3966,9,4471,0.8385078736377264,613,202,3.7213562709922954,30.3972523105805,0.7577974647322603,0.9201072025859207,0.17214643374943003,0.7902013972108476,1,1
22527,19691,3,628,0.9058884045039705,1031,206,13.753557246907857,12.457028869696801,0.057575489015084025,0.726257644283061,0.06278295847683193,0.891065061290135,1,1
20773,21522,20,1739,0.3629032845554522,2022,196,6.266350535583246,13.548468957874764,0.06708745716816433,0.8356168892088354,0.43165908745466264,0.32604454772567787,1,1
9289,14656,17,4146,0.5058440068727006,3910,111,16.077171429349534,4.535602684932785,0.5511972451307041,0.7808700143969542,0.5102479875886238,0.20073602525370177,1,1
9447,18893,8,4467,0.4076050818854007,1544,198,8.567419844110574,20.746634154019223,0.42771902735779344,0.6885700419647804,0.5128018323011561,0.5541971176350247,1,1
27583,16089,11,524,0.6329331310011834,6339,331,4.333434669406697,30.054202444496383,0.27558422053684206,0.8566951672130406,0.2852675080284742,0.13776586111570766,1,1
27567,19493,13,2820,0.9195744778338036,532,242,17.76643342682342,38.07336235909919,0.7926209382074053,0.9712690597826458,0.1898894367512538,0.6734013035830675,1,1
22139,6632,18,4014,0.6492257678507962,632,136,4.414469567293541,39.08638160737161,0.12863517189899942,0.9687645145317032,0.1763091512127203,0.3040012947757213,1,1
21757,26112,8,2707,0.8938163485314522,3467,87,10.865727050332445,47.6448891268367,0.9740569128701518,0.855249280635757,0.03241915204584531,0.4861975751469034,1,1
13462,8684,23,1110,0.5593940723323634,2226,288,10.893226888586215,5.124519114337209,0.024102506752160968,0.6618910436795065,0.14774668157197743,0.6572275644584203,1,1
27600,16266,9,3417,0.5673248465953615,5570,226,7.651421944433368,24.17742811695395,0.11823072461084361,0.4544217338823688,0.6548849016871418,0.5106310078657463,1,1
27520,25883,8,3590,0.9231595074092016,525,110,17.199561777060662,25.50460504391343,0.311316654275852,0.3784611257420124,0.002441012608861204,0.3006527514815643,1,1
27702,21299,5,2551,0.622522973767489,3148,298,15.423930279793572,38.813071039760935,0.5091490952555031,0.4981247797542042,0.035110882045863524,0.8483149419966762,1,1
27166,19940,4,2829,0.8554499121885865,5140,70,15.192022753830994,13.518850232675812,0.21613615847932388,0.5677651197424278,0.10161515222325371,0.7498550228840403,1,1
15657,27003,20,1223,0.5014518706444169,1761,199,17.573506934586383,4.2604990371549505,0.7362151488540264,0.4331037541875537,0.33619246614060344,0.6109116195340344,1,1
12920,3104,16,3352,0.9572325309936867,2565,192,9.042304080239226,15.746664082615725,0.3575419034259898,0.4938498109519694,0.266990267491793,0.6937592240671393,1,1
18345,5047,5,315,0.7177300777795654,3845,51,3.103565297730483,47.24460796602026,0.038538333396937574,0.4034690973189658,0.14226868644358284,0.45302701298374815,0,0
16417,19529,10,3896,0.8359670838901772,1433,29,14.130022769921597,43.273736297755555,0.8777219674406442,0.6851532621203065,0.08875957928552083,0.4195082819556032,1,1
25160,20257,14,2703,0.4072900478687267,6932,70,7.783407560956908,19.576607164492625,0.943865673086063,0.4308436423510701,0.751090029551822,0.2360948393692232,1,1
13208,19682,19,4310,0.6653051045315383,1550,339,4.640695004758052,42.18478394101785,0.6185636224370442,0.825371923150691,0.729000177034392,0.7830527643322774,1,1
8687,22622,22,2946,0.9266646385497749,1316,71,9.473581163134181,2.5394607534829596,0.8065363885704051,0.5628958580122129,0.6175188867090242,0.42388760840403206,1,1
24913,11837,17,1401,0.9113047225877149,6530,201,16.774362512758195,15.767591640817425,0.12111153869330182,0.780120137095188,0.20161757977933423,0.6884753783259155,1,1
29451,18407,2,3275,0.3799609326299056,4703,250,4.327390813741369,35.16015685541459,0.2688202817866646,0.9148124384514461,0.258958425613773,0.35495069262278345,1,1
21223,9382,5,1390,0.5443670202425259,5543,300,15.503530451290741,11.408255797791432,0.3252316876781838,0.40505058722368664,0.5326759746108389,0.7765908711076424,1,1
16080,21895,19,3206,0.6337248041466113,1237,104,8.400381536649437,10.324374719903414,0.9607531669484962,0.9829605039441347,0.2333591160781696,0.18945689963296986,1,1
29902,25980,9,2046,0.4602494811877044,6967,182,3.7572326816018426,41.504954660325545,0.5122226399073675,0.7629557391147106,0.4244982505818848,0.6312620694348271,1,1
26537,3783,21,2020,0.817198919033581,3414,119,15.498308015812832,29.94983617060696,0.007413558813959997,0.38415419867945977,0.5210270755143878,0.7864555047252495,1,1
17486,24376,17,748,0.4680876771831754,4102,172,17.498735629658572,47.48406776066568,0.3801858228700955,0.5509614284327469,0.4153570372103652,0.6612127090885399,1,1
14094,3370,22,3312,0.5718494043967272,1292,123,6.305966811277692,7.329474785119979,0.00775060086557644,0.917196895322532,0.33062781097212063,0.6916984356738352,1,1
29158,18908,12,3804,0.7744996075890036,3675,169,6.508347462394136,17.738035139957894,0.23780574047244585,0.7315895067986546,0.27831521084601524,0.5470906121050825,1,1
15692,3486,21,1868,0.6585371804956671,6463,223,7.944008720158897,15.62702847477317,0.4547000671411774,0.5338223150367456,0.6221999331539947,0.5751771975424509,1,1
19088,26762,22,3486,0.822685464726332,1855,201,14.933151013603318,42.366215172788756,0.32339305542083663,0.951916534015049,0.5911991959821093,0.1560094230391898,1,1
11103,17500,22,3791,0.9651730567826302,1885,322,1.6718837462017468,12.998936442021499,0.032734212285170705,0.853841645061006,0.5569824513146867,0.313182674954742,1,1
10440,6196,22,2846,0.42458988013772636,4492,241,5.195283103669317,17.612666890685993,0.11633572240877943,0.8207446375359666,0.2997416905556892,0.7136394346981313,1,1
28519,12552,20,1347,0.804123338494759,4884,173,13.147346883254382,7.713192156745092,0.5508865612227329,0.9185933568042898,0.6205893010786236,0.9036082087490152,1,1
15124,23671,24,1364,0.49742025960455327,6063,80,8.19305093301118,37.44384618451179,0.6956049043844853,0.8426591646135141,0.7661629055828455,0.560513813953999,1,1
29585,5261,20,4121,0.6152651055408442,1560,291,6.949877778974105,12.172054346066085,0.4045490122329026,0.5335125460472723,0.5511836152931934,0.7167526324190692,1,1
25228,13813,19,867,0.37103214450888944,1871,37,15.892667666883288,4.211052794914316,0.7314817464249069,0.7236870883363891,0.32631940085593486,0.6810428900221791,1,1
22031,12148,20,1736,0.4369807246673273,4638,303,16.63600968241295,21.450110436472144,0.16333288851514371,0.8890631473676565,0.6371850102615755,0.9494766729062656,1,1
22536,11572,12,3005,0.5546574649912958,1649,353,17.141772616242225,19.39853182619213,0.12205794780768608,0.46574278830261434,0.48744166084170415,0.7757537731657417,1,1
8446,18008,4,2783,0.5688709153843103,6652,234,5.997083788795894,9.34763260235265,0.8394537159432758,0.45433489888077006,0.7021416360750196,0.6335002337173962,1,1
11915,16085,9,4079,0.9257345385357413,3702,199,16.556458057395265,7.279085315112729,0.33921334849219964,0.45174479844536314,0.5705460253153357,0.1978854183564407,1,1
23787,19622,21,3094,0.8247602619305696,6827,298,13.659931653000266,43.138189029013255,0.4322479219444243,0.4743233757840133,0.6159360430007235,0.4082627050971219,1,1
27493,9843,20,2160,0.9721970996397062,3853,301,4.044543350061581,4.188690867907836,0.9475816023172965,0.4160677219924593,0.5339491705090151,0.31309411220975597,1,1
25618,4105,11,3636,0.7334057666145539,3442,282,11.56945546708547,5.667614964727038,0.4241123279371093,0.8860825727770664,0.07361636692924182,0.825624288261196,1,1
14587,20770,17,2190,0.5046967885384435,5672,234,1.9345245185653552,12.517222213505082,0.003490105851904235,0.8737236610543897,0.38809377595319844,0.4792470618401593,1,1
8226,13441,6,1397,0.5596992191498514,6469,100,13.188239570219276,45.783441913855604,0.9379719395498357,0.4468761547898208,0.045191899889435484,0.5550047169100589,1,1
28527,12719,21,1938,0.5546949909068589,5128,175,13.603864123740482,5.013059727433191,0.01411863348582798,0.8015437930946214,0.3580393224184337,0.9200998047359799,1,1
19151,21051,10,1958,0.558956369704481,3948,321,14.524085391817456,39.352696856915465,0.6622862837291981,0.7512643578943677,0.5731415908723408,0.8111812314028969,1,1
13558,5691,9,1425,0.780697070791562,5914,334,4.346663393020176,42.926451205984876,0.32289090953250354,0.5267643299919113,0.33700437734843824,0.7713472212040904,1,1
19971,27140,12,563,0.6897170739778664,5827,36,11.86612402563426,18.759783848191613,0.470390756560205,0.49551579756372444,0.0013042015475110526,0.22088670626413764,1,1
8186,14864,17,3292,0.5966714739754524,3547,49,4.451135299656297,14.813036792096593,0.5472851676961841,0.5103749473762698,0.29542807448066294,0.11935315898621149,1,1
22680,4996,8,460,0.4454174519863786,3210,76,17.119726375921402,32.836753228098175,0.40846005729555424,0.8176035891883953,0.054207186552283564,0.20671610247994854,0,0
22559,4425,16,1556,0.36416906428297335,2000,24,12.63767642923377,34.02382622868048,0.7743687871821682,0.5543629224578885,0.6244771107992486,0.7292408310222049,0,1
19069,19378,22,610,0.49005419365612324,6589,243,3.0728764920669196,37.65892665273531,0.930706409664446,0.527893937675183,0.62700125543348,0.44911012809606665,1,1
10535,27407,21,526,0.418781698539956,5549,203,4.586031795096076,40.03663872245951,0.08641205211886827,0.3643879039159353,0.64510287149682,0.1998491484222719,1,1
9932,9849,24,572,0.8526848197454332,568,69,12.447091619140839,13.614586432579982,0.8002528812349731,0.9312713560169739,0.024261753094187457,0.7281665780207,1,1
10032,6247,18,2222,0.42199869300088666,2366,192,9.365063186633542,33.28719528867251,0.12867114090064513,0.8317306524665369,0.025815447107851688,0.2653964279087387,1,1
9252,21976,7,3457,0.8135060718763751,2448,93,13.648911492479494,7.340569041379749,0.08027718324960775,0.652581552516301,0.7227594869247487,0.6006868132035322,1,1
13509,4490,16,2638,0.5968215614566929,4401,205,6.133015182273375,25.004372582575222,0.9558314527221288,0.9534732290243663,0.09894710422513252,0.7303113976679333,1,1
13074,20608,9,1901,0.3969621694360166,4008,27,12.355639357976768,29.805685076091937,0.489297781491274,0.5378606155362702,0.5360721843552682,0.6168515311186753,1,1
21900,21971,8,4018,0.8701472316362149,800,300,4.4198427725022436,8.601401023797754,0.1526032910092886,0.7818112276372149,0.6363635137569519,0.9445910597135972,1,1
22523,27098,3,2722,0.7209635649514325,4622,134,10.471219345457046,4.595807366818418,0.5699571132170896,0.5452962417143835,0.35829096298447394,0.4690383124790396,1,1
9881,22448,14,2225,0.5008873682326868,3477,158,17.30369326057477,10.15307545498107,0.263237138769553,0.5513263523321268,0.4371776741713494,0.3650343244684684,1,1
8269,17310,24,866,0.9225959515729074,3100,82,11.865666832801276,20.767671149061254,0.4643090168079942,0.8906138666977726,0.18190457886075073,0.27101717808493064,1,1
9630,27188,7,3215,0.3789653208771529,2653,194,2.324894688831122,42.72852595732261,0.6246595938799103,0.8536940502117316,0.7388799641143169,0.5282126864992749,1,1
28789,20216,6,551,0.47916454924656826,5181,304,17.81457527265434,25.999977953132177,0.8692698288699947,0.5382287556207033,0.24144088227154406,0.8246079492136642,1,1
25958,18401,21,2654,0.8313100337957511,5405,158,4.088294439206282,36.179165911497556,0.003081398269308311,0.40208929002662,0.17424895150086064,0.9048779114395793,1,1
21383,15884,2,3801,0.8040018753983291,5229,117,13.348140194502234,9.184792829697988,0.21414066091594874,0.578853849338367,0.4203228200974629,0.926246641998338,1,1
24152,21824,19,2611,0.5351338839836659,4518,343,10.286745644559232,5.980975308595596,0.09627054291877957,0.8364368227106018,0.1524109783206801,0.5516715877048672,1,1
19084,7795,16,2415,0.38969592022578114,6334,121,6.3569513487710125,12.26201580871527,0.0970977015590625,0.41434839115840416,0.5493533035022982,0.6144712937142603,0,0
9695,4646,24,1902,0.8991699662239641,3582,9,4.4256230095572,15.752379401146875,0.9457774131399048,0.7801445534228816,0.4120923597378,0.5943087999798438,1,1
27642,19142,11,3570,0.5507664883647376,5254,330,4.432089010565809,26.760794884643374,0.9360829345150524,0.9194484863448991,0.11824356320878718,0.49607653604916935,1,1
22821,17306,4,813,0.4752565855540897,1739,39,15.663594739934648,42.418436057128716,0.7493080797012331,0.4647053795872301,0.05379713468421868,0.22940384216922716,1,1
11262,19824,6,741,0.6802795663110253,3433,276,15.903056483696487,21.026352988536175,0.6430630424009155,0.9018107675431705,0.10956279579279499,0.15563988375074336,1,1
9445,8956,14,300,0.9325454075407663,2868,163,9.174901106807749,25.383514828713594,0.847970446357703,0.38287288477241027,0.10929972411580824,0.47114221134297984,1,1
24436,16928,9,1202,0.3778698098197602,959,214,3.2097541382620687,1.2168361912912704,0.05840873809056757,0.7768033651779606,0.2502804200926629,0.25824254098601807,1,1
17949,12721,23,1520,0.8401146163397681,4528,18,16.088724213472034,2.565666955890472,0.11948579310122842,0.8562649090405585,0.6666165193530005,0.8536539833194103,1,1
29954,14157,22,2621,0.7163828658807737,3126,29,9.53577202188897,4.937152396594738,0.317112923296334,0.6346503153019727,0.045835216235898285,0.7474449531360664,1,1
26050,5367,3,1155,0.6222874345931628,4263,339,8.739579977304075,33.852722017514346,0.8324923798965135,0.48038636468064866,0.10247115100989648,0.6256456983809527,1,1
14901,9696,10,1317,0.8262114842272383,3301,222,8.221390903220733,23.850994332280116,0.47223254276651017,0.9418268792982436,0.24231934620773396,0.140300178830052,1,1
27169,8190,18,2520,0.9681276316426447,4755,258,7.522733868676893,10.069176330997331,0.5035747634376183,0.362780075906028,0.4426665431230574,0.6289086020473543,1,1
8719,7663,19,3804,0.4966919751441222,963,207,10.179089159541803,28.8521736184215,0.22926542965380758,0.7052455867069007,0.6103062723549172,0.6279088189128964,1,1
16597,10062,14,495,0.44193431364615654,1497,105,11.47493023909312,26.5967711354947,0.6483874811735261,0.5886236215712206,0.7369531620382899,0.47332956906948165,1,1
14855,7331,2,1632,0.9342443169425261,6141,233,9.196131358953771,5.1735671850698,0.8878421540622642,0.6450766051078692,0.3296705669128346,0.659090042249729,1,1
26678,28880,13,1817,0.7781299695726743,6884,203,16.294694697008232,31.099400317705875,0.3295142198584675,0.6934016360184934,0.08466785153858121,0.8292273513484858,1,1
16263,22418,21,2997,0.6303110537996581,5531,182,6.741410270736705,37.056279013633976,0.6191859397698841,0.6922391182505656,0.17081243468972496,0.7442888258133635,1,1
22520,14880,21,3407,0.7168861249691412,3506,280,11.042145636981893,14.468057162327554,0.33194896411182206,0.48031914480411647,0.2297981042294545,0.5024190724813862,1,1
19874,19246,22,1357,0.8271928993127962,2178,316,6.449239683200757,33.31197651373245,0.7927191118343301,0.7850094866560278,0.6288781155959566,0.32294182358852497,1,1
28866,28761,6,3005,0.844740415171659,1364,134,13.930275392576815,10.386817299412847,0.4749597369923172,0.3622549063629735,0.5493146540811465,0.5061617019945827,1,1
22079,6262,9,2363,0.9387322757241373,1690,283,3.1849981389158883,36.566254244452004,0.33946902221970465,0.3635578202962283,0.16720425872334027,0.904075210610477,1,1
25082,16320,16,3092,0.6231793848931985,3197,292,4.613533447122987,43.85338594876785,0.4200488542112919,0.6562318984181184,0.6709964040508067,0.7969885751553796,1,1
15243,21491,4,720,0.5377829824124127,2874,145,14.719823263794687,21.76775481867741,0.09122752139622825,0.6968178433729766,0.6873246754798049,0.12298373628877185,1,1
17018,10036,7,3114,0.7593851307454988,1364,17,4.522760321122389,12.497237675946039,0.8661171533224405,0.5259292682881667,0.7059510199669172,0.7655187633591591,1,1
24732,23704,14,3140,0.6160658555388994,3076,221,11.824814712213213,19.76130500329189,0.9580690553381048,0.7030723415211735,0.22000335098212975,0.24497399222500935,1,1
29758,25322,13,1331,0.7305430105273458,4415,190,17.50901695641925,12.753641214818694,0.47741417973541656,0.6803099091107776,0.1069841959320633,0.5854446330821055,1,1
20100,22131,20,1791,0.6187909110118082,5892,31,10.127695127138436,1.0582506610196463,0.2213372080781394,0.5735011550544926,0.08316592558421716,0.7855399071129662,1,1
24691,7677,19,2185,0.44791730347403164,3426,222,4.592041364611143,31.57146075480892,0.6646561990889387,0.7671357673888746,0.3200702027517546,0.5770951595144693,1,1
27800,10972,2,809,0.6504331210617333,6531,18,6.791402253928519,2.998752172223255,0.4523814795411427,0.9630798185899323,0.34345984822374,0.4432816171180579,1,1
12820,18329,8,2159,0.7921874060422609,4929,146,15.08705826149493,10.888364790209858,0.2523000808384197,0.6641137244320867,0.6945679983793411,0.37307749126286804,1,1
19001,7264,13,2158,0.8615416369072959,6239,329,7.302405066479566,34.95512913810159,0.038433143490149035,0.8530724859359874,0.21420483588874736,0.35933520450076506,1,1
21907,6133,11,1213,0.6657288171497899,2897,328,13.437937423991924,32.289075654041824,0.8897044517885121,0.5084618006867133,0.5015137133061696,0.811813378776572,1,1
27942,14612,13,2365,0.45575224973465656,2721,59,14.326276037586169,4.4464588661697855,0.7967343520450476,0.837648379844788,0.6305701678598098,0.8012932632996663,1,1
28862,20849,12,3266,0.6154001341756362,6759,195,9.769516979545209,32.02257283071662,0.8290060576393794,0.7652998108812763,0.2153223155355214,0.7998701510608816,1,1
19669,23493,5,4137,0.8532281144586868,6314,289,14.423020842045418,44.73701981006178,0.43983973093138884,0.7594065791541145,0.21371167742175665,0.3403196605255968,1,1
29004,21595,20,1896,0.6142299331949266,6285,93,6.728899573065537,4.501616043854607,0.7532553919534275,0.9215426178830256,0.5353242098828833,0.7790801055334076,1,1
23916,24923,7,1355,0.7957797079067023,2282,49,10.016634170820696,20.537346700801905,0.5812252638799956,0.4993441631694411,0.5809090243038574,0.13113961534237648,1,1
18878,17158,10,1323,0.6746167562739774,6719,136,12.828211355540319,35.283392835364644,0.37477529641349305,0.585808074938203,0.7678101130064341,0.27548782271248434,1,1
10985,12735,21,3504,0.5043828000700139,4498,70,4.273206930522276,32.382981149361925,0.84274208812218,0.4031631724870308,0.6799525365261361,0.5373275408809088,1,1
16112,4689,11,875,0.8595363251347675,3303,283,6.0147624618061295,11.645995496066421,0.9987575480444183,0.8147167851322957,0.6576411230959154,0.4457342382087781,1,1
16467,12763,6,498,0.4038966106052397,5700,328,12.258603955995259,8.664162042345199,0.8992823072743599,0.8900750625917515,0.5538513789578424,0.19510501831722235,1,1
26931,10727,14,1665,0.6859297809632964,4667,152,12.313441977187631,37.8596091899238,0.7761919716863057,0.6097334423243539,0.09478930683835021,0.1354623908796333,1,1
8336,10764,10,2298,0.48369026191577913,5047,149,9.639493666474152,45.943498796223444,0.7475079721923769,0.5783691638196861,0.6473929803059852,0.6194954657563231,1,1
18165,23925,3,1316,0.3929220022664804,3458,10,14.627158386904988,37.07642297451297,0.6502488430168548,0.7715371877481776,0.7482573806908369,0.3664590912397181,1,1
27363,22925,19,3918,0.6718777197332793,2278,86,9.453905883082097,46.270610663294256,0.8536174968395771,0.3983778949051756,0.3125742531939719,0.11356747072241802,1,1
20768,16003,22,325,0.6697197797983511,1325,127,16.0418173793266,29.43478493444101,0.493081247824666,0.5380588135272408,0.2509295667088604,0.4662604357187735,1,1
11968,3818,2,1858,0.8024165770724614,4161,171,13.6424066093871,44.6676464525201,0.181729510197993,0.5843761910625176,0.4179853138560953,0.3607520487190685,1,1
8910,17439,22,4024,0.8266404435532191,5931,241,6.692465244505131,33.45047764360968,0.7680497242692065,0.6818977817796813,0.765164480375299,0.5901162474337878,1,1
26380,18077,13,3758,0.8157865527634539,3869,109,8.021691139995166,43.71758325945107,0.9195063741758853,0.655004300460166,0.04066581933875142,0.8903418661054376,1,1
23632,7521,11,3656,0.6121175890667232,3595,294,12.516830315202453,8.594681494570766,0.34135229193049954,0.48355547057576115,0.5671045125785211,0.3616863856736424,1,1
24279,4124,3,2667,0.7542814638249999,2657,242,16.258468210587605,39.3315651399656,0.7829832979571356,0.6961042392725327,0.6517346665658925,0.9475660405417238,1,1
11129,8660,10,770,0.7192449552921345,551,314,4.448694089607894,10.247052644812268,0.2737227030824141,0.9425559621675326,0.6309993333788286,0.17313812022073805,1,1
13447,8641,3,2767,0.6197995239148285,6558,86,9.991948389242673,2.2891677914599917,0.942600273358682,0.3673362497901631,0.4534195239762626,0.17503643889036394,1,1
14129,20513,24,1185,0.7322161242790357,3861,98,3.459942951852216,25.326548300019258,0.6834609920137866,0.7853962063389903,0.7364503977381687,0.7060159456038307,1,1
13850,4702,23,1175,0.9562386410920081,4015,325,6.111010062782165,15.957833686406683,0.5692759871823971,0.7498137774478777,0.10761900685084669,0.7363370386727393,1,1
28588,21385,15,1241,0.47345199595608145,5062,347,12.8186924283385,3.0459740040368395,0.779870157903575,0.9416332510154638,0.19612047739508967,0.4594405160385905,1,1
15446,26296,12,3341,0.9296941413027369,3830,289,2.782621481594668,47.07430580022349,0.8132311705575417,0.7630207618605324,0.24556504246783276,0.34314045712510355,1,1
19949,23262,24,871,0.3842115289492469,2174,301,12.428916601165982,32.323906488029664,0.8923698982253471,0.7498993359878677,0.006941927753280375,0.7749017615342996,1,1
16519,26616,12,4449,0.5473690962570628,6528,323,16.3633834955974,43.38517214113314,0.9011195328474305,0.8426756224628738,0.2965354057660096,0.912803103003275,1,1
8314,14139,18,904,0.5344129591113781,3365,70,17.494609801804692,47.956881535981566,0.05269082555354654,0.5213958072445826,0.12852787026288892,0.9414166093060579,1,1
19737,25715,5,3829,0.7508736690437796,1861,116,5.074431316921006,19.422436623541326,0.12290760801279543,0.7312686479566317,0.5797009217263781,0.6392859681581887,1,1
9134,25419,14,681,0.4339839691374658,1286,175,13.856816284029952,12.972640350503413,0.8260608781872083,0.6824295099915814,0.3319622457019182,0.7290975221578788,1,1
18938,18702,8,1536,0.9147024715774423,1055,251,16.785112403641243,9.642566456280953,0.9460516533801783,0.630622404259183,0.5635675576734809,0.7989096057918688,1,1
29260,9523,17,2680,0.8802729014176264,2539,70,3.007593629015694,25.213794066193103,0.30767184812394055,0.4008717871164549,0.23492261579643162,0.7790393450956159,1,1
23588,15397,2,4079,0.7673221245985777,6902,72,8.331389540071887,29.485796542601403,0.008601818432715347,0.5372824691282184,0.10553419793728169,0.944383457394075,1,1
16347,11111,14,2405,0.6433848523470065,2262,38,16.67026115339074,23.203868593528668,0.32270518903519796,0.5291882969537085,0.10559121884406492,0.7888670744074479,1,1
13592,28120,2,1817,0.9470918669709302,2612,5,4.845993721204697,19.200844697747073,0.38286413597257163,0.8135206125849606,0.16261100195022016,0.6631865648962753,1,1
26108,5401,12,1833,0.8816777950211557,2710,155,16.90705128249939,8.908810482579032,0.7610333647234023,0.9392199265346783,0.09217255409671293,0.41978354871694246,1,1
27727,12481,7,3594,0.6695616947719967,2201,276,10.198669172948344,21.767402319099325,0.04758466563783914,0.49770382264118307,0.1764376591251816,0.6082886155388927,1,1
25270,13067,21,3740,0.7991989468507592,2586,262,3.1482358618696686,5.006427442716053,0.21264023609266025,0.3977593208904486,0.46322747574355216,0.8483055329171253,1,1
18997,16376,4,3789,0.7128351693949981,3212,242,8.922975726465998,41.65724466771682,0.8939685861946396,0.9899724507960129,0.20506881197092364,0.3596580534725722,1,1
8721,16824,13,4245,0.7262830325684893,6963,120,6.883309725206592,3.204424648604092,0.15482040945143405,0.7923714112857951,0.27435724918722565,0.12605467172678003,1,1
17104,16444,6,1170,0.5618246844399816,2907,80,6.156368649104837,18.89036490138307,0.7592476519683428,0.9173413420737647,0.04218718683126568,0.37810487664233683,1,1
27741,15879,10,2450,0.6457341469599339,2816,287,10.434346997955782,5.70647984501952,0.36131041557907584,0.44208282615282957,0.7137672740558383,0.9161955501251079,1,1
8870,28358,13,3532,0.3999977157054363,6967,23,9.479279397405856,37.42408347495268,0.6626602149213862,0.862491546315116,0.11052879366319744,0.7749574355468763,1,1
14751,19112,11,3531,0.5787031626653392,6969,288,9.452458133731518,15.698638004912562,0.07384650330299192,0.8705271974323842,0.2789326684827814,0.25906889859981475,1,1
24881,3539,20,4066,0.7953302498317772,2110,39,2.9543385632014023,6.315963794670076,0.2865579450860434,0.44695291263398984,0.30358340027064856,0.11020082952091442,0,0
9756,13974,6,3507,0.9600582595239592,4852,328,14.738249986947753,25.98009104663215,0.42478973749672,0.4532986752602213,0.617701015221048,0.6687515026532413,1,1
9117,16846,6,4126,0.966361032168333,6843,309,9.44374870337062,44.065019339788385,0.8572126260777889,0.5390887783179527,0.38683428264518577,0.5921574152638777,1,1
19601,8615,10,1912,0.7056626362399306,5205,245,15.044946173580925,43.706308942602554,0.5634958576461176,0.48874396648687346,0.30636503105436613,0.17053468378664283,1,1
10828,19016,21,1377,0.7382382411581325,1627,11,15.10581158559068,12.733598933241126,0.04522529307768919,0.9742623411562201,0.5566997588723566,0.9210969624702889,1,1
22996,5956,18,1600,0.4688615587206192,5991,41,6.732732859992713,34.824004770130976,0.8018665733261261,0.582284053527318,0.47761180056148833,0.6251242234610483,1,1
26031,11077,11,2458,0.7949971891798596,1404,157,1.571714012825604,2.4233570635265895,0.054521488951482566,0.8372361035310124,0.06250766702961111,0.6537928337991971,1,1
21878,6722,22,2571,0.39522162731160715,663,249,16.535553678058953,7.197034435660957,0.9343665639919007,0.8652325142289105,0.25016020096606717,0.8255581256560728,1,1
14992,15059,2,2829,0.5321988389116445,1636,254,14.051462435922964,24.47520140474764,0.21171744604038956,0.5970021677789917,0.7828865028794152,0.38650377834653793,1,1
21778,8087,23,3560,0.777752542262683,5210,119,3.269657287587273,11.751552420952551,0.48792614465705475,0.7868547547406947,0.3866681624245549,0.5745150371374249,1,1
14771,13338,17,663,0.5485984841878331,2525,45,13.078496061051172,38.51830713612649,0.07228096876630907,0.41899209017326533,0.3393544558488124,0.589760078001151,1,1
24526,25844,16,1145,0.38190199943325076,605,341,1.83038393303653,44.76039208647508,0.5617123862977665,0.604055712948439,0.11993584102376459,0.9222522237283891,1,1
27145,5170,24,3332,0.8823970619846168,5294,66,1.958024642141525,1.2036658746907651,0.4972287007284817,0.9690788224607358,0.6712561390921237,0.2117635246043636,1,1
11435,6391,18,1627,0.5486112045661203,4959,173,10.1760834533644,11.94704399124605,0.41024853488134294,0.45785961850470636,0.10664630199364744,0.7450761112303849,1,1
14622,9942,21,3462,0.39038734390955415,3592,146,3.0846175823997193,21.659007265582684,0.03557291703403975,0.596855235008404,0.08406699535387824,0.588878527257937,1,1
20852,21000,14,691,0.3978644252818337,2521,262,17.411552621001164,27.46472655256226,0.878936378651503,0.8559337663309008,0.3512002804198063,0.8185721771707649,1,1
22806,16806,2,3555,0.5111256312248023,1652,92,16.248215239729333,44.04743054682875,0.8026365988128625,0.7758708831426945,0.34931750349530755,0.8071589701010171,1,1
18623,17792,9,2359,0.4639302062217768,1198,52,12.221898515590098,42.91852405421879,0.6330300203289908,0.754171905007615,0.785175189344455,0.110225756396582,1,1
28896,15809,6,3537,0.8455520753792966,4367,315,2.551198018832169,30.946994674994396,0.5722299826339304,0.8960847739791503,0.10202678925838776,0.3179864726925993,1,1
9848,17855,7,2346,0.5558777898669021,3770,16,6.859781753816574,13.097236661942574,0.6949464313698313,0.3686200595351664,0.3870616789368342,0.2536947414665055,1,1
10696,12108,24,1605,0.8650053024254928,1246,215,7.633429465449725,37.814527064282984,0.14399001591436722,0.843545195636475,0.1609962496779935,0.49245405063837844,1,1
9717,9458,21,3194,0.4612614386068178,6571,248,9.434517291173545,10.524633250499893,0.932644246316484,0.9148313850981237,0.5614111133719938,0.8694943426607619,1,1
27456,5756,15,2332,0.6654426749082136,6239,243,4.286897421106461,46.36309923255039,0.28467329150464094,0.36035166559756593,0.31334950165434305,0.10425514817482315,1,1
17259,9853,23,1064,0.7903437654740024,1460,201,11.028942106153732,1.2744760394979062,0.6564902724430023,0.7077362887086756,0.5187743115206455,0.5149631793934407,1,1
10786,10709,24,798,0.767274146474147,3991,261,8.690215690502184,27.779213683671372,0.6067556811419047,0.5730966305348035,0.27072894690210225,0.8520744199322062,1,1
22154,21320,12,3668,0.734722822355372,3797,239,17.130399895982166,5.154670605316505,0.6366139797156086,0.3824881336406673,0.45163678930702783,0.8872805706228226,1,1
21409,22475,7,3244,0.9418858252359487,3477,191,16.947221288816117,20.157177918555004,0.8789521230821122,0.6173587963636118,0.3753095801503344,0.6587038128086461,1,1
11791,15847,12,4104,0.49625609453231634,708,205,10.830320263109543,30.841876394589605,0.29591120665061976,0.762179290350007,0.2994919819762819,0.8052894529985235,1,1
11871,20352,14,435,0.6659802908557475,3816,107,12.131764043843832,33.411129292820064,0.7489481882526573,0.9381687242172111,0.43001983413438793,0.37545796505719753,1,1
9806,10297,13,1400,0.9157552320463416,5907,294,3.77364171826675,37.92176507467495,0.5983910639391692,0.7471395113574857,0.3070389416382491,0.3430655494039373,1,1
25888,19256,23,2171,0.3998520099809005,2391,225,5.184833440862831,28.886402029944193,0.07606033095464015,0.8983155721958317,0.6448150222275056,0.1417517000487464,1,1
27692,6203,3,4333,0.38576849168196814,1676,306,16.361804169331506,12.81200951044174,0.41415468088197516,0.4278057642717216,0.396190080202309,0.5277222296067688,0,1
21304,9499,22,4413,0.4993134640373065,4006,191,13.036237727779627,42.794902417938964,0.8379515732657444,0.4847335472148059,0.7225018131892956,0.48745721064158365,1,1
29432,8173,4,4312,0.7551335805043318,2539,103,4.625598255170779,39.12204841164332,0.3153473889305859,0.9709874330973234,0.1782433925777471,0.41612816708372957,1,1
26074,20273,24,504,0.5163229609278763,3789,249,10.908470050208177,8.522458932221951,0.48226388331287595,0.917936441764124,0.08969910382809498,0.19633398429631577,1,1
23549,28368,5,2671,0.4717535256376313,1952,317,16.92356063307591,39.846025657768905,0.4886385681536599,0.5005452499328162,0.3047738876066654,0.2961486850006092,1,1
11303,14650,18,861,0.6436334818293069,5261,311,7.195323251671409,46.71429224779264,0.6180098668058626,0.7474232843504509,0.1469276491091483,0.27312427345029067,1,1
27497,12173,23,3614,0.7427027640124233,4360,26,4.566036196064907,30.94929848997213,0.8840178597901833,0.5820849654582607,0.3144955144829822,0.9023731419018843,1,1
24061,10382,7,4260,0.5090769324907138,2117,72,17.04341706900012,14.244845486353007,0.17353919878515645,0.6499030455864546,0.1659287555018529,0.9214912867297474,0,0
23198,22915,8,2826,0.5424423595031949,6864,320,9.110878444819637,29.50991006985047,0.5046168826401256,0.9009620154190656,0.6945730471785405,0.10290836413015879,1,1
25888,3801,16,2511,0.7426779550793688,934,69,8.384492977935647,17.099148249970053,0.4242672592876121,0.8208560704851411,0.4543236238317239,0.2449657157722171,1,1
18655,11234,12,2671,0.9552725900732497,2827,296,5.914858796580379,32.769484120188395,0.2959200901005964,0.502603239500861,0.39807141198531043,0.8554636802018344,1,1
16924,16897,4,2981,0.7818347055603765,2146,221,16.21115736662788,26.605598094426053,0.9196081769537723,0.5522355678060047,0.630196075254637,0.13258907196537245,1,1
17940,18197,7,3106,0.8510586518941183,3663,33,15.452676653677988,44.68605876821831,0.008171092407713965,0.5354146942841586,0.10429361053790265,0.9019337857017258,1,1
11924,22733,3,4069,0.5847584606435,6636,197,8.149341590706442,30.04170153043773,0.1221047926303771,0.8496241781380764,0.6856117764164132,0.4230549562240232,1,1
17783,27389,15,2555,0.5242427900060582,5758,60,2.005119118301801,11.057139135176946,0.7333444499161096,0.663656589527572,0.3866432465649922,0.5578828981847935,1,1
12485,12969,10,1200,0.6407313556496784,5262,342,8.869748603351303,35.08016404706858,0.26344160468691347,0.9584635564956071,0.10914658361965596,0.7492466779868159,1,1
20629,6201,19,2050,0.8665650103754712,1940,216,4.4841572735708795,15.141280939461451,0.7231792610922434,0.8726797934265926,0.6555291729030178,0.30731932734078526,1,1
21233,19733,20,3595,0.6420317707459557,6595,242,3.8551121574565395,13.802374788593804,0.8322536107155628,0.485164435746932,0.3686201683294817,0.18557290665591525,1,1
20901,28705,13,3459,0.8919042616255111,4943,204,7.986044596274489,19.41350140200166,0.25461601683453017,0.8530033890269118,0.48368043396551674,0.7884559698063183,1,1
8191,12972,14,1752,0.9828140676448813,5360,182,3.1347694661863486,1.5638439159457556,0.1919442878630242,0.6738907822169131,0.7148871086809865,0.9369324509103338,1,1
12917,3583,13,1543,0.39609706606741524,1433,157,17.29816436437247,46.54961102758018,0.14530063268115778,0.5123744807556512,0.7125533057763325,0.6599613160933586,0,1
13831,15719,13,2622,0.3790624998935703,4778,48,2.28439649939115,26.019562233858817,0.20008861088244623,0.5825323154034496,0.7142551132451619,0.8014406638838051,1,1
18160,6377,19,1970,0.44573740986455157,3055,172,8.122598852078998,37.354213012029135,0.2671853891171916,0.9721607147157352,0.33353396735436525,0.9001155336522432,1,1
28706,25412,10,2327,0.5959965924699816,6841,291,4.184594583522966,13.119054451760281,0.8687498165405088,0.6597353232538399,0.5996847054240422,0.294292814251989,1,1
21682,27078,18,2068,0.4338670138530767,6301,201,12.865386805224476,36.0910521867804,0.7700044132524325,0.8105477437508243,0.18661668779536172,0.3978450609910863,1,1
20391,25580,22,3963,0.9072252656760038,1646,341,2.8003889120402685,27.65701360707236,0.0018443169182416064,0.6553345889041742,0.6649415908236258,0.2861721625244028,1,1
9874,26467,17,2602,0.3648136006573208,4496,78,10.522291974442465,20.934776167636613,0.8741191420980978,0.5877966552615164,0.2733778451194554,0.15251620618245176,1,1
17062,17855,18,1469,0.5521073384549264,880,175,14.256174670831971,46.62145363123371,0.07881229970197767,0.8597088116859894,0.37112996956839733,0.7224344277182403,1,1
12763,6401,22,2732,0.4682045628762914,1324,187,17.175987278308018,24.210654564881075,0.6552656175468727,0.8929275851360403,0.7131133185550204,0.22380896308536555,1,1
18234,16636,9,686,0.9461851713008207,2038,20,13.02570478899531,31.900553348814814,0.15147476821682637,0.396009066026157,0.644591961275346,0.17880298736929845,1,1
17221,22569,12,2730,0.7784678431296179,3875,72,3.1416140009706277,1.7210830000243458,0.06227581051095621,0.5285456570442664,0.7620089641113381,0.40398964003059823,1,1
19410,24669,3,3648,0.9336993641288797,2137,329,2.960589070283327,15.168394705436471,0.7597706975211778,0.6750374704837636,0.2907783918622222,0.15147269707638034,1,1
22519,18738,9,1705,0.9722903745986518,4787,46,13.571367800878086,42.76850360952312,0.467203113855843,0.5525585583644372,0.12086821572606583,0.252624569710578,1,1
9051,28738,13,423,0.6681428759535163,1024,114,5.052935182557233,36.67107587245289,0.5990625133111591,0.8514931231748821,0.7283283384624881,0.15945002640882788,1,1
20225,9772,22,4297,0.4999642291507368,3607,45,8.879448592448604,26.227439700255538,0.4253530187974589,0.4234293508792759,0.3945235096874908,0.8456861357867657,1,1
17765,27874,2,3752,0.47398642316581713,1593,310,17.614248172297422,43.307506234324414,0.06717186250784213,0.8605909032234068,0.7115206328724661,0.7627742314590247,1,1
19382,22731,24,4196,0.4926680714789379,6932,10,15.028462173663947,23.852364120755123,0.7396181662869746,0.7454473070047192,0.5856588741866228,0.8305875865466213,1,1
20580,13131,14,1924,0.8034997168780819,604,335,15.46879039545331,27.625832016825456,0.8203511211688266,0.535195339863989,0.6998423244176288,0.8380814141435196,1,1
19989,3788,23,1481,0.37588526599872046,2239,185,15.702703428013299,18.961183818284642,0.041420543088700246,0.5704510006023547,0.5237783485633722,0.9028326973778942,0,0
19939,24329,22,1027,0.3828710867409375,2860,277,11.722498112005706,30.14188172597556,0.37571719698393935,0.46705545925964886,0.6498976109765285,0.2586563807455067,1,1
26489,19184,18,4184,0.739211483125216,3626,189,13.774909743730893,15.993071953281069,0.55731653707016,0.5116469761908082,0.09626879907568604,0.8650077044502446,1,1
8307,5889,15,3970,0.7609165739119401,2176,327,7.42285509146574,19.11813234449079,0.6051834227669173,0.8090520761487977,0.7746357513701323,0.5462830668465134,1,1
11359,12569,15,1441,0.7757682715663744,2854,148,17.974362738452037,46.41733437074163,0.5781529411412988,0.5905658499463635,0.14478337811345207,0.24129637126278697,1,1
11176,24657,17,2675,0.5880035229366983,5416,104,6.113765799301643,6.2315079505807365,0.6929406539021294,0.7899898487597112,0.019602214318102364,0.6574073702603982,1,1
9251,13141,18,4331,0.865804728777058,4631,94,11.235122154508073,5.947001226563925,0.9668162024195229,0.6790288263051187,0.4246458999554277,0.37795044387355947,1,1
13366,22656,7,658,0.6915197361450353,3434,250,6.15401769229969,3.0358529143857393,0.39058652112871106,0.44299055977211244,0.5695298102526194,0.13949905580610206,1,1
25901,28453,8,4042,0.4174980032060284,5644,243,3.3491723342412074,16.042092428732577,0.5566235669555893,0.669405214591803,0.5731347474003899,0.16685078763483852,1,1
14226,24618,2,3144,0.8601435565231009,2372,216,10.865165944920665,19.716774395992438,0.699078629463999,0.834140701339285,0.2713862761248424,0.4601585863555975,1,1
29689,14934,16,2511,0.9599633832130933,5656,85,7.330253069291306,5.442235271268674,0.592423822077805,0.5405123230235676,0.6030654691210546,0.8025110158289082,1,1
22330,12769,21,1272,0.38842324032150954,1542,119,11.123117914135896,26.809156782240994,0.38675103000918165,0.7647722653996339,0.6740480434983381,0.36437360368734784,1,1
12891,26286,22,660,0.6004648567683711,6678,280,10.718194864972382,28.41517186557885,0.6240792879498264,0.47738089890669333,0.4880093938987434,0.751206983755037,1,1
12992,10612,19,2932,0.6620102686942384,3934,84,10.447236030868766,36.29825459982642,0.6501115304401613,0.43684733306672063,0.3087936057760787,0.14738236842123853,1,1
9961,21876,14,3490,0.44374128645012284,1941,60,3.5344685137677354,46.87050148094267,0.5849684753263368,0.5805447235993323,0.49085966733297126,0.4346726260920505,1,1
20497,19205,3,1924,0.9053337265810414,2345,183,8.762982776780891,30.10955562274278,0.20511066075237083,0.599090299967789,0.6897843202810587,0.20832421548189506,1,1
27247,26129,20,4228,0.5318557727296281,4001,313,14.898065000080065,6.247587914004434,0.505981358152432,0.8370461634349455,0.7203774086696109,0.8340160850469559,1,1
18848,16934,16,2056,0.8511254655604225,2041,53,6.699867676486491,5.160639432551791,0.8843568097607005,0.6444504008114081,0.025213301703598836,0.9227474758132697,1,1
21255,13095,13,540,0.7794364684981223,966,264,8.823219837319076,37.54470259156744,0.8686018780322435,0.4019903330117246,0.09791884670478046,0.3767733547515426,1,1
12567,28958,16,1275,0.732749326378895,3444,278,9.648221240284423,31.565704041188557,0.7507879249960111,0.755759678947453,0.003611238342299572,0.9405332616660486,1,1
24079,7240,19,2613,0.47297142316579477,4794,296,15.735066657763788,8.609976551208403,0.697195514437225,0.6503220863142702,0.3939537458878568,0.739461426196703,1,1
14513,21706,15,1605,0.49125025315257964,2091,295,12.317396192229312,12.907918716126101,0.15327913776045088,0.5622516483618023,0.3491127419842106,0.10104881451307574,1,1
23235,13748,7,1087,0.38030297903780436,3315,34,3.153341824815681,36.26129820274836,0.4594646645044492,0.8634200375110311,0.4366413294333727,0.5124810094169056,1,1
28389,8298,13,2728,0.5040559550606505,5830,256,15.775321265782852,27.609321744865387,0.11095130974749412,0.448806265745654,0.5469173855738213,0.8089855414988101,1,1
19755,4861,21,855,0.571083910054729,4572,67,15.229088595454485,28.495002937619333,0.8172844496360196,0.9344559001458965,0.2926269935503221,0.5537940740357591,1,1
19151,17142,24,2409,0.8832129944719522,4072,86,13.935158679886394,10.87040755053175,0.2910432064397511,0.5637993538029511,0.16686181501067632,0.5674666591279778,1,1
24567,26004,7,2949,0.5844913066974754,4836,329,9.189957302260822,30.56572513791244,0.7668658642490939,0.6450025246992817,0.31585630270852794,0.4805446795271495,1,1
11358,23431,10,1859,0.8329579409699881,1693,173,13.999498827515811,37.219543984141,0.8145788915089027,0.9447091171585226,0.0072088005494546975,0.43578303907144256,1,1
17590,26965,5,1663,0.631243060029112,6478,314,9.399244033605495,42.60685459680081,0.8924960974115408,0.8371934923121329,0.6635573414844744,0.1232872441624425,1,1
18988,10320,18,4259,0.8523157196760885,793,347,13.654288316398187,35.62571426644831,0.7538300784877634,0.39755355763508454,0.30698103979755476,0.6284731019967519,1,1
15678,14367,3,889,0.9748138242797055,1421,162,16.021817722046848,28.089655597423757,0.5647290005073813,0.7201099896034372,0.4982306739589598,0.7517173859846467,1,1
13698,20482,17,2049,0.5034985971568513,6358,60,16.193936154654846,32.64318744059851,0.5981849147266962,0.5486322378708448,0.2597804980051476,0.7716511666385637,1,1
9273,8247,15,840,0.9018986316568808,1838,339,9.000546474093001,23.800238738152252,0.3205822768226192,0.6754324798980609,0.49184991107198495,0.6309407188680936,1,1
19241,4734,9,2722,0.7479674152356958,3698,146,15.679154209308482,11.664217426528259,0.1769961913904453,0.8255001866458632,0.43234831487097064,0.3900856621959856,1,1
25480,7663,15,590,0.8730683274167391,5063,153,3.174046778377267,42.463727720280964,0.13063620482378013,0.667550664907936,0.16684746390852975,0.11921821820961279,1,1
17497,8909,3,2390,0.7670149774513954,2914,230,3.180020388531887,26.03326375886899,0.18202352111677145,0.3954540012448289,0.500259219875656,0.8614126151685596,1,1
17107,22800,17,4235,0.6213276846554561,6959,29,10.54640462331342,28.932960623920046,0.9339518874028474,0.6891875319101977,0.08769793548491363,0.4646892856207945,1,1
19273,15818,5,4258,0.4959679612427458,5353,182,12.255436204528438,47.535118946399585,0.16443325420068378,0.36544298659849195,0.38486867746268355,0.6109991313644649,1,1
16002,25686,2,4159,0.39482254421194557,5709,99,4.024397303643644,47.295736878814104,0.7237374449285499,0.5729819887103624,0.5759024471914337,0.2653726639038687,1,1
12247,26977,24,1555,0.6927317532548589,3975,57,9.290970739298885,28.556616294997053,0.18462854331472467,0.6559395346709963,0.4392501774661279,0.22066236023700841,1,1
17220,20064,21,307,0.9838087004971939,2041,308,3.0569840189627304,2.5959913148209104,0.9752897702157737,0.7625910805610416,0.597016853963487,0.17379505588673033,1,1
29698,11163,15,1957,0.822346755209092,2998,74,11.434641511629621,19.61893428810764,0.36658453547569747,0.6739723440778753,0.2185300701561424,0.77895042443563,1,1
27738,21454,9,1556,0.5595011464953706,1407,180,15.60905160642199,45.052784162391795,0.4121364290290699,0.447245958750188,0.039054823992407256,0.6494916062816041,1,1
18703,16358,4,4250,0.8794110720555105,6228,136,13.671043104322143,14.550409841672431,0.4045115787821538,0.9466192409350668,0.04477630210910375,0.6279853701068063,1,1
23472,9668,6,1339,0.8421497601129002,2993,343,7.741810615082976,47.96562820422685,0.8164591840602086,0.7661917905607308,0.21498038826030524,0.8814880855342164,1,1
24654,16016,7,2416,0.5302469077462123,5552,342,17.89759764451251,4.962923762257966,0.21829052474210953,0.5528593824799408,0.32613367371687274,0.23490540333659118,1,1
25570,11001,23,984,0.3591567934683102,2627,335,12.438427111691256,27.701366507243797,0.8310247359056293,0.9682014048838665,0.4300041643006302,0.24472894903986517,1,1
20392,12921,9,4318,0.42562408866172774,3588,217,14.951599168300906,25.22611992821063,0.6570588544420811,0.9148496698297535,0.6061290357903564,0.26104877710418917,1,1
19956,5191,7,2097,0.9114759617997168,6781,215,12.55000689031359,13.001586928281903,0.22028016779692494,0.44183365675402486,0.6716875867940324,0.4598640157254962,1,1
23641,11859,7,2124,0.8854003425951179,6127,349,17.82536880293759,45.584535140319694,0.06540754584091069,0.7694746208682006,0.5549447791179402,0.8430884747601451,1,1
21998,26970,5,3834,0.5389337605621519,5147,68,15.052436159093252,30.10104686987358,0.7749925414389587,0.7084444493353911,0.37056716377814675,0.8492530071512051,1,1
14305,11872,8,362,0.532525072822029,4490,39,10.070483095274769,11.82072932189978,0.21896304581618675,0.4733977106471643,0.21158961269740645,0.6019995760563711,1,1
26782,28548,20,560,0.8574335917455815,4251,16,7.553512786820232,19.0502652984018,0.8890668297228299,0.4994240899129785,0.34224185989914135,0.6594214631839368,1,1
20721,22230,8,3871,0.9501519807330701,6717,350,12.7555546809559,34.89778306345694,0.1297852773647391,0.7108152150726206,0.218716921530266,0.8630979920725909,1,1
14995,21847,4,3492,0.8486478443504639,2597,315,11.238659845315647,14.99174549672674,0.6163645648075022,0.5556245019737454,0.4995700910967957,0.6305861121441427,1,1
20427,26221,9,1788,0.7375703532996873,3674,252,11.884284751954498,42.34149149687551,0.6921683937215112,0.8842921159008993,0.6545654883959263,0.2953297261600235,1,1
21782,7922,2,1430,0.5053096642123549,887,116,7.15969414368199,8.786673204008334,0.6577024145572191,0.4125531105960154,0.41455099486427527,0.6991769580818086,1,1
28566,7392,2,654,0.6864786650209669,798,329,8.574018939414149,13.431739223647888,0.31602981449625445,0.934979694849352,0.03667157972740789,0.7544071579968138,1,1
10230,22567,15,3074,0.49944758949968937,4934,95,10.708593485695722,7.8102348282067,0.8755235232204682,0.8879536314037054,0.7517989023331948,0.6400429297326032,1,1
14511,16541,7,888,0.8671273088619351,3960,298,15.34817613171041,5.89640542169642,0.7698053167487472,0.8227190291927979,0.23542720944189321,0.3325340439259753,1,1
24512,22551,11,904,0.5976550908913518,4561,33,14.087997143087902,15.11482490280456,0.5102063416212808,0.5180430405985047,0.7316082708150532,0.439930172154509,1,1
17461,22381,15,2528,0.8835662188761768,973,16,3.457821863296041,47.9614010777657,0.6032930279384487,0.8075730278669562,0.6504546420215906,0.5000035464997296,1,1
28056,18015,5,473,0.5942298995089441,5211,151,5.551645125319965,5.4334824232984005,0.5663712269473736,0.6308126589559246,0.33050009064743935,0.22350365543122297,1,1
12765,25905,7,653,0.8774556193279305,5557,141,1.9398524613949526,11.01110301682255,0.9466985773454252,0.7556050542266664,0.0453630137473164,0.4843897662909874,1,1
28354,6227,17,3590,0.5633234017057548,5387,342,1.6313493714322584,13.765989556666097,0.8964132367792893,0.5500348270101469,0.7581631235382456,0.23701780982982082,1,1
21272,25948,22,733,0.6316849309553088,3713,161,5.202195243123989,30.099095170193582,0.23549728515607005,0.8849490264371384,0.5272429337531992,0.5245339824619274,1,1
13552,5024,2,3252,0.7439125883793007,5789,263,14.68879564215394,36.03124773116907,0.2627597777150451,0.37596870356408196,0.1997231860715128,0.14318914476986824,1,1
8627,19713,7,558,0.39498407297914795,4608,91,16.428336359877385,36.34088271814015,0.9814380721324324,0.7925342378853868,0.42682896274843984,0.9062517681670224,1,1
19989,5486,10,1167,0.9568525195618972,948,162,7.964178037326868,1.4058911511250662,0.2365607019528687,0.8803239938453212,0.5082964071012469,0.30939313462937845,1,1
21780,4155,16,2906,0.7171077031192341,2721,190,10.792776844010197,31.636971563574868,0.9534793244825952,0.7637139937048955,0.1813274617157511,0.4969621633789676,1,1
14589,13082,13,3945,0.6750048094021135,6293,348,13.149867932263783,30.64463333025384,0.6497537050967451,0.47287474056275997,0.07483239986937758,0.12783935005250427,1,1
10044,7477,4,895,0.8872121415167438,2482,313,17.223455537653486,25.329770048824226,0.05010943904106757,0.5323876990593683,0.2139724366677304,0.26381329386974345,1,1
21171,21569,12,693,0.9040881471339697,5751,233,16.563381915407625,18.82280238597668,0.3357271994608336,0.6795393884817602,0.03808213460930068,0.6892582430585407,1,1
26725,10086,16,2410,0.6842466588985703,4111,8,2.443673005792769,38.479877280677805,0.4761540719128916,0.5608474043342356,0.0559892081958874,0.19503051266805987,0,0
13884,5317,4,4164,0.9434478885079278,3142,61,5.594736412953133,17.162397385367555,0.8330928914504517,0.3531465098926069,0.12526803479460505,0.6339267868194945,1,1
16185,6621,15,4439,0.3914321702889476,2420,32,2.310884975260422,11.810576789010259,0.3285854132753516,0.3760339919645105,0.1267250965184835,0.10175855771918899,0,0
8249,7491,3,2500,0.4224645070407792,6494,20,11.672949946319347,15.574473204677808,0.31057831212454645,0.8413717958464055,0.1983612679466532,0.495257926926314,1,1
